위도,경도,제한속도,단속구분,방위
35.48196,127.68892,60,과속단속,-1
35.53924,127.74010,50,과속단속,-1
35.46734,127.77158,30,과속단속,-1
35.54129,127.81865,60,과속단속,-1
35.55617,127.71058,50,과속단속,-1
35.62944,127.72753,60,과속단속,-1
35.48535,127.69470,60,과속단속,275
35.37768,127.66059,40,과속단속,-1
35.60084,127.77566,60,과속단속,-1
35.51772,127.75992,40,과속단속,-1
35.57223,127.73823,50,과속단속,-1
35.49290,127.80102,50,과속단속,-1
35.52289,127.73140,30,과속단속,-1
35.52026,127.72636,30,과속단속,-1
35.68455,127.68763,30,과속단속,-1
35.68391,127.68571,30,과속단속,-1
35.64829,127.69832,40,과속단속,-1
35.53062,127.68877,30,과속단속,-1
35.52023,127.71928,30,과속단속,-1
35.38590,127.65981,30,과속단속,-1
35.47650,127.73676,30,과속단속,-1
35.47240,127.79343,30,과속단속,-1
35.61736,127.79303,60,과속단속,-1
35.52996,127.71317,60,과속단속,-1
35.55190,127.76809,60,과속단속,-1
35.50361,127.71820,30,과속단속,-1
35.52505,127.76524,70,과속단속,-1
35.62902,127.78536,60,과속단속,-1
35.69833,127.68628,60,과속단속,-1
35.62633,127.73871,60,과속단속,-1
35.63711,127.71431,60,과속단속,-1
35.54389,127.78096,80,과속단속,165
35.63371,127.79599,60,과속단속,-1
35.53092,127.69601,60,과속단속,-1
35.53145,127.67628,60,과속단속,-1
35.53456,127.73821,60,과속단속,-1
35.54499,127.75982,60,과속단속,-1
35.43905,127.76014,60,과속단속,-1
35.59587,127.80128,80,과속단속,26
35.56416,127.78280,80,과속단속,21
35.63544,127.81323,80,과속단속,327
35.51221,127.80994,80,과속단속,134
36.65578,128.45079,30,보호구역,-1
35.65025,128.75055,60,과속단속,170
35.62884,128.56929,60,과속단속,-1
35.66158,128.67253,60,과속단속,-1
35.66260,128.67245,60,과속단속,-1
35.70414,128.81297,60,과속단속,-1
35.62126,128.76250,60,과속단속,-1
35.64856,128.73232,30,과속단속,-1
35.64866,128.73220,30,과속단속,-1
35.64938,129.03068,50,과속단속,-1
35.67577,128.86589,60,과속단속,-1
35.71374,128.88594,70,과속단속,-1
35.65686,128.69675,70,과속단속,295
35.69904,128.68737,60,과속단속,131
35.69281,128.89535,60,과속단속,209
35.69162,128.89514,60,과속단속,-1
35.62878,128.59625,60,과속단속,-1
35.71226,128.90950,60,과속단속,-1
35.64118,128.66359,70,과속단속,119
35.65020,128.73227,60,과속단속,-1
35.65026,128.73200,60,과속단속,-1
35.73745,128.86630,70,과속단속,-1
35.66247,128.74759,60,과속단속,175
35.68639,128.68476,60,과속단속,161
35.66666,128.69737,60,과속단속,-1
35.64961,128.72522,80,과속단속,-1
34.55153,126.80449,60,보호구역,9
34.63381,126.76634,50,보호구역,-1
34.53627,126.79425,60,보호구역,-1
34.51385,126.72229,40,보호구역,-1
34.61479,126.78890,60,보호구역,-1
34.56935,126.79821,80,보호구역,316
34.65171,126.73082,80,보호구역,300
34.69427,126.71150,80,보호구역,336
34.62735,126.78497,80,보호구역,258
34.64817,126.73792,80,보호구역,120
34.59138,126.73172,80,보호구역,36
34.70194,126.70818,80,보호구역,163
34.55624,126.72514,60,보호구역,-1
34.52540,126.79213,60,보호구역,-1
34.62651,126.76480,80,보호구역,318
34.61955,126.75116,80,보호구역,-1
34.61978,126.75087,80,보호구역,-1
35.58291,127.39761,30,보호구역,-1
35.73274,127.58724,30,보호구역,-1
35.73049,127.58763,30,보호구역,-1
35.65050,127.51689,30,보호구역,-1
35.65375,127.52026,30,보호구역,-1
35.62544,127.50626,30,보호구역,-1
35.64909,127.52097,30,보호구역,-1
35.56750,127.55652,30,보호구역,-1
35.53421,127.54600,30,보호구역,-1
35.58599,127.39510,30,보호구역,-1
35.78761,127.61499,30,보호구역,-1
35.70264,127.57785,30,보호구역,-1
35.78737,127.61491,30,보호구역,-1
35.53448,127.54623,30,보호구역,-1
35.73154,127.58201,30,보호구역,-1
35.73561,127.53264,30,보호구역,-1
35.57844,127.40406,60,과속단속,-1
35.70318,127.52052,60,과속단속,-1
35.74887,127.53941,60,과속단속,-1
35.74923,127.53927,60,과속단속,-1
35.58928,127.50499,60,과속단속,-1
35.58899,127.50540,60,과속단속,-1
35.54966,127.49563,60,과속단속,-1
35.74559,127.56789,60,과속단속,-1
35.72909,127.59386,60,과속단속,-1
35.73645,127.58391,60,과속단속,109
35.73683,127.58429,60,과속단속,6
35.68386,127.51685,60,과속단속,-1
35.52171,127.53522,60,과속단속,-1
35.74578,127.58786,60,과속단속,-1
35.70137,127.57721,30,보호구역,-1
35.72653,127.59819,40,과속단속,-1
35.62443,127.50614,30,보호구역,-1
35.67037,127.52244,60,과속단속,-1
35.78534,127.61232,60,과속단속,-1
35.70465,127.57889,60,과속단속,-1
35.68722,127.56235,60,과속단속,-1
35.72393,127.52725,60,과속단속,-1
35.55873,127.49252,40,과속단속,-1
35.55873,127.49250,40,과속단속,-1
35.60370,127.50931,60,과속단속,-1
36.36857,126.79551,60,과속단속,-1
36.43824,126.95582,30,보호구역,-1
36.49366,126.80326,60,과속단속,-1
36.54711,126.85103,60,과속단속,-1
36.43374,127.01543,70,과속단속,-1
36.41132,126.95112,30,보호구역,-1
36.37014,126.93480,60,과속단속,-1
36.36091,126.79190,30,보호구역,-1
36.49040,126.78910,70,과속단속,164
36.46783,126.79864,70,과속단속,177
36.46080,126.79758,70,과속단속,13
36.41268,126.70222,70,과속단속,35
36.42554,126.71788,70,과속단속,220
36.44509,126.73642,70,과속단속,-1
36.45159,126.73725,30,보호구역,-1
36.46079,126.84201,70,과속단속,48
36.46492,126.86954,70,과속단속,67
36.42568,126.95503,70,과속단속,331
36.40927,126.99313,70,과속단속,-1
36.42710,127.00567,70,과속단속,61
36.38039,126.93641,60,과속단속,-1
36.40784,126.95780,60,과속단속,-1
36.43907,126.84308,60,과속단속,-1
36.51798,126.79501,70,과속단속,19
36.40311,126.94177,60,과속단속,-1
36.42910,126.79519,60,과속단속,-1
36.52489,126.84629,30,보호구역,-1
36.43769,126.95553,30,보호구역,-1
36.34491,126.89871,30,보호구역,-1
36.42586,126.71461,30,보호구역,-1
36.44606,126.82870,30,보호구역,-1
36.45318,126.80597,30,보호구역,-1
36.41467,126.94710,30,보호구역,-1
36.45414,126.80122,30,보호구역,-1
36.51643,126.78699,30,보호구역,-1
36.43043,126.71687,30,보호구역,-1
36.39994,126.77722,30,보호구역,-1
36.44869,126.78799,30,보호구역,-1
36.45149,126.79840,30,보호구역,257
36.37313,126.93558,50,보호구역,-1
36.42057,127.00619,30,보호구역,-1
36.40027,126.77675,30,보호구역,-1
36.41454,126.94590,30,보호구역,-1
36.44592,126.82961,30,보호구역,-1
36.76133,126.45328,60,과속단속,97
36.84440,126.47526,70,과속단속,-1
36.77834,126.44266,40,과속단속,-1
36.77897,126.44415,40,과속단속,-1
36.77929,126.46833,50,과속단속,223
36.77111,126.45980,50,과속단속,40
36.78604,126.51522,80,과속단속,65
36.78603,126.51522,80,과속단속,65
36.91603,126.44248,70,과속단속,184
36.91726,126.44282,70,과속단속,6
36.90279,126.44241,70,과속단속,181
36.76774,126.46194,30,과속단속,-1
36.76765,126.46149,30,과속단속,-1
36.78128,126.45512,30,과속단속,-1
36.77863,126.44738,30,과속단속,-1
36.76851,126.44660,30,과속단속,-1
36.76895,126.44383,30,과속단속,-1
36.78424,126.46831,30,과속단속,-1
36.80913,126.44010,70,과속단속,177
36.80977,126.44019,70,과속단속,356
36.77458,126.46332,40,과속단속,220
36.76792,126.46169,30,과속단속,-1
36.68151,126.57999,70,과속단속,314
36.73715,126.51753,80,과속단속,141
36.73908,126.51597,80,과속단속,326
36.76034,126.48552,60,과속단속,-1
36.81116,126.58267,30,과속단속,-1
36.86687,126.43653,30,과속단속,-1
36.97621,126.38809,50,과속단속,-1
36.93905,126.43559,30,과속단속,-1
36.93932,126.43624,30,과속단속,-1
36.66768,126.53054,30,과속단속,-1
36.66765,126.53082,30,과속단속,-1
36.78702,126.46334,40,과속단속,-1
36.78710,126.46334,40,과속단속,-1
36.74385,126.44858,30,과속단속,-1
36.74385,126.44853,30,과속단속,-1
36.77027,126.46427,30,과속단속,-1
36.76998,126.46382,30,과속단속,-1
36.76691,126.45109,30,과속단속,-1
36.78291,126.46691,30,과속단속,-1
36.76948,126.44588,30,과속단속,-1
36.78466,126.44517,30,과속단속,-1
36.73313,126.49842,30,과속단속,-1
36.81508,126.34328,60,과속단속,-1
36.97038,126.41196,70,과속단속,179
36.77722,126.45188,40,과속단속,352
36.86338,126.43332,70,과속단속,347
36.86314,126.43321,70,과속단속,163
36.83231,126.49853,50,과속단속,132
36.83257,126.49859,50,과속단속,312
36.97604,126.38490,30,과속단속,-1
36.72622,126.51937,30,과속단속,-1
36.76926,126.46368,30,과속단속,-1
36.76773,126.45930,30,과속단속,-1
36.76672,126.45997,30,과속단속,-1
36.77647,126.44625,30,과속단속,-1
36.77774,126.44643,30,과속단속,-1
36.75706,126.42466,30,과속단속,-1
36.75405,126.42281,30,과속단속,-1
36.81098,126.58196,30,과속단속,-1
36.71372,126.39539,30,과속단속,-1
36.77583,126.40066,30,과속단속,-1
36.82367,126.44945,30,과속단속,-1
36.82361,126.44945,30,과속단속,-1
36.76854,126.44894,30,과속단속,-1
36.76138,126.45323,60,과속단속,-1
36.87727,126.43966,70,과속단속,204
36.77012,126.43426,50,과속단속,64
36.76768,126.42145,80,과속단속,260
36.83162,126.50014,70,과속단속,286
36.82148,126.45147,50,과속단속,-1
36.77006,126.45177,50,과속단속,289
36.77348,126.44248,50,과속단속,37
36.98994,126.43189,80,과속단속,80
36.98996,126.43189,80,과속단속,80
36.85828,126.45684,70,과속단속,-1
36.93446,126.43717,50,과속단속,321
36.77255,126.44858,40,과속단속,-1
36.82807,126.51450,70,과속단속,-1
36.82809,126.51450,70,과속단속,109
36.80651,126.54729,70,과속단속,322
36.77458,126.46332,50,과속단속,220
36.68493,126.57947,70,과속단속,170
36.82409,126.45002,30,과속단속,-1
36.82431,126.45002,30,과속단속,-1
36.89145,126.43988,70,과속단속,186
36.77495,126.43858,50,과속단속,152
36.94202,126.42994,50,과속단속,339
36.84371,126.43988,70,과속단속,170
36.96730,126.41238,70,과속단속,162
36.96862,126.41201,70,과속단속,176
36.76477,126.44675,30,과속단속,-1
36.76854,126.44893,30,과속단속,-1
36.74933,126.50658,60,과속단속,131
36.77326,126.46744,50,과속단속,310
36.77377,126.46629,50,과속단속,130
36.83506,126.44154,70,과속단속,-1
36.66907,126.52570,80,과속단속,65
36.66928,126.52066,80,과속단속,-1
36.94712,126.42746,50,과속단속,-1
36.94723,126.42763,50,과속단속,-1
36.99047,126.39865,60,과속단속,74
36.99042,126.39865,60,과속단속,74
36.82407,126.45002,50,과속단속,-1
36.76042,126.48592,60,과속단속,-1
36.76117,126.45311,50,과속단속,-1
36.76632,126.46913,60,과속단속,35
36.77753,126.46102,40,과속단속,-1
36.76269,126.44047,60,과속단속,107
36.76298,126.43883,60,과속단속,98
36.78500,126.47497,50,과속단속,223
36.78370,126.43712,50,과속단속,145
36.93986,126.43079,50,과속단속,145
36.93862,126.43286,50,과속단속,314
36.97169,126.41006,30,과속단속,-1
36.97067,126.41076,30,과속단속,-1
36.71705,126.39387,30,과속단속,-1
36.77849,126.44491,30,과속단속,-1
36.81112,126.58267,30,과속단속,-1
36.74620,126.48335,30,과속단속,-1
36.70575,126.51044,30,과속단속,78
36.76171,126.50916,30,과속단속,-1
36.75993,126.51188,30,과속단속,-1
36.66129,126.40070,30,과속단속,-1
36.66172,126.40056,30,과속단속,-1
36.75199,126.37208,30,과속단속,-1
36.82365,126.44945,30,과속단속,-1
36.82368,126.44945,30,과속단속,-1
36.71762,126.53866,30,과속단속,-1
36.71489,126.54566,30,과속단속,-1
36.75583,126.42703,30,과속단속,-1
36.75477,126.42675,30,과속단속,-1
36.79810,126.52043,30,과속단속,-1
36.81110,126.58267,30,과속단속,-1
36.83822,126.47019,30,과속단속,-1
36.84471,126.47496,70,과속단속,300
36.90173,126.44250,70,과속단속,5
36.76767,126.44339,30,과속단속,-1
36.98908,126.42539,70,과속단속,233
36.82091,126.44828,30,과속단속,-1
36.69856,126.39202,30,과속단속,95
36.77571,126.45183,30,과속단속,-1
36.83797,126.46188,30,과속단속,-1
36.77044,126.47163,60,과속단속,310
36.77070,126.47101,60,과속단속,130
36.77000,126.45177,50,과속단속,109
36.78365,126.44191,30,과속단속,-1
36.76787,126.46027,30,과속단속,-1
36.72011,126.53458,80,과속단속,335
36.71970,126.53459,80,과속단속,170
36.81957,126.44008,70,과속단속,8
36.76974,126.47201,60,과속단속,215
36.77027,126.47218,60,과속단속,265
36.77835,126.47989,60,과속단속,214
36.77811,126.47987,60,과속단속,35
36.78583,126.48595,60,과속단속,122
36.77915,126.57112,60,과속단속,-1
36.79502,126.53772,80,과속단속,57
36.78631,126.44277,40,과속단속,-1
36.79927,126.46542,40,과속단속,-1
36.83162,126.50016,50,과속단속,286
36.98759,126.36512,70,과속단속,89
36.98756,126.36512,70,과속단속,-1
36.91052,126.44184,70,과속단속,195
36.72867,126.43959,50,과속단속,-1
36.78446,126.44041,40,과속단속,-1
36.76407,126.46708,60,과속단속,-1
36.77943,126.44562,30,과속단속,-1
36.80045,126.51971,30,과속단속,-1
36.81243,126.58215,30,과속단속,-1
36.70847,126.39145,70,과속단속,141
36.70763,126.39205,70,과속단속,141
36.72309,126.40212,70,과속단속,46
36.72425,126.40114,70,과속단속,-1
36.73802,126.42102,70,과속단속,26
36.73776,126.42056,70,과속단속,-1
36.74715,126.42907,70,과속단속,31
36.74752,126.42940,70,과속단속,24
36.75927,126.43009,70,과속단속,-1
36.75926,126.43002,70,과속단속,-1
36.71720,126.54399,30,과속단속,-1
36.66803,126.53281,30,과속단속,-1
36.78600,126.46355,30,과속단속,-1
36.78427,126.46813,30,과속단속,-1
36.76932,126.46348,30,과속단속,-1
36.76960,126.46320,30,과속단속,-1
36.78704,126.45572,30,과속단속,-1
37.60272,127.13528,50,과속단속,-1
37.63856,127.13974,50,보호구역,19
37.63826,127.13937,50,보호구역,-1
37.60983,127.13418,30,보호구역,-1
37.63079,127.12050,30,보호구역,-1
37.58809,127.13205,30,보호구역,-1
37.60547,127.13074,30,보호구역,-1
37.59169,127.14277,30,보호구역,-1
37.60664,127.14287,30,보호구역,-1
37.60666,127.14333,30,보호구역,-1
37.60658,127.14184,30,보호구역,-1
37.60824,127.14136,30,보호구역,-1
37.58746,127.13451,30,보호구역,-1
37.58757,127.13486,40,보호구역,90
37.59013,127.14366,30,보호구역,-1
37.59190,127.14224,30,보호구역,-1
37.58997,127.14324,30,보호구역,-1
37.60829,127.14099,30,보호구역,-1
37.62852,127.11535,30,보호구역,-1
37.59461,127.13128,50,과속단속,356
37.59717,127.13334,30,보호구역,-1
37.60446,127.13354,50,보호구역,29
37.60781,127.13080,50,보호구역,-1
37.61119,127.14012,60,과속단속,-1
37.61096,127.14066,60,과속단속,78
37.63961,127.14683,70,과속단속,114
37.62533,127.11834,100,과속단속,50
37.57875,127.13165,100,과속단속,267
37.61925,127.13980,60,과속단속,234
37.64136,127.11177,60,과속단속,218
37.57813,127.15334,70,과속단속,168
37.62912,127.11564,30,보호구역,-1
37.57467,127.12659,40,과속단속,319
37.57439,127.12652,40,과속단속,93
37.57437,127.12649,40,과속단속,150
37.60259,127.14502,50,과속단속,60
37.59446,127.15063,60,과속단속,-1
37.63516,127.12256,30,과속단속,-1
37.63695,127.12332,50,과속단속,-1
37.63713,127.12456,30,과속단속,-1
37.60066,127.13580,50,과속단속,275
37.60395,127.14025,30,보호구역,-1
37.61088,127.13204,30,과속단속,-1
37.60462,127.14206,30,보호구역,-1
37.60123,127.12441,50,과속단속,93
37.59172,127.13126,60,과속단속,185
37.62623,127.11092,60,과속단속,-1
37.60392,127.13491,30,과속단속,-1
37.60468,127.11472,100,과속단속,182
37.61219,127.13781,50,과속단속,182
37.61806,127.14369,50,과속단속,-1
37.61140,127.13342,30,보호구역,-1
37.59076,127.13792,60,과속단속,-1
37.59413,127.15235,60,과속단속,-1
37.59398,127.15084,50,과속단속,-1
37.63762,127.11772,60,과속단속,-1
37.60036,127.13074,60,과속단속,6
37.63611,127.12165,50,과속단속,-1
37.63654,127.12163,50,과속단속,-1
37.58747,127.14737,30,보호구역,6
37.60068,127.14714,30,보호구역,-1
37.60976,127.13404,30,보호구역,-1
37.61010,127.13053,30,보호구역,-1
37.58275,127.12589,30,보호구역,-1
37.59772,127.14363,50,과속단속,-1
37.60831,127.14119,30,보호구역,-1
37.59222,127.13782,30,보호구역,-1
37.59309,127.15262,30,보호구역,-1
37.59731,127.13302,30,보호구역,-1
37.58687,127.13474,30,보호구역,-1
37.58775,127.13193,40,보호구역,-1
37.62980,127.12008,30,보호구역,-1
37.62983,127.12036,30,보호구역,-1
37.62866,127.11561,30,보호구역,-1
37.60120,127.14105,50,과속단속,163
37.60755,127.13431,40,보호구역,348
37.63014,127.12149,50,과속단속,-1
37.58772,127.13032,60,과속단속,1
37.62982,127.14134,50,과속단속,82
37.62982,127.14091,60,과속단속,193
37.60800,127.13085,50,보호구역,-1
37.57940,127.14587,60,과속단속,-1
37.57670,127.14558,80,과속단속,93
37.63861,127.12002,60,과속단속,-1
37.59436,127.15096,60,과속단속,-1
37.61654,127.13789,60,과속단속,4
37.57374,127.12221,60,과속단속,22
37.56423,127.11520,60,과속단속,194
37.60104,127.13082,60,과속단속,14
37.64091,127.12831,60,과속단속,282
37.58673,127.14554,60,과속단속,101
37.38839,126.96046,30,보호구역,-1
37.39058,126.97555,30,보호구역,-1
37.39113,126.97510,30,보호구역,-1
37.39670,126.97829,30,보호구역,-1
37.40691,126.96953,30,보호구역,-1
37.40677,126.96984,30,보호구역,-1
37.40510,126.90106,30,보호구역,-1
37.40738,126.90055,50,과속단속,-1
37.41679,126.90790,30,보호구역,-1
37.38994,126.90782,30,과속단속,-1
37.39092,126.90784,30,과속단속,-1
37.40664,126.91674,30,보호구역,-1
37.40401,126.92184,30,보호구역,-1
37.40456,126.92253,30,보호구역,-1
37.38555,126.95369,30,보호구역,-1
37.38752,126.95378,30,보호구역,-1
37.39828,126.96137,30,보호구역,-1
37.39675,126.95784,30,보호구역,-1
37.40594,126.95823,30,과속단속,-1
37.40595,126.95662,30,과속단속,-1
37.39885,126.94728,30,보호구역,-1
37.41527,126.90877,30,보호구역,-1
37.43079,126.90399,60,과속단속,-1
37.39071,126.94985,50,과속단속,-1
37.40407,126.96264,50,과속단속,257
37.40407,126.96264,60,과속단속,257
37.40361,126.94359,30,보호구역,-1
37.37612,126.96267,50,과속단속,159
37.39355,126.97928,30,보호구역,-1
37.40576,126.96915,30,보호구역,-1
37.40140,126.96082,30,보호구역,-1
37.39479,126.93990,30,보호구역,-1
37.39963,126.93363,30,보호구역,-1
37.39950,126.93346,30,보호구역,-1
37.39794,126.93885,30,보호구역,-1
37.39134,126.91459,30,보호구역,-1
37.38415,126.95934,50,과속단속,157
37.38438,126.95989,50,과속단속,338
37.38394,126.95598,50,과속단속,-1
37.39272,126.90956,50,과속단속,-1
37.39169,126.90943,50,과속단속,-1
37.41682,126.91781,30,과속단속,-1
37.41682,126.91781,30,보호구역,-1
37.40687,126.90765,50,과속단속,-1
37.40192,126.90078,30,보호구역,-1
37.40050,126.92720,30,보호구역,-1
37.39346,126.91405,30,보호구역,-1
37.37798,126.96588,30,보호구역,-1
37.40303,126.89627,50,과속단속,-1
37.39136,126.94485,60,과속단속,135
37.39671,126.97682,50,과속단속,307
37.39383,126.96030,50,과속단속,-1
37.39483,126.96234,50,과속단속,-1
37.37139,126.96083,60,과속단속,-1
37.39935,126.97745,60,과속단속,-1
37.38699,126.95319,50,과속단속,-1
37.39658,126.96954,50,과속단속,-1
37.39591,126.96352,50,과속단속,-1
37.40142,126.95071,60,과속단속,-1
37.39791,126.94022,60,과속단속,-1
37.41712,126.90628,50,과속단속,-1
37.41700,126.90715,50,과속단속,-1
37.39467,126.92943,50,과속단속,-1
37.38325,126.93437,50,과속단속,-1
37.40598,126.92345,60,과속단속,148
37.39645,126.93895,60,과속단속,313
37.39929,126.95960,50,과속단속,-1
37.39653,126.94340,50,과속단속,-1
37.36630,126.95652,50,과속단속,-1
37.38831,126.92441,30,과속단속,313
37.37352,126.95759,60,과속단속,349
37.39154,126.94298,30,과속단속,-1
37.37829,126.96956,60,과속단속,210
37.38224,126.95048,30,보호구역,339
37.37748,126.95407,50,과속단속,-1
37.40628,126.94398,30,보호구역,-1
37.38398,126.93432,50,과속단속,-1
37.38321,126.93498,50,과속단속,-1
37.39575,126.92904,30,과속단속,-1
37.37970,126.93812,50,과속단속,-1
37.40408,126.92236,30,보호구역,-1
37.42058,126.90887,50,과속단속,319
37.39454,126.92540,50,과속단속,-1
37.38004,126.93689,60,과속단속,-1
37.43132,126.90352,50,과속단속,168
37.39605,126.91508,50,과속단속,-1
37.40134,126.91951,50,과속단속,-1
37.39591,126.96352,30,보호구역,-1
37.40142,126.95071,30,보호구역,-1
37.39244,126.92906,30,보호구역,-1
37.39667,126.91386,30,보호구역,-1
37.40065,126.90326,30,보호구역,-1
37.40605,126.91795,30,보호구역,-1
37.41153,126.89253,50,과속단속,93
37.39582,126.91530,50,과속단속,-1
37.36593,126.95812,60,과속단속,187
37.39033,126.96398,50,과속단속,-1
37.39573,126.97587,60,과속단속,200
37.39127,126.97408,60,과속단속,20
37.39969,126.93951,60,과속단속,-1
37.37980,126.95731,30,보호구역,-1
37.38051,126.95641,30,보호구역,-1
37.37410,126.95300,30,보호구역,-1
37.38646,126.96499,30,보호구역,-1
37.38415,126.96474,30,보호구역,-1
37.39033,126.96398,30,보호구역,-1
37.38957,126.96491,30,보호구역,-1
37.37857,126.95700,50,과속단속,63
37.38019,126.95983,30,과속단속,62
37.39764,126.93476,60,과속단속,116
37.37998,126.96403,50,과속단속,-1
37.39195,126.94868,30,보호구역,-1
37.41075,126.96919,30,보호구역,-1
37.37802,126.96748,30,보호구역,-1
37.37851,126.96614,30,보호구역,-1
37.39476,126.94651,30,보호구역,-1
37.39903,126.95943,30,보호구역,-1
37.39384,126.98090,30,보호구역,-1
37.38793,126.96750,30,보호구역,-1
37.38688,126.96947,30,보호구역,-1
37.39036,126.96611,30,보호구역,-1
37.37515,126.96148,30,보호구역,-1
37.38464,126.96474,30,보호구역,-1
37.39936,126.97745,30,보호구역,-1
37.41706,126.90743,30,보호구역,1
37.38594,126.96883,30,보호구역,-1
37.38652,126.97002,30,보호구역,-1
37.39446,126.98122,50,과속단속,-1
37.41153,126.90643,30,과속단속,-1
37.41232,126.90559,30,보호구역,-1
37.39171,126.92849,30,보호구역,-1
37.36546,126.96405,30,보호구역,-1
37.39355,126.97937,30,보호구역,-1
37.40001,126.96135,30,보호구역,-1
37.40546,126.93348,30,보호구역,-1
37.39095,126.95184,50,과속단속,-1
37.37241,126.94720,50,과속단속,-1
37.40844,126.91376,50,과속단속,77
37.38373,126.93379,50,과속단속,-1
37.40320,126.88339,50,과속단속,-1
37.43359,126.91419,50,과속단속,-1
37.36971,126.95648,50,과속단속,70
37.36965,126.95564,50,과속단속,250
37.36781,126.95162,50,과속단속,58
37.37088,126.95897,60,과속단속,-1
37.40049,126.90258,30,보호구역,-1
37.39699,126.91381,30,보호구역,-1
37.40667,126.91440,50,과속단속,-1
37.38609,126.96201,30,보호구역,-1
37.39477,126.94898,30,보호구역,-1
37.37668,126.96093,30,과속단속,-1
37.39867,126.96197,30,보호구역,-1
37.40163,126.89981,30,보호구역,-1
37.39460,126.94029,60,과속단속,-1
37.39130,126.92730,50,과속단속,-1
37.40860,126.88392,50,과속단속,-1
37.38180,126.95121,30,보호구역,-1
37.41051,126.89187,50,과속단속,-1
37.39240,126.93588,30,보호구역,-1
37.39331,126.94462,30,보호구역,-1
37.39549,126.93439,50,과속단속,-1
37.38645,126.95108,60,과속단속,340
36.44686,127.41421,30,과속단속,-1
36.36933,127.43393,30,과속단속,-1
36.42535,127.42693,30,과속단속,-1
36.36927,127.43733,30,과속단속,-1
36.36131,127.44031,30,과속단속,-1
36.36552,127.43380,30,과속단속,-1
36.35035,127.42108,30,과속단속,-1
36.44898,127.42250,30,과속단속,-1
36.36049,127.44654,30,과속단속,-1
36.36772,127.42717,30,과속단속,-1
36.36158,127.45084,30,과속단속,-1
36.34772,127.41285,30,과속단속,-1
36.44700,127.43443,30,과속단속,-1
36.36002,127.45219,30,과속단속,-1
36.36269,127.41134,30,과속단속,-1
36.36039,127.41719,30,과속단속,-1
36.44564,127.41232,30,과속단속,-1
36.43179,127.41955,30,과속단속,-1
36.36958,127.43206,30,과속단속,-1
36.44666,127.40468,30,과속단속,-1
36.36460,127.44508,30,과속단속,-1
36.35476,127.45608,30,과속단속,-1
36.36581,127.42803,30,과속단속,-1
36.35985,127.41383,30,과속단속,-1
37.42226,126.69490,50,보호구역,-1
37.38419,126.63514,30,보호구역,-1
37.38608,126.63346,30,보호구역,-1
37.38494,126.63124,30,보호구역,-1
37.41015,126.61622,30,보호구역,146
37.38419,126.63518,30,보호구역,-1
37.39864,126.64380,30,보호구역,-1
37.39759,126.64153,30,보호구역,-1
37.41730,126.68410,30,보호구역,-1
37.39991,126.63914,30,보호구역,-1
37.37051,126.66149,30,보호구역,-1
37.39331,126.65419,30,보호구역,-1
37.39733,126.64449,30,보호구역,-1
37.39957,126.64552,30,보호구역,-1
37.42414,126.70070,30,보호구역,-1
37.41725,126.68598,30,보호구역,-1
37.47622,126.63377,30,과속단속,139
37.47039,126.64893,50,과속단속,-1
37.47098,126.64940,50,과속단속,9
37.47784,126.65115,50,과속단속,-1
37.48220,126.62740,30,보호구역,-1
37.48260,126.62720,30,보호구역,-1
37.48270,126.65860,50,과속단속,173
37.48280,126.65930,50,과속단속,353
37.47384,126.63641,30,보호구역,321
37.48603,126.65081,50,과속단속,-1
37.48656,126.65026,50,과속단속,-1
37.48840,126.65475,50,과속단속,-1
37.47764,126.65085,50,과속단속,-1
37.48426,126.62711,30,보호구역,-1
37.48445,126.62748,30,보호구역,-1
37.48060,126.63306,30,보호구역,-1
37.47437,126.64663,30,보호구역,-1
37.48071,126.64593,30,과속단속,293
37.48193,126.63433,30,보호구역,-1
37.48158,126.63470,30,보호구역,-1
37.47559,126.64360,30,보호구역,-1
37.47385,126.63869,30,보호구역,-1
37.47380,126.63825,30,보호구역,-1
37.48590,126.63012,50,과속단속,285
37.47981,126.63655,30,보호구역,220
37.47995,126.63683,30,보호구역,63
37.47579,126.64441,30,보호구역,-1
37.47304,126.64723,50,과속단속,-1
37.47269,126.64740,50,과속단속,-1
37.47413,126.64879,50,과속단속,-1
37.47452,126.64863,50,과속단속,-1
37.48697,126.62206,50,과속단속,75
37.48697,126.62153,50,과속단속,-1
37.48398,126.63180,30,과속단속,-1
37.48420,126.63157,30,보호구역,-1
37.47908,126.64524,30,보호구역,-1
37.47942,126.64538,30,보호구역,-1
37.48033,126.63289,30,보호구역,-1
37.48196,126.64762,60,과속단속,-1
37.48595,126.63004,50,과속단속,285
37.61087,126.92045,50,보호구역,-1
37.60227,126.91505,50,보호구역,-1
37.61923,126.91396,50,보호구역,-1
37.59706,126.90487,50,보호구역,-1
37.62254,126.92521,50,보호구역,-1
37.60860,126.91752,50,보호구역,-1
37.59895,126.91133,30,보호구역,-1
37.59730,126.92104,50,과속단속,-1
37.63928,126.93809,50,과속단속,-1
37.58635,126.91033,50,과속단속,-1
37.58451,126.90684,50,보호구역,-1
37.58512,126.91835,50,과속단속,-1
37.59030,126.92008,50,과속단속,-1
37.63967,126.93898,50,과속단속,-1
37.60489,126.90702,50,보호구역,-1
37.60744,126.91790,50,보호구역,-1
37.59609,126.91251,50,과속단속,282
37.58691,126.89923,50,보호구역,-1
37.61797,126.92593,50,과속단속,-1
37.61591,126.93279,50,보호구역,-1
37.61345,126.92608,50,보호구역,-1
37.60453,126.92320,50,보호구역,-1
37.61652,126.91408,50,보호구역,-1
37.61483,126.91637,50,과속단속,-1
37.59365,126.92138,50,보호구역,-1
37.60310,126.92225,50,과속단속,-1
37.61124,126.91457,50,보호구역,-1
37.60984,126.90578,50,과속단속,-1
37.58837,126.91581,50,과속단속,-1
37.62066,126.91724,50,과속단속,-1
37.61983,126.92092,50,과속단속,-1
37.58926,126.91972,50,과속단속,-1
37.60443,126.91816,50,과속단속,-1
37.62274,126.92380,30,보호구역,-1
37.60238,126.92565,30,과속단속,-1
37.61394,126.92610,50,과속단속,-1
37.61268,126.92713,50,과속단속,-1
37.58616,126.89049,50,과속단속,-1
37.58147,126.90506,50,보호구역,-1
37.57998,126.90363,50,과속단속,-1
37.58349,126.89435,50,과속단속,-1
37.57772,126.90195,50,과속단속,139
37.59229,126.90738,50,보호구역,-1
37.60311,126.93743,50,과속단속,-1
37.57990,126.90486,50,과속단속,-1
37.60033,126.92514,50,과속단속,-1
37.59027,126.92008,50,과속단속,-1
37.58592,126.91903,50,보호구역,-1
37.60370,126.90915,50,과속단속,-1
37.59389,126.90864,50,과속단속,-1
37.59604,126.90930,50,과속단속,-1
37.59060,126.90758,50,과속단속,-1
37.64226,126.92314,50,과속단속,-1
37.64022,126.92115,50,과속단속,-1
37.64164,126.93693,50,과속단속,-1
37.62071,126.91512,50,과속단속,-1
37.61277,126.90497,50,과속단속,-1
37.59046,126.91811,50,과속단속,-1
37.61868,126.91578,50,과속단속,-1
37.60312,126.93743,50,보호구역,-1
37.59737,126.92397,30,과속단속,-1
37.61959,126.92038,50,과속단속,147
37.63574,126.91934,30,과속단속,-1
37.58405,126.89769,50,과속단속,-1
37.58264,126.89491,50,과속단속,309
37.58598,126.91607,50,과속단속,-1
37.59864,126.91583,50,과속단속,-1
37.64104,126.94135,50,과속단속,-1
37.58464,126.92181,50,보호구역,-1
37.61805,126.93348,30,보호구역,-1
37.58845,126.91866,50,과속단속,-1
37.60234,126.91325,30,보호구역,-1
37.57851,126.90068,50,과속단속,-1
37.64543,126.92922,30,보호구역,-1
37.62625,126.92892,30,보호구역,-1
37.61869,126.91644,30,보호구역,-1
37.61358,126.91930,30,보호구역,-1
37.61309,126.90896,30,보호구역,-1
37.58556,126.90855,50,과속단속,-1
37.60301,126.91132,30,보호구역,-1
37.62030,126.91199,30,보호구역,-1
37.60085,126.93272,60,과속단속,-1
37.63157,126.92782,30,보호구역,-1
37.60995,126.92955,50,과속단속,-1
37.62235,126.93109,30,과속단속,-1
37.60246,126.92882,50,과속단속,-1
37.63427,126.91940,30,보호구역,-1
37.61042,126.92601,50,보호구역,-1
37.61368,126.90992,30,보호구역,-1
37.60389,126.90893,50,보호구역,-1
37.65807,126.94718,50,과속단속,-1
37.60941,126.93495,50,과속단속,-1
37.58285,126.89594,50,과속단속,-1
37.59998,126.91480,50,과속단속,-1
37.57857,126.90065,50,과속단속,-1
37.58564,126.89290,50,과속단속,-1
37.60401,126.91535,50,과속단속,-1
37.61343,126.93072,50,보호구역,-1
37.63294,126.92920,50,보호구역,-1
37.58501,126.89679,30,보호구역,-1
37.60968,126.90666,50,보호구역,-1
37.59755,126.90460,30,보호구역,-1
37.63427,126.91940,50,과속단속,-1
37.58177,126.90489,30,보호구역,-1
37.63501,126.92092,50,보호구역,-1
37.58781,126.92029,50,보호구역,-1
37.58512,126.91835,50,보호구역,-1
37.60059,126.91873,50,과속단속,-1
37.61891,126.92487,50,보호구역,-1
37.61306,126.92215,50,과속단속,-1
37.61795,126.92387,30,보호구역,-1
37.60325,126.92726,30,보호구역,-1
37.59762,126.91685,30,보호구역,-1
37.61257,126.92607,30,보호구역,-1
37.61361,126.92024,30,보호구역,-1
37.62400,126.92518,30,보호구역,-1
37.58807,126.92050,30,보호구역,-1
37.60507,126.90855,30,보호구역,-1
37.64153,126.92186,30,보호구역,-1
37.60590,126.93605,30,보호구역,-1
37.59998,126.91480,50,보호구역,-1
37.61123,126.90983,30,보호구역,-1
37.61220,126.91996,30,보호구역,-1
37.60922,126.90719,30,보호구역,-1
37.59422,126.91663,50,과속단속,-1
37.61862,126.91951,50,과속단속,-1
37.61769,126.92153,50,과속단속,-1
37.60264,126.91683,50,과속단속,-1
37.60211,126.92130,50,과속단속,-1
37.58963,126.91738,50,과속단속,-1
37.59925,126.90940,50,과속단속,-1
37.60750,126.91453,50,과속단속,-1
37.59052,126.91186,50,과속단속,-1
37.60176,126.92353,50,과속단속,-1
37.59642,126.92350,50,과속단속,-1
37.60252,126.91870,50,과속단속,-1
37.59890,126.92043,50,과속단속,-1
37.59948,126.90762,50,과속단속,-1
37.59021,126.91904,50,과속단속,-1
37.59707,126.90722,50,보호구역,-1
37.59925,126.92745,50,보호구역,-1
37.61757,126.92547,50,과속단속,-1
37.60156,126.93369,50,보호구역,-1
37.60118,126.91342,50,보호구역,-1
37.59123,126.90914,50,보호구역,-1
37.58402,126.89773,50,보호구역,-1
37.60244,126.92825,50,과속단속,-1
37.59647,126.90769,50,보호구역,-1
37.61958,126.93328,30,보호구역,-1
37.62116,126.92876,30,보호구역,-1
37.59051,126.92511,30,보호구역,-1
37.61139,126.92732,30,보호구역,-1
37.59344,126.91330,50,보호구역,192
37.59805,126.91216,60,과속단속,181
37.63754,126.91790,40,과속단속,-1
37.61681,126.90641,60,과속단속,-1
37.60063,126.92197,60,과속단속,-1
37.61102,126.92919,60,과속단속,146
37.63356,126.91864,40,과속단속,-1
37.59373,126.91789,60,과속단속,-1
37.61407,126.91013,60,보호구역,19
37.61944,126.91759,30,보호구역,-1
37.60527,126.91060,40,과속단속,-1
37.60976,126.91396,30,보호구역,24
37.61229,126.93216,30,보호구역,-1
37.60115,126.93415,30,보호구역,-1
37.61912,126.91523,30,보호구역,-1
37.61803,126.91814,30,보호구역,-1
37.62625,126.92754,30,보호구역,-1
37.58181,126.90492,30,보호구역,-1
37.59697,126.91867,30,보호구역,-1
37.58831,126.91600,60,과속단속,-1
37.58856,126.91407,60,과속단속,9
37.60128,126.91995,60,과속단속,-1
37.60864,126.92664,60,과속단속,-1
37.61932,126.92145,60,과속단속,330
37.61946,126.92292,60,과속단속,-1
37.62081,126.92470,60,과속단속,-1
37.62961,126.93009,60,과속단속,-1
37.60817,126.92146,60,과속단속,-1
37.63427,126.91940,30,과속단속,-1
37.63899,126.91881,40,과속단속,-1
37.63458,126.92666,40,보호구역,-1
37.63458,126.92666,40,과속단속,-1
37.63392,126.92280,40,과속단속,-1
37.63696,126.91895,40,과속단속,-1
37.60992,126.91992,60,과속단속,-1
37.60668,126.91565,60,과속단속,-1
37.61219,126.91766,60,과속단속,7
37.61658,126.91913,60,과속단속,22
37.64226,126.92314,40,과속단속,-1
37.64365,126.92290,30,보호구역,-1
37.64580,126.92720,40,과속단속,-1
37.64784,126.92966,40,보호구역,-1
37.58889,126.92250,60,과속단속,-1
37.64165,126.94018,30,과속단속,-1
37.64707,126.92808,40,보호구역,-1
37.59254,126.90654,30,보호구역,-1
37.64447,126.92507,40,과속단속,-1
37.63959,126.94022,30,과속단속,-1
37.59880,126.92081,60,과속단속,-1
37.61280,126.91371,60,과속단속,-1
37.61133,126.91759,60,과속단속,-1
37.61099,126.92188,60,과속단속,-1
37.60753,126.92357,60,과속단속,-1
37.60338,126.92175,60,과속단속,-1
37.59812,126.90877,60,보호구역,-1
37.59152,126.91775,60,과속단속,-1
37.58802,126.91638,60,과속단속,-1
37.59899,126.91001,40,과속단속,-1
37.61268,126.91563,60,과속단속,-1
37.60273,126.91030,40,과속단속,-1
37.60745,126.91091,40,보호구역,-1
37.61036,126.91097,40,과속단속,-1
37.61472,126.91296,40,과속단속,-1
37.62073,126.91628,40,과속단속,-1
37.62349,126.91682,40,과속단속,-1
37.62564,126.91812,40,과속단속,-1
37.60057,126.91588,60,과속단속,-1
37.60402,126.91535,60,과속단속,-1
37.60239,126.91615,60,보호구역,-1
37.61095,126.91479,60,과속단속,-1
37.60899,126.91554,30,보호구역,-1
37.59908,126.91699,60,과속단속,70
37.61454,126.91753,60,과속단속,188
37.62344,126.92748,60,과속단속,-1
37.62162,126.92672,60,과속단속,-1
37.58240,126.90538,30,보호구역,-1
37.62221,126.91900,60,과속단속,-1
37.62088,126.91910,60,과속단속,-1
37.61966,126.91987,60,과속단속,-1
37.19614,127.60633,30,보호구역,-1
37.20300,127.54614,30,보호구역,-1
37.17647,127.63396,30,보호구역,-1
37.34549,127.53713,50,과속단속,-1
37.36132,127.55440,50,과속단속,-1
37.40090,127.44271,50,과속단속,-1
37.20471,127.54859,30,보호구역,-1
37.31770,127.62741,80,과속단속,207
37.29857,127.58698,70,과속단속,98
37.32552,127.55513,50,과속단속,-1
37.32961,127.67918,30,보호구역,-1
37.41074,127.56923,30,보호구역,-1
37.26486,127.66208,30,보호구역,-1
37.25872,127.65584,30,보호구역,-1
37.40582,127.50347,30,보호구역,-1
37.38702,127.52953,30,보호구역,-1
37.33740,127.75040,30,보호구역,-1
37.35779,127.55770,30,보호구역,-1
37.29751,127.57237,30,보호구역,-1
37.29898,127.63591,30,보호구역,-1
37.27968,127.63520,30,보호구역,-1
37.19849,127.53903,50,과속단속,86
37.34507,127.51334,60,과속단속,-1
37.39324,127.42092,50,과속단속,-1
37.29266,127.65167,50,과속단속,-1
37.40319,127.54600,60,과속단속,25
37.29530,127.63648,40,과속단속,14
37.29611,127.63657,40,과속단속,195
37.20658,127.54274,60,과속단속,-1
37.26362,127.63033,50,과속단속,-1
37.27933,127.69052,40,과속단속,-1
37.24869,127.59532,70,과속단속,-1
37.24705,127.60073,50,과속단속,-1
37.27691,127.68943,40,과속단속,-1
37.35255,127.71410,50,과속단속,-1
37.29265,127.65210,50,과속단속,-1
37.30176,127.61772,80,과속단속,347
37.35904,127.51349,40,보호구역,-1
37.35862,127.51249,40,보호구역,-1
37.31556,127.55360,60,과속단속,-1
37.27880,127.56422,30,과속단속,-1
37.28627,127.61888,70,과속단속,-1
37.28648,127.61904,70,과속단속,-1
37.27696,127.61077,30,과속단속,-1
37.29497,127.64333,30,과속단속,-1
37.26406,127.60325,70,과속단속,-1
37.30192,127.65868,50,과속단속,-1
37.30545,127.63682,50,과속단속,-1
37.28938,127.63504,40,과속단속,105
37.31958,127.64979,60,과속단속,-1
37.24842,127.62953,70,과속단속,-1
37.17975,127.56435,60,과속단속,-1
37.29557,127.54400,70,과속단속,71
37.29738,127.61025,70,과속단속,-1
37.27672,127.61272,50,보호구역,-1
37.30704,127.64356,30,보호구역,-1
37.23266,127.56880,70,과속단속,-1
37.33229,127.54281,30,보호구역,-1
37.25552,127.64740,60,과속단속,117
37.40411,127.44469,30,보호구역,-1
37.29800,127.63597,30,보호구역,-1
37.29244,127.64469,30,보호구역,-1
37.27884,127.63382,30,보호구역,260
37.27385,127.55755,30,보호구역,-1
37.38009,127.57062,50,과속단속,-1
37.38036,127.57055,50,과속단속,-1
37.19772,127.57248,40,과속단속,-1
37.25809,127.63811,50,과속단속,-1
37.26035,127.63950,50,과속단속,-1
37.36995,127.60397,30,보호구역,-1
37.30983,127.55365,30,보호구역,-1
37.23520,127.52782,30,보호구역,-1
37.19499,127.56258,30,보호구역,-1
37.23882,127.65518,60,과속단속,-1
37.24635,127.59121,70,과속단속,-1
37.31110,127.63146,70,과속단속,-1
37.28243,127.61380,70,과속단속,-1
37.28220,127.62957,50,과속단속,-1
37.31223,127.63348,50,과속단속,-1
37.27620,127.61528,30,보호구역,-1
37.27103,127.62376,60,과속단속,-1
37.29288,127.68148,50,과속단속,-1
37.28845,127.62774,50,과속단속,-1
37.34430,127.49318,60,과속단속,-1
37.34491,127.49356,60,과속단속,-1
37.25808,127.58355,50,과속단속,-1
37.25498,127.64459,70,과속단속,-1
37.25598,127.67585,30,보호구역,-1
37.22858,127.56489,70,과속단속,-1
37.39359,127.53281,30,보호구역,-1
37.26436,127.55664,30,과속단속,-1
37.26633,127.55654,30,과속단속,-1
37.37547,127.51914,60,과속단속,-1
37.28269,127.63582,60,과속단속,87
37.28319,127.63536,60,과속단속,159
37.20176,127.72478,30,보호구역,-1
37.27528,127.55694,30,보호구역,114
37.27592,127.55993,30,보호구역,-1
37.28620,127.61935,80,과속단속,118
37.28678,127.61881,80,과속단속,297
37.34511,127.67364,60,과속단속,-1
37.33699,127.67658,60,과속단속,325
37.20416,127.66181,30,보호구역,-1
37.29819,127.59916,70,과속단속,-1
37.29883,127.55649,70,과속단속,-1
37.27530,127.63783,60,과속단속,172
37.22626,127.56138,70,과속단속,-1
37.29897,127.57148,30,보호구역,-1
37.23794,127.55782,30,보호구역,-1
37.39741,127.43291,50,과속단속,-1
37.38206,127.52401,60,과속단속,-1
37.31728,127.62722,80,과속단속,28
37.40394,127.44527,30,보호구역,-1
37.29445,127.64379,30,보호구역,-1
37.34489,127.63020,30,보호구역,-1
37.33385,127.59417,30,보호구역,-1
37.33347,127.59440,40,보호구역,-1
37.38838,127.55786,60,과속단속,-1
37.33267,127.54287,30,보호구역,-1
37.34485,127.62995,30,보호구역,-1
37.20374,127.66122,30,보호구역,-1
37.37470,127.58823,30,보호구역,-1
37.30008,127.62070,50,과속단속,-1
37.29377,127.62930,50,보호구역,-1
37.37484,127.58827,30,보호구역,-1
37.26940,127.71531,30,보호구역,-1
37.27696,127.61077,30,보호구역,-1
37.29816,127.63588,30,과속단속,-1
37.20468,127.54817,30,보호구역,-1
37.16341,127.63333,60,과속단속,-1
37.18376,127.66287,60,과속단속,351
37.31152,127.64520,30,보호구역,359
37.21092,127.54197,60,과속단속,-1
37.19427,127.55630,60,과속단속,-1
37.21504,127.53533,60,과속단속,-1
37.29789,127.63900,30,보호구역,-1
37.38578,127.60057,60,과속단속,-1
37.27255,127.58883,60,과속단속,-1
37.21150,127.54150,60,과속단속,-1
37.25934,127.63827,50,과속단속,-1
37.21530,127.53408,60,과속단속,-1
37.40498,127.44381,50,과속단속,-1
37.28904,127.63445,50,과속단속,11
37.25613,127.64745,60,과속단속,336
37.31169,127.64621,30,보호구역,-1
37.32744,127.68198,60,과속단속,351
37.21863,127.52989,60,과속단속,-1
37.25525,127.64570,70,과속단속,-1
37.27228,127.61093,70,과속단속,-1
37.19933,127.54145,60,과속단속,-1
37.18084,127.56331,60,과속단속,-1
37.20496,127.55284,70,과속단속,-1
37.20688,127.55329,70,과속단속,-1
37.24493,127.58833,50,과속단속,-1
37.30037,127.56863,70,과속단속,-1
37.38214,127.52393,50,과속단속,-1
37.24060,127.57969,60,과속단속,-1
37.37262,127.58138,60,과속단속,278
37.29774,127.60477,70,과속단속,-1
37.30108,127.65355,50,과속단속,-1
37.22545,127.66471,80,과속단속,-1
37.30487,127.63759,50,과속단속,-1
37.27839,127.63314,30,보호구역,79
37.24197,127.65261,60,과속단속,152
37.24690,127.65060,60,과속단속,-1
37.24840,127.63061,70,과속단속,-1
37.15297,127.64421,110,과속단속,331
37.21384,127.60524,110,과속단속,129
37.32109,127.57068,110,과속단속,314
37.32071,127.57103,110,과속단속,314
37.37662,127.49198,100,과속단속,89
37.18322,127.66275,60,과속단속,172
37.28200,127.66610,70,과속단속,-1
37.29886,127.55592,70,과속단속,280
37.27567,127.63811,60,과속단속,354
37.26443,127.60381,70,과속단속,-1
36.88671,126.64704,50,과속단속,-1
36.94977,126.76323,60,과속단속,-1
36.94780,126.75927,60,과속단속,-1
36.96914,126.59353,60,과속단속,-1
36.94068,126.78693,110,구간단속,53
36.94081,126.78798,110,구간단속,-1
36.94297,126.79402,110,구간단속,87
36.94297,126.79400,110,구간단속,87
36.93981,126.74286,30,보호구역,-1
36.91196,126.68948,30,보호구역,-1
36.88594,126.77140,30,보호구역,-1
37.01422,126.53909,30,보호구역,-1
36.86790,126.61312,30,보호구역,-1
36.81220,126.76214,30,과속단속,-1
36.88344,126.64315,30,보호구역,-1
36.88507,126.63778,30,보호구역,-1
36.88036,126.75537,30,보호구역,-1
36.89786,126.62136,30,보호구역,-1
36.89719,126.63673,30,보호구역,-1
36.89127,126.63143,30,보호구역,-1
36.89821,126.64719,50,과속단속,-1
36.89178,126.64723,50,과속단속,-1
36.90179,126.69799,30,보호구역,9
36.89056,126.65667,50,과속단속,-1
36.89887,126.65219,50,과속단속,-1
36.89887,126.65219,30,보호구역,-1
36.90007,126.65060,50,보호구역,-1
36.97916,126.71205,70,과속단속,-1
36.85764,126.68547,60,과속단속,-1
36.88802,126.65209,30,보호구역,-1
36.96552,126.69005,30,보호구역,-1
36.95733,126.77330,70,과속단속,-1
36.88562,126.64342,50,과속단속,-1
36.90185,126.65389,60,과속단속,-1
36.89526,126.65107,30,보호구역,-1
36.89592,126.65273,50,과속단속,-1
36.90124,126.64760,50,과속단속,360
36.90161,126.69409,30,보호구역,283
36.89803,126.69622,60,과속단속,-1
37.00776,126.49045,70,구간단속,-1
36.97987,126.60720,70,구간단속,-1
36.97227,126.75717,70,과속단속,-1
36.96522,126.69054,30,보호구역,-1
36.88354,126.61808,30,보호구역,-1
36.95185,126.57243,30,보호구역,-1
36.92042,126.80573,70,과속단속,-1
36.80392,126.75941,40,과속단속,-1
36.90205,126.69299,30,보호구역,284
36.95996,126.76879,30,보호구역,-1
36.80436,126.77816,30,보호구역,-1
36.89155,126.63137,30,보호구역,-1
36.89803,126.62188,30,보호구역,332
36.89867,126.63746,30,보호구역,-1
36.83582,126.60316,30,보호구역,-1
36.82371,126.78856,30,보호구역,-1
36.90039,126.50009,30,보호구역,-1
36.90936,126.74958,30,보호구역,-1
36.76463,126.76290,30,보호구역,-1
36.84214,126.71203,30,보호구역,-1
36.84989,126.76372,30,보호구역,-1
36.81667,126.66401,30,보호구역,-1
36.93284,126.67952,30,보호구역,-1
36.90147,126.63924,30,보호구역,-1
36.98778,126.58595,60,과속단속,17
36.88677,126.73974,70,과속단속,-1
36.96796,126.59558,60,과속단속,-1
36.97927,126.71310,70,과속단속,-1
36.83739,126.63031,110,구간단속,-1
36.96840,126.68552,50,과속단속,-1
36.97425,126.68561,50,과속단속,279
36.97796,126.58764,50,과속단속,-1
36.83084,126.75145,70,과속단속,-1
36.86450,126.73263,60,과속단속,-1
36.88410,126.75970,30,과속단속,-1
36.93218,126.73015,60,과속단속,-1
36.99781,126.55717,70,과속단속,-1
36.97577,126.52517,60,과속단속,-1
36.97588,126.52297,60,과속단속,-1
36.85811,126.57986,60,과속단속,-1
36.88972,126.61234,70,과속단속,-1
36.89782,126.63906,30,보호구역,-1
36.89795,126.64019,30,보호구역,-1
36.93638,126.59392,30,보호구역,-1
36.93631,126.59392,30,보호구역,-1
36.87809,126.57106,30,보호구역,-1
36.90119,126.63720,30,보호구역,-1
36.89873,126.63689,30,보호구역,-1
36.89156,126.63137,30,보호구역,-1
36.88596,126.65264,50,과속단속,-1
36.88749,126.65294,30,보호구역,-1
36.97830,126.68184,70,구간단속,91
36.97545,126.61785,70,구간단속,-1
36.80798,126.69224,60,과속단속,-1
36.82826,126.79614,60,과속단속,-1
36.79567,126.76470,70,과속단속,-1
37.00710,126.47254,70,과속단속,59
36.80345,126.66184,110,과속단속,-1
36.90117,126.63487,60,구간단속,-1
36.90355,126.65969,60,구간단속,-1
36.95887,126.77310,70,과속단속,-1
36.94535,126.78405,70,과속단속,-1
36.90415,126.70171,50,과속단속,337
36.94737,126.68467,70,과속단속,-1
36.94944,126.68866,70,과속단속,-1
36.94536,126.78405,70,과속단속,-1
36.92446,126.71432,60,과속단속,-1
36.99423,126.57327,60,과속단속,-1
36.89496,126.61982,60,과속단속,247
36.92335,126.59499,70,과속단속,-1
36.89078,126.63688,50,과속단속,-1
36.90599,126.64370,60,과속단속,-1
37.04848,126.51372,50,과속단속,-1
36.94435,126.58983,70,과속단속,-1
36.86046,126.63183,110,구간단속,-1
36.88783,126.70087,110,구간단속,-1
36.85869,126.63601,110,구간단속,-1
36.99912,126.56788,60,과속단속,-1
36.88996,126.52542,60,과속단속,-1
36.76562,126.76341,30,보호구역,-1
36.83566,126.60329,30,보호구역,-1
36.88196,126.75815,30,보호구역,-1
36.84898,126.76365,30,보호구역,-1
36.90874,126.75035,30,보호구역,-1
36.94063,126.74870,30,보호구역,-1
36.95886,126.69553,30,보호구역,-1
37.01258,126.53934,30,보호구역,-1
36.89901,126.62359,30,보호구역,-1
36.87975,126.80244,70,과속단속,258
36.92043,126.80573,70,과속단속,-1
36.88777,126.81062,70,과속단속,182
36.88776,126.81062,70,과속단속,182
36.88568,126.77269,30,보호구역,-1
36.88560,126.77316,30,보호구역,-1
36.80488,126.77788,30,보호구역,-1
36.81108,126.75592,30,보호구역,-1
36.81108,126.75598,30,보호구역,-1
36.88350,126.77061,30,보호구역,-1
36.88350,126.77062,30,보호구역,-1
36.96006,126.76945,30,보호구역,-1
36.94064,126.74329,30,보호구역,-1
36.90404,126.69290,30,보호구역,-1
36.90364,126.69321,30,보호구역,8
36.96120,126.69252,30,보호구역,-1
36.96096,126.69273,30,보호구역,-1
36.89872,126.62801,60,과속단속,-1
36.80254,126.75605,60,과속단속,-1
36.80081,126.77017,60,과속단속,-1
36.97544,126.74917,70,과속단속,-1
36.79193,126.79059,60,과속단속,-1
36.90015,126.63326,60,과속단속,-1
36.99972,126.56793,60,과속단속,-1
36.88200,126.80119,70,구간단속,-1
34.95621,127.58089,80,과속단속,-1
34.94046,127.70833,60,과속단속,-1
34.94410,127.68641,50,과속단속,-1
34.97818,127.71869,80,과속단속,241
34.99028,127.74142,80,과속단속,-1
34.95272,127.67569,80,과속단속,-1
34.99028,127.74142,60,과속단속,-1
34.93708,127.68815,50,과속단속,-1
34.92524,127.61245,80,과속단속,-1
35.17414,127.62928,60,과속단속,-1
34.97122,127.58206,50,과속단속,-1
34.92290,127.62053,70,과속단속,-1
34.94385,127.67876,60,과속단속,-1
34.92579,127.65757,70,과속단속,-1
34.95197,127.72436,60,과속단속,-1
34.96103,127.72928,60,과속단속,-1
34.94986,127.76585,60,과속단속,-1
34.93443,127.70616,80,과속단속,68
34.96304,127.57020,60,과속단속,-1
34.95598,127.58130,80,과속단속,360
34.93214,127.59526,80,과속단속,3
35.01366,127.71830,60,과속단속,-1
34.93161,127.73831,60,과속단속,-1
34.96347,127.75150,80,과속단속,341
34.92851,127.69414,60,과속단속,-1
34.97775,127.66724,60,과속단속,-1
34.94753,127.75278,60,과속단속,-1
34.93847,127.59304,80,과속단속,271
34.93849,127.59248,80,과속단속,273
34.93066,127.61225,80,과속단속,141
34.94196,127.66760,80,과속단속,80
34.96364,127.60125,60,과속단속,-1
34.95371,127.57688,60,과속단속,-1
34.95523,127.59268,60,과속단속,-1
34.96460,127.55029,60,과속단속,263
34.96059,127.61541,80,과속단속,-1
34.92418,127.68887,50,과속단속,-1
34.92611,127.69372,60,과속단속,-1
34.98904,127.68440,60,과속단속,-1
34.96981,127.72634,80,과속단속,-1
34.94465,127.58005,80,과속단속,216
34.97804,127.71825,80,과속단속,-1
34.94271,127.71579,50,과속단속,216
34.93589,127.69353,50,과속단속,-1
34.97121,127.58173,50,과속단속,-1
35.02777,127.72020,60,과속단속,-1
34.95718,127.67110,80,과속단속,-1
34.93947,127.68888,50,과속단속,-1
34.93279,127.67646,70,과속단속,-1
34.96306,127.57894,60,과속단속,-1
34.93007,127.71047,60,과속단속,58
34.95508,127.60784,60,과속단속,-1
34.90971,127.63569,70,과속단속,-1
34.98361,127.57265,30,과속단속,-1
35.03641,127.75645,30,과속단속,-1
34.93289,127.67595,70,과속단속,-1
34.93511,127.68907,50,과속단속,-1
34.93511,127.68907,60,과속단속,-1
34.97716,127.57301,30,과속단속,-1
34.94180,127.66698,80,과속단속,80
34.94345,127.67975,60,과속단속,-1
35.03396,127.76729,60,과속단속,-1
35.01587,127.76666,60,과속단속,-1
35.00814,127.76618,60,과속단속,-1
34.89902,127.65287,40,과속단속,233
34.90817,127.66765,40,과속단속,233
34.92868,127.69834,60,과속단속,149
34.93161,127.73831,80,과속단속,-1
34.93950,127.68888,60,과속단속,-1
34.96575,127.63922,80,과속단속,-1
34.93084,127.69021,80,과속단속,280
34.96316,127.57847,60,과속단속,-1
34.96448,127.56412,60,과속단속,-1
34.93879,127.69185,60,과속단속,-1
34.95390,127.75579,80,과속단속,149
34.96347,127.61079,80,과속단속,-1
34.92720,127.70448,60,과속단속,-1
34.90649,127.65884,80,과속단속,-1
34.90649,127.65884,70,과속단속,-1
34.91797,127.67701,60,과속단속,-1
34.95653,127.58764,60,과속단속,-1
34.93289,127.73433,60,과속단속,-1
37.47882,129.11334,60,과속단속,350
37.51927,129.02039,30,과속단속,-1
37.53821,129.11075,50,과속단속,-1
37.48400,129.10219,60,과속단속,269
37.47842,129.13047,60,과속단속,-1
37.49856,129.11546,60,과속단속,-1
37.49573,129.10233,30,과속단속,-1
37.48613,129.10556,30,과속단속,-1
37.49520,129.12331,30,과속단속,-1
37.51795,129.11322,30,과속단속,-1
37.52469,129.10894,30,과속단속,-1
37.53187,129.11230,30,과속단속,-1
37.55178,129.10541,30,과속단속,-1
37.59135,129.09003,30,과속단속,124
37.47082,129.14014,60,과속단속,139
37.53041,129.10479,60,과속단속,354
37.52213,129.12030,60,과속단속,-1
37.51958,129.10381,60,과속단속,-1
37.49844,129.13111,60,과속단속,-1
37.48635,129.06696,30,과속단속,-1
37.48329,129.12510,30,과속단속,-1
37.51164,129.11922,30,과속단속,-1
37.54346,129.10211,30,과속단속,18
37.51171,129.12428,60,과속단속,-1
35.24282,128.86661,30,보호구역,-1
35.26302,128.86551,30,보호구역,-1
35.26445,128.87302,30,보호구역,-1
35.26320,128.87054,40,과속단속,-1
35.23688,128.86635,30,보호구역,-1
35.23270,128.89957,70,과속단속,-1
35.22934,128.87225,40,과속단속,-1
35.22791,128.87169,30,보호구역,-1
35.23187,128.85867,30,보호구역,-1
35.23324,128.86564,40,과속단속,-1
35.20922,128.85144,30,보호구역,-1
35.23711,128.86095,30,보호구역,-1
35.30203,128.74032,30,보호구역,-1
35.25362,128.90679,30,보호구역,-1
35.23550,128.86760,40,과속단속,-1
35.23264,128.86706,40,과속단속,-1
35.25975,128.86653,60,과속단속,-1
35.23923,128.86722,50,과속단속,-1
35.30246,128.73684,30,과속단속,-1
35.23155,128.92243,40,과속단속,-1
35.30698,128.73064,30,보호구역,-1
35.30865,128.72728,40,과속단속,-1
35.22844,128.84688,30,과속단속,-1
35.22724,128.84827,30,과속단속,-1
35.22718,128.84522,30,과속단속,317
35.22580,128.84635,30,과속단속,-1
35.24526,128.90349,30,과속단속,-1
35.23531,128.86269,40,과속단속,-1
35.23698,128.83768,60,과속단속,106
35.26247,128.87062,60,과속단속,-1
35.22673,128.88293,70,과속단속,-1
35.24232,128.90026,50,과속단속,-1
35.24361,128.90417,60,과속단속,-1
35.23578,128.86719,50,과속단속,-1
35.24239,128.89889,50,과속단속,-1
35.23499,128.88258,40,과속단속,-1
35.30701,128.72983,60,과속단속,-1
35.26640,128.86429,40,과속단속,-1
35.24629,128.90613,30,과속단속,-1
35.31202,128.72983,30,보호구역,-1
35.23983,128.89970,30,보호구역,-1
35.27030,128.86337,30,보호구역,-1
35.24873,128.90898,30,보호구역,-1
35.19443,128.79920,50,과속단속,-1
35.20302,128.80873,30,과속단속,-1
35.18625,128.79685,30,과속단속,-1
35.19983,128.81587,50,과속단속,-1
35.27028,128.86909,50,과속단속,-1
35.27267,128.86608,30,과속단속,-1
35.23626,128.87970,30,과속단속,-1
35.25298,128.86973,50,보호구역,-1
35.23624,128.85269,30,보호구역,-1
35.23393,128.86965,60,보호구역,-1
35.23122,128.91727,60,보호구역,-1
35.16487,128.82871,30,보호구역,-1
35.16371,128.82411,40,과속단속,-1
35.16593,128.82354,30,과속단속,99
35.16730,128.82707,40,보호구역,47
35.17175,128.82465,30,과속단속,-1
35.17026,128.82303,30,과속단속,-1
35.17255,128.82409,40,과속단속,-1
35.17433,128.82577,40,과속단속,-1
35.17241,128.80807,30,보호구역,-1
35.20609,128.81555,50,보호구역,-1
35.17756,128.79571,70,과속단속,-1
35.17162,128.81494,30,보호구역,-1
35.17188,128.81347,30,과속단속,-1
35.18427,128.83361,30,과속단속,-1
35.18208,128.83197,30,과속단속,34
35.18602,128.79777,30,과속단속,-1
35.16839,128.83005,30,과속단속,-1
35.16600,128.83147,30,과속단속,-1
35.24191,128.87026,70,과속단속,-1
35.24009,128.87085,70,과속단속,-1
35.26073,128.86831,60,과속단속,-1
35.22424,128.88199,70,과속단속,-1
35.23578,128.90980,50,과속단속,-1
35.23613,128.91606,50,과속단속,-1
35.23939,128.83674,30,과속단속,-1
35.23119,128.84513,30,과속단속,-1
35.21263,128.81695,30,과속단속,-1
35.21093,128.81845,30,과속단속,-1
35.19598,128.81495,30,과속단속,-1
35.16633,128.82781,30,과속단속,-1
35.27507,128.86748,30,과속단속,-1
35.26531,128.86384,30,과속단속,-1
35.25742,128.87197,50,과속단속,-1
35.25709,128.86954,50,과속단속,-1
35.25545,128.87074,30,과속단속,-1
35.30832,128.73027,30,과속단속,-1
35.27239,128.83121,30,과속단속,-1
35.17795,128.81624,30,보호구역,-1
35.20529,128.81077,30,보호구역,-1
35.17799,128.79065,30,보호구역,-1
35.20636,128.80010,30,보호구역,-1
35.23231,128.86658,50,과속단속,-1
36.55037,128.73261,30,보호구역,-1
36.56093,128.69304,30,보호구역,-1
36.57004,128.72782,30,보호구역,-1
36.57285,128.71916,40,보호구역,-1
36.82224,128.60497,40,과속단속,-1
36.46364,127.97697,60,구간단속,-1
36.47988,127.93467,60,구간단속,-1
36.69284,128.12053,70,과속단속,310
36.57356,128.50108,30,보호구역,-1
36.10020,128.50883,60,과속단속,-1
36.93956,129.22864,60,과속단속,-1
36.96980,129.30010,60,과속단속,-1
36.09649,128.45179,80,구간단속,-1
36.12884,128.42830,80,구간단속,142
36.13398,128.41805,80,구간단속,-1
36.10336,128.45098,80,구간단속,329
37.50324,126.98611,50,과속단속,-1
37.50454,126.99764,30,보호구역,-1
37.47520,126.98758,50,과속단속,109
37.48724,127.01011,50,과속단속,339
37.43483,127.06589,50,과속단속,-1
37.56793,127.07262,30,보호구역,-1
37.58090,127.05555,30,보호구역,334
37.56865,127.05608,30,보호구역,-1
37.58267,127.03171,30,보호구역,-1
37.56561,127.07098,30,보호구역,-1
37.58650,127.03878,30,보호구역,-1
37.57326,127.07388,30,보호구역,-1
37.59132,127.05599,30,보호구역,-1
37.57364,127.04334,30,보호구역,-1
37.57873,127.06742,30,보호구역,-1
37.57539,127.03046,30,과속단속,-1
37.56783,127.05681,30,보호구역,196
37.58622,127.07093,30,보호구역,-1
37.58059,127.05551,30,보호구역,151
37.60291,127.06423,30,보호구역,-1
37.59153,127.04649,30,보호구역,-1
37.58794,127.05415,50,보호구역,86
37.58527,127.03870,30,보호구역,-1
37.57803,127.06095,30,보호구역,-1
36.56448,128.76858,50,과속단속,213
36.55756,128.71502,60,과속단속,89
36.55773,128.71436,60,과속단속,271
36.61772,128.76723,40,보호구역,-1
34.89015,126.69691,30,보호구역,-1
34.90275,126.69636,80,과속단속,202
34.73983,126.50032,80,과속단속,100
37.63169,127.04132,30,보호구역,-1
37.66491,127.03000,30,보호구역,-1
37.64812,127.02408,30,보호구역,-1
37.64786,127.05274,30,보호구역,-1
37.64364,127.04046,30,보호구역,-1
37.65251,127.01255,30,보호구역,-1
37.65395,127.04095,30,보호구역,-1
37.65748,127.02275,30,보호구역,-1
37.64687,127.04841,30,보호구역,-1
37.65528,127.03460,30,보호구역,-1
37.67126,127.04088,30,보호구역,-1
37.65483,127.04444,30,보호구역,-1
37.66008,127.02420,30,보호구역,-1
37.65674,127.02791,30,보호구역,-1
37.50307,126.98602,50,과속단속,-1
37.48855,126.98828,30,보호구역,-1
37.48687,126.98923,30,과속단속,-1
37.49661,126.98792,30,보호구역,-1
37.50475,126.99550,30,보호구역,-1
37.50418,126.99446,30,보호구역,-1
37.48095,126.99637,50,보호구역,-1
37.50176,126.99560,30,과속단속,-1
37.50206,126.99577,30,과속단속,-1
36.99039,126.90007,60,과속단속,144
37.49493,126.99774,30,보호구역,-1
36.18435,127.10465,30,보호구역,-1
36.19987,127.08768,30,보호구역,-1
36.15969,127.01993,30,보호구역,-1
36.20381,127.08365,30,보호구역,-1
36.29763,127.16576,60,과속단속,-1
36.19092,127.09098,30,보호구역,-1
36.24693,127.17779,30,보호구역,-1
36.24728,127.17785,30,보호구역,-1
36.27643,127.12262,30,보호구역,-1
36.59085,126.79338,60,과속단속,-1
36.68813,126.79493,30,보호구역,-1
36.58557,126.85674,60,과속단속,-1
36.70578,126.66943,30,보호구역,-1
36.66558,126.67962,30,보호구역,-1
36.66621,126.68093,30,보호구역,-1
36.68507,126.63285,70,과속단속,284
36.77247,127.07695,30,보호구역,-1
36.77329,127.07764,30,보호구역,-1
36.77299,127.07754,30,보호구역,-1
37.56026,126.63728,60,과속단속,-1
34.78172,126.73963,80,과속단속,358
34.73873,126.38857,70,과속단속,-1
34.76283,126.47309,60,과속단속,-1
36.75790,126.29610,30,보호구역,-1
36.75790,126.29580,30,보호구역,-1
36.42552,126.40376,30,보호구역,-1
36.42560,126.40338,30,보호구역,-1
36.82486,126.25877,30,보호구역,-1
36.82495,126.25873,30,보호구역,-1
36.62153,126.31077,30,보호구역,-1
36.62154,126.31085,30,보호구역,-1
36.57997,126.33805,30,보호구역,-1
36.58000,126.33799,30,보호구역,-1
36.50610,126.34725,30,보호구역,-1
36.50602,126.34722,30,보호구역,-1
36.52727,126.34600,30,보호구역,-1
36.52726,126.34608,30,보호구역,-1
36.67280,126.29867,30,보호구역,-1
36.67290,126.29868,30,보호구역,-1
36.86975,126.27919,30,보호구역,-1
36.86968,126.27925,30,보호구역,-1
36.17547,127.12943,30,보호구역,-1
36.17539,127.12970,30,보호구역,-1
36.20340,127.09312,30,보호구역,-1
36.20337,127.09321,30,보호구역,-1
36.18409,127.10468,30,보호구역,-1
35.17910,129.17718,30,보호구역,-1
35.19744,129.12254,30,보호구역,-1
35.17630,129.17612,30,보호구역,-1
35.23050,129.15706,30,보호구역,-1
35.05057,128.96618,30,보호구역,-1
35.26134,129.01650,30,보호구역,-1
35.22842,129.00982,30,보호구역,-1
35.14633,129.00625,30,보호구역,-1
35.12313,128.97320,30,보호구역,-1
35.13974,129.05019,30,보호구역,-1
36.71370,126.22910,30,보호구역,-1
36.71380,126.22930,30,보호구역,-1
36.77230,126.14040,30,보호구역,-1
36.77220,126.14010,30,보호구역,-1
36.82930,126.16130,40,과속단속,-1
36.75310,126.30890,30,보호구역,-1
36.75270,126.30880,30,보호구역,-1
36.75287,126.31969,30,보호구역,-1
36.75290,126.31980,30,보호구역,-1
35.06566,126.80468,30,보호구역,-1
35.11419,126.82957,30,보호구역,-1
35.16904,126.83660,30,보호구역,-1
35.13486,126.86106,30,보호구역,-1
35.15511,126.84435,30,보호구역,-1
35.16123,129.12014,30,보호구역,-1
35.14654,129.09588,60,보호구역,135
35.12870,129.10092,30,보호구역,-1
35.19416,129.09929,30,보호구역,-1
35.21253,129.07279,30,보호구역,-1
35.20388,129.08940,30,보호구역,-1
35.20279,129.06058,30,보호구역,-1
35.07974,128.90759,50,보호구역,-1
35.09003,129.04500,30,보호구역,-1
35.07759,129.01587,30,보호구역,-1
35.21890,129.09844,30,보호구역,-1
35.19367,129.06953,30,보호구역,-1
35.18550,129.10122,50,보호구역,-1
35.33843,129.16267,30,보호구역,-1
35.32184,129.18719,30,보호구역,-1
35.15542,129.01601,30,보호구역,-1
35.16101,129.03420,30,보호구역,-1
35.14712,129.02006,30,보호구역,29
35.14503,129.06159,30,보호구역,-1
35.15321,129.06845,30,보호구역,-1
35.15852,129.02734,30,보호구역,-1
35.16935,129.16641,50,보호구역,-1
35.16473,129.14335,30,보호구역,-1
35.10327,126.87169,30,보호구역,-1
35.09995,126.88515,30,보호구역,-1
35.12601,126.88262,30,보호구역,-1
35.11689,126.84823,30,보호구역,-1
35.13612,126.87258,30,보호구역,-1
35.14633,126.88170,30,보호구역,283
35.14502,126.86662,30,보호구역,-1
35.13001,126.86187,30,보호구역,-1
35.13796,126.87276,30,보호구역,-1
35.14786,126.84283,30,보호구역,-1
35.17034,126.86036,30,보호구역,-1
35.16984,126.86988,30,보호구역,-1
35.16573,126.87887,30,보호구역,-1
35.15276,126.84731,30,보호구역,-1
35.15896,126.85736,30,보호구역,-1
35.16449,126.86154,30,보호구역,-1
35.15449,126.87667,30,보호구역,-1
35.12619,126.75598,30,보호구역,-1
35.21916,126.74462,30,보호구역,-1
35.17922,126.72318,30,보호구역,-1
35.17781,126.92291,30,보호구역,-1
35.20632,126.95110,30,보호구역,-1
35.17412,126.87208,30,보호구역,-1
35.19369,126.89366,30,보호구역,-1
35.22982,126.88570,30,보호구역,209
35.22943,126.88570,30,보호구역,28
35.21427,126.87137,30,보호구역,-1
35.18684,126.86819,30,보호구역,-1
35.17661,126.89136,30,보호구역,-1
35.20623,126.87117,30,보호구역,-1
35.16864,126.91251,30,보호구역,-1
35.17395,126.93296,30,보호구역,-1
35.18947,126.90564,50,과속단속,-1
35.19977,126.90165,30,보호구역,55
35.21015,126.85892,30,보호구역,-1
35.21013,126.86454,30,보호구역,-1
35.21015,126.89449,30,보호구역,-1
35.18272,126.87446,30,보호구역,-1
35.16858,126.93251,50,과속단속,-1
35.17536,126.91891,30,보호구역,-1
35.17902,126.87183,30,보호구역,-1
35.16944,126.92963,50,과속단속,-1
35.18184,126.93757,50,과속단속,-1
35.20657,126.89442,30,보호구역,-1
35.18695,126.92438,30,보호구역,-1
35.18381,126.92167,30,보호구역,-1
35.18703,126.91693,50,과속단속,-1
35.20635,126.95108,30,보호구역,-1
35.18114,126.89968,30,보호구역,-1
35.17760,126.92303,30,보호구역,-1
35.18012,126.91413,30,보호구역,-1
35.11745,126.92224,30,보호구역,-1
35.14948,126.93450,30,보호구역,-1
35.12123,126.91149,30,보호구역,-1
35.12595,126.91441,30,보호구역,-1
35.13554,126.89016,30,보호구역,-1
35.11315,126.87429,50,과속단속,-1
35.08088,126.83356,30,보호구역,-1
35.22248,126.82485,30,보호구역,-1
35.18803,126.82858,30,보호구역,-1
35.13296,126.79592,30,보호구역,-1
35.12752,126.79169,30,보호구역,-1
35.18253,126.83992,30,보호구역,-1
35.18657,126.81332,30,보호구역,-1
35.17262,126.81464,30,보호구역,-1
35.21343,126.83614,30,보호구역,-1
35.21141,126.83946,30,보호구역,-1
35.21927,126.83434,30,보호구역,-1
35.20875,126.84424,30,보호구역,-1
35.19887,126.84081,30,보호구역,-1
35.20892,126.84748,30,보호구역,-1
35.15530,126.79226,30,보호구역,-1
35.16574,126.81409,30,보호구역,-1
35.16286,126.70042,30,보호구역,-1
35.16662,126.80425,30,보호구역,-1
35.17734,126.81477,30,보호구역,-1
35.18453,126.81416,30,보호구역,-1
35.18277,126.82316,30,보호구역,-1
35.17255,126.80044,30,보호구역,-1
35.17510,126.81036,30,보호구역,-1
35.15921,126.81207,30,보호구역,-1
35.16311,126.89928,30,보호구역,-1
35.18499,126.91290,30,보호구역,-1
35.15728,126.90719,30,보호구역,-1
35.18696,126.89819,50,과속단속,147
35.17667,126.86402,30,보호구역,-1
35.16973,128.28678,30,보호구역,-1
35.92769,128.59926,60,과속단속,-1
35.94400,128.57402,50,과속단속,-1
35.84869,128.52755,60,과속단속,80
35.85905,128.62987,60,과속단속,-1
35.83088,128.54468,30,과속단속,-1
35.85729,128.60865,60,과속단속,354
35.90515,128.61929,30,보호구역,-1
35.83562,128.57980,50,과속단속,-1
35.88404,128.56491,50,과속단속,-1
35.86054,128.69694,50,과속단속,-1
35.86798,128.61806,50,과속단속,239
35.85908,128.59194,50,과속단속,-1
35.92510,128.59887,60,과속단속,174
35.77143,128.41624,70,과속단속,58
35.72632,128.67249,60,과속단속,307
35.89562,128.55745,80,과속단속,253
35.94069,128.63815,50,과속단속,-1
35.96396,126.72966,50,과속단속,180
35.95955,126.71546,50,과속단속,268
35.96398,126.72691,50,과속단속,89
35.53047,129.10285,60,과속단속,49
35.60281,129.14008,60,보호구역,212
35.54319,129.38488,50,과속단속,-1
35.51449,129.30965,60,과속단속,8
35.55577,129.27619,60,과속단속,54
35.55330,129.28553,50,과속단속,105
35.69337,129.19397,70,과속단속,-1
35.58335,129.37195,70,과속단속,195
35.56384,129.19196,80,과속단속,-1
35.54428,129.16423,80,과속단속,85
35.54469,129.16651,80,과속단속,256
35.49137,129.41182,60,과속단속,-1
35.61803,129.05405,80,과속단속,74
35.62573,129.28639,50,과속단속,-1
35.53023,129.40913,60,과속단속,-1
35.54605,129.28528,50,과속단속,-1
35.19064,126.82883,50,과속단속,-1
35.18560,126.81392,30,보호구역,-1
35.16163,126.93539,50,과속단속,-1
35.10178,126.88489,60,과속단속,-1
35.14093,126.84907,50,과속단속,1
35.14407,126.80378,60,과속단속,264
35.16101,126.82648,50,과속단속,185
35.19375,126.84872,60,과속단속,133
35.10425,126.87947,60,과속단속,28
35.12550,126.86906,60,과속단속,-1
35.16219,126.86344,60,과속단속,273
35.17954,126.81918,50,과속단속,-1
35.16173,126.81027,80,과속단속,275
35.16205,126.80121,80,과속단속,95
35.24453,126.91562,30,보호구역,-1
35.19032,126.85549,60,과속단속,291
35.16507,126.88371,60,과속단속,185
35.15162,126.86580,60,과속단속,268
35.12643,126.84931,50,과속단속,292
35.24332,126.90174,60,과속단속,-1
35.12479,126.93209,60,과속단속,343
36.63606,127.50264,30,보호구역,-1
36.63899,127.49775,30,과속단속,-1
36.37594,126.58328,50,과속단속,-1
36.77694,127.02269,50,과속단속,114
36.77696,127.02268,50,과속단속,114
36.77708,127.02274,50,과속단속,294
36.80467,126.54903,70,과속단속,125
35.09208,127.71195,60,과속단속,-1
35.21421,128.56196,60,과속단속,340
34.88876,128.60889,50,과속단속,267
35.26161,128.50707,60,과속단속,141
35.24176,128.58538,60,과속단속,-1
35.09890,128.01006,60,과속단속,-1
35.31409,128.73821,50,과속단속,-1
35.26513,128.52535,50,과속단속,224
35.25625,128.54050,60,과속단속,-1
35.38057,127.14114,60,과속단속,-1
35.39346,127.19482,80,과속단속,44
35.82302,126.46065,60,과속단속,-1
35.81772,126.45371,60,과속단속,-1
36.35945,128.68534,80,과속단속,168
35.93134,128.87238,50,과속단속,-1
35.87163,128.36436,70,과속단속,327
35.97910,129.40520,50,과속단속,-1
35.77001,128.83774,70,과속단속,326
35.87247,129.22604,60,과속단속,16
37.18127,128.46958,50,과속단속,-1
37.50662,126.99303,30,과속단속,-1
37.50529,126.99381,30,보호구역,-1
37.60055,126.90430,50,과속단속,137
37.55635,126.64104,60,과속단속,99
36.29481,127.38966,50,과속단속,-1
36.29523,127.36225,30,보호구역,-1
36.30079,127.36706,40,과속단속,-1
37.40706,126.71180,50,과속단속,-1
37.74867,126.47550,50,과속단속,-1
37.66330,126.72655,60,과속단속,34
37.64824,126.85872,60,과속단속,-1
35.09427,128.82679,70,과속단속,314
35.55716,127.19530,60,과속단속,227
35.56654,126.86240,30,보호구역,-1
35.67890,126.91915,80,과속단속,291
35.76719,127.20793,40,과속단속,299
35.92123,127.10459,60,과속단속,252
35.93612,127.15584,60,과속단속,-1
35.96216,127.12005,30,보호구역,267
35.83208,127.02455,50,과속단속,184
35.18696,128.56168,50,과속단속,-1
35.48623,127.83551,80,과속단속,76
35.43380,128.60179,80,과속단속,288
37.43023,126.74738,50,과속단속,316
37.42389,126.75525,30,과속단속,-1
37.42400,126.75487,30,과속단속,-1
37.42910,126.45592,70,과속단속,200
36.79794,127.13044,50,과속단속,205
36.80319,127.12733,50,과속단속,190
37.97573,126.90426,70,과속단속,17
37.96845,126.89950,70,과속단속,56
35.31568,129.25148,50,과속단속,206
35.31675,129.25771,50,과속단속,88
35.11323,129.02060,50,과속단속,-1
35.14109,128.98908,50,과속단속,332
35.28990,129.09737,50,과속단속,21
35.18434,129.11380,50,과속단속,331
35.08291,128.98651,50,과속단속,-1
35.20984,129.20909,60,과속단속,-1
36.77186,127.01731,50,과속단속,-1
36.77056,127.06989,50,과속단속,85
36.87142,127.02744,60,과속단속,187
36.51506,127.24150,50,보호구역,-1
36.50522,127.24133,50,과속단속,2
36.68547,126.57933,70,과속단속,169
36.77528,126.46422,50,과속단속,130
36.81341,127.58490,60,과속단속,-1
36.90569,127.54792,60,과속단속,211
37.52764,126.66951,30,과속단속,-1
37.52499,126.66238,60,과속단속,159
36.03574,129.36165,50,과속단속,-1
36.03551,129.36131,50,과속단속,-1
36.54556,128.70265,60,과속단속,50
36.04044,128.41182,70,과속단속,-1
35.92555,128.40521,80,과속단속,171
36.13724,128.42920,50,과속단속,271
36.13691,128.42922,50,과속단속,75
36.10309,128.54612,60,과속단속,-1
37.66354,127.12673,60,과속단속,255
37.66332,127.12706,60,과속단속,83
36.77236,126.71728,70,과속단속,-1
36.76389,126.71117,70,과속단속,-1
36.78461,126.98933,50,과속단속,67
36.78561,127.05269,50,과속단속,13
36.78508,127.11498,70,과속단속,248
36.80892,127.16450,50,과속단속,3
36.75472,127.29565,60,과속단속,-1
36.75837,127.17146,70,과속단속,181
36.94869,127.13244,60,과속단속,346
36.91400,127.23047,70,과속단속,-1
37.57976,127.21688,30,보호구역,-1
37.70097,127.32539,50,과속단속,10
37.69991,126.76825,30,보호구역,-1
37.61928,126.84968,30,보호구역,-1
37.62173,126.83811,50,보호구역,129
37.63729,126.87422,50,과속단속,-1
37.65850,126.89598,60,과속단속,329
37.64707,126.87540,60,과속단속,-1
37.66281,126.88874,60,과속단속,-1
37.86018,126.83411,30,보호구역,-1
37.79153,126.80376,30,보호구역,-1
37.82522,126.84414,50,과속단속,323
37.81597,126.76116,60,과속단속,304
37.90943,126.82702,70,과속단속,23
37.96319,126.86764,70,과속단속,255
37.85045,126.87758,30,보호구역,-1
37.78708,126.82244,40,보호구역,-1
38.03184,127.06464,60,과속단속,-1
37.99478,127.02415,60,과속단속,-1
38.01444,127.06964,60,과속단속,182
37.49762,126.70335,50,과속단속,-1
37.49745,126.70230,50,과속단속,-1
35.78151,127.10504,40,과속단속,-1
35.78765,127.10506,40,과속단속,-1
35.89403,127.12666,60,과속단속,332
35.88709,127.12901,60,과속단속,187
34.87684,128.41337,60,과속단속,163
35.35163,128.17369,80,과속단속,117
35.46384,127.86337,80,과속단속,-1
34.94745,128.34432,70,과속단속,173
34.97981,128.27160,70,과속단속,94
36.66967,127.49969,50,과속단속,-1
36.71650,127.41503,70,과속단속,156
36.59904,127.61627,80,과속단속,-1
36.58619,127.46636,70,과속단속,27
36.25000,127.63306,80,과속단속,-1
36.30608,127.54906,80,과속단속,49
36.29408,127.58539,60,과속단속,-1
36.80519,127.69286,80,과속단속,109
36.86375,127.73614,70,과속단속,304
36.14361,127.74756,80,과속단속,225
36.96822,127.50624,70,과속단속,-1
36.97786,127.46847,70,과속단속,-1
36.69503,127.47561,80,과속단속,311
36.62594,127.51014,50,과속단속,-1
36.61392,127.47242,50,과속단속,-1
36.66315,127.51359,70,과속단속,228
36.62108,127.39649,80,과속단속,152
36.66339,127.46636,50,과속단속,-1
35.07939,129.01780,50,과속단속,162
35.00365,127.82905,100,구간단속,108
35.04058,127.89619,100,구간단속,92
35.53489,127.73845,60,과속단속,-1
35.26761,128.47377,60,과속단속,297
35.13187,127.69462,60,과속단속,-1
35.42606,128.40151,50,과속단속,-1
35.48377,128.66359,60,과속단속,-1
36.30167,127.44798,30,보호구역,-1
36.30809,127.44469,30,보호구역,122
36.32598,127.41181,30,보호구역,-1
36.31322,127.43284,30,보호구역,-1
36.31357,127.43138,30,보호구역,-1
36.30965,127.39323,30,보호구역,-1
36.31579,127.40788,30,보호구역,-1
36.31490,127.40658,30,보호구역,67
36.31286,127.39917,30,과속단속,-1
36.32260,127.39839,30,보호구역,-1
36.32415,127.42011,30,보호구역,-1
36.30664,127.39697,30,보호구역,-1
36.30721,127.40155,30,보호구역,-1
36.30655,127.40153,30,보호구역,-1
36.31578,127.41778,30,보호구역,-1
36.33002,127.41687,30,과속단속,-1
36.33359,127.40908,30,보호구역,-1
36.33347,127.40790,30,보호구역,-1
36.32246,127.38818,30,과속단속,-1
36.33206,127.42435,30,보호구역,-1
36.32004,127.42574,30,보호구역,-1
36.30307,127.45116,50,과속단속,325
36.32302,127.39566,30,보호구역,-1
36.32478,127.40402,30,보호구역,-1
36.38777,127.32251,30,보호구역,24
36.34259,127.33270,30,보호구역,0
36.34281,127.33583,50,과속단속,90
36.36129,127.33846,30,보호구역,-1
36.34021,127.34295,30,보호구역,-1
36.42964,127.38273,30,보호구역,-1
36.43288,127.38453,30,보호구역,-1
36.39132,127.31203,30,과속단속,-1
36.34555,127.39031,30,보호구역,-1
36.35467,127.35773,30,보호구역,-1
36.44815,127.43470,30,보호구역,-1
36.36530,127.43432,30,보호구역,-1
36.30240,127.37868,30,보호구역,-1
36.29800,127.34476,50,보호구역,-1
36.32961,127.37904,30,보호구역,-1
36.30552,127.34050,30,보호구역,-1
36.32643,127.44603,30,보호구역,-1
36.32437,127.40391,30,보호구역,-1
36.31928,127.39252,30,보호구역,-1
36.31236,127.39815,30,보호구역,-1
36.31901,127.40972,30,보호구역,-1
36.32196,127.39041,30,보호구역,-1
36.32990,127.39655,30,보호구역,-1
36.33042,127.39838,30,보호구역,-1
36.29902,127.38522,30,보호구역,-1
37.72160,126.73170,60,과속단속,182
37.72209,126.73122,60,과속단속,-1
37.83877,126.86383,50,과속단속,-1
37.64717,127.11608,50,보호구역,133
37.64761,127.11582,50,보호구역,313
37.65066,127.29478,30,보호구역,-1
37.64179,127.23473,30,보호구역,-1
37.72941,127.19312,60,과속단속,189
36.07557,126.97422,60,과속단속,-1
36.07549,126.97423,60,과속단속,-1
37.48372,126.90959,30,보호구역,-1
37.48214,126.94652,30,과속단속,-1
37.47265,126.95295,50,과속단속,-1
37.47957,126.94443,30,보호구역,-1
37.46659,126.92704,30,보호구역,-1
37.46485,126.92675,30,보호구역,-1
37.20154,127.09892,60,과속단속,273
35.18758,126.89056,50,과속단속,-1
35.19454,126.83515,30,보호구역,-1
35.21994,126.83696,30,보호구역,-1
35.17713,126.82048,30,보호구역,-1
35.19640,126.82276,30,보호구역,-1
35.14986,126.77490,30,보호구역,-1
35.19767,126.81571,30,보호구역,-1
35.20053,126.81496,50,과속단속,-1
36.84635,127.11576,50,과속단속,112
38.18053,127.41809,70,과속단속,-1
37.74066,127.62363,60,과속단속,-1
37.43368,126.73214,40,과속단속,-1
37.65776,126.82727,60,과속단속,-1
37.70679,127.05757,60,과속단속,-1
37.74850,127.08627,50,과속단속,-1
37.64520,127.28937,80,과속단속,118
37.57287,127.22520,60,과속단속,316
35.15580,128.13996,80,과속단속,39
35.17173,128.13120,50,과속단속,-1
34.96736,127.85254,70,과속단속,158
34.96318,127.78141,70,과속단속,215
35.22718,128.58707,50,과속단속,159
35.22991,128.58476,50,과속단속,-1
35.25377,128.52101,50,과속단속,197
35.24597,128.58982,60,과속단속,235
35.92957,126.94853,50,과속단속,110
35.95387,126.98344,50,과속단속,-1
36.05152,126.96185,70,과속단속,21
35.68019,126.88899,50,과속단속,-1
35.58334,126.82932,50,과속단속,-1
35.94366,126.54178,80,과속단속,263
35.94334,126.54228,80,과속단속,83
37.64661,127.13761,60,과속단속,153
35.69605,128.43907,60,과속단속,-1
35.86389,128.46442,40,보호구역,-1
35.79007,128.47012,60,과속단속,-1
35.87426,127.12448,60,과속단속,221
35.86763,127.54820,60,과속단속,-1
35.90445,127.09480,60,과속단속,155
35.60879,126.77509,80,과속단속,-1
35.98169,126.95661,50,과속단속,-1
35.97109,127.02829,70,과속단속,-1
35.96502,126.95355,50,과속단속,-1
35.98333,126.73742,50,과속단속,180
35.98780,126.69762,50,과속단속,292
37.55244,126.65803,60,과속단속,-1
35.92474,128.55484,50,과속단속,-1
35.69375,128.47007,60,과속단속,-1
35.67298,128.44886,60,과속단속,59
35.87846,128.49659,50,과속단속,-1
35.80656,128.55021,30,보호구역,-1
35.82381,128.61060,50,과속단속,-1
35.89826,128.61749,50,과속단속,255
35.89863,128.62093,40,보호구역,77
35.89223,128.62209,50,과속단속,-1
35.87421,128.61458,50,과속단속,-1
35.87232,128.75001,60,과속단속,-1
35.87918,128.55468,50,과속단속,-1
37.46028,126.37184,50,과속단속,-1
35.23774,129.17251,60,과속단속,241
35.31969,129.18671,50,보호구역,-1
35.32605,129.17796,50,보호구역,-1
35.20652,129.03413,30,보호구역,-1
35.21369,129.02633,50,과속단속,-1
35.13269,129.11616,50,과속단속,-1
35.11173,129.11111,50,보호구역,-1
37.61923,126.69138,50,과속단속,-1
37.47303,126.75504,60,과속단속,352
37.49128,126.72342,50,과속단속,-1
37.47119,126.69467,50,과속단속,-1
37.45761,126.68928,50,과속단속,-1
37.52996,126.73335,50,과속단속,154
37.37729,126.86793,100,과속단속,167
37.48198,126.50654,50,과속단속,-1
37.38653,126.66073,60,과속단속,217
37.40816,126.65993,60,과속단속,210
37.55771,126.67725,50,과속단속,181
37.49837,126.67816,50,과속단속,-1
37.61514,126.63934,50,과속단속,-1
37.40017,126.71841,50,과속단속,257
37.41212,126.72545,50,과속단속,-1
37.45142,126.67698,50,과속단속,-1
37.46512,126.66461,50,과속단속,-1
37.46728,126.64458,50,과속단속,-1
37.54080,126.73513,50,과속단속,-1
37.72452,126.48196,50,과속단속,48
37.62450,126.49441,60,과속단속,-1
35.77997,129.38367,70,구간단속,24
35.78016,129.38375,70,구간단속,24
35.76896,129.33877,70,구간단속,122
35.76896,129.33873,70,구간단속,122
35.84406,128.34247,70,과속단속,225
36.03525,128.26930,60,과속단속,-1
36.20625,128.90757,40,과속단속,-1
36.07648,128.53928,60,과속단속,-1
36.07673,128.53947,60,과속단속,-1
35.79137,128.84146,70,과속단속,112
36.61937,128.32105,80,과속단속,48
35.97751,128.42723,60,과속단속,156
35.97774,128.42716,60,과속단속,-1
35.98166,128.55601,70,과속단속,-1
36.67281,127.50131,70,과속단속,333
36.34009,127.42195,30,과속단속,-1
36.31130,127.45830,30,보호구역,-1
36.37346,127.47540,30,보호구역,-1
36.31728,127.46054,50,과속단속,-1
36.34665,127.44802,30,과속단속,-1
36.34385,127.44788,30,보호구역,-1
36.34249,127.42111,30,보호구역,-1
36.33180,127.44462,30,보호구역,-1
36.35531,127.42759,30,과속단속,-1
36.35030,127.45018,30,보호구역,-1
36.33578,127.44841,30,과속단속,-1
36.32151,127.45902,40,과속단속,-1
36.32968,127.45456,30,보호구역,-1
36.32507,127.44569,30,보호구역,-1
36.32618,127.44616,30,보호구역,-1
36.22802,127.44886,30,보호구역,-1
36.32708,127.46179,40,과속단속,-1
36.33832,127.42962,50,과속단속,270
36.33733,127.42821,30,보호구역,-1
36.32482,127.44098,30,보호구역,-1
36.32587,127.44083,30,보호구역,-1
36.31926,127.41086,30,보호구역,-1
36.33682,127.40574,30,보호구역,-1
36.27163,127.40091,60,과속단속,-1
36.33146,127.38867,30,보호구역,-1
36.30721,127.37515,30,보호구역,-1
36.30264,127.36625,30,보호구역,-1
36.30386,127.36591,30,보호구역,-1
36.31572,127.37633,30,보호구역,-1
36.34248,127.43987,30,보호구역,-1
36.30158,127.45647,30,보호구역,-1
36.30587,127.45806,50,과속단속,-1
36.30449,127.45835,50,과속단속,-1
36.31756,127.44208,50,과속단속,-1
36.31555,127.44503,30,보호구역,-1
36.31077,127.45951,30,보호구역,-1
36.30890,127.45937,30,과속단속,-1
34.97922,127.79508,70,과속단속,-1
34.90207,128.39548,70,과속단속,136
35.33232,129.01675,50,과속단속,-1
35.27520,128.84180,60,과속단속,98
35.23928,128.87174,60,과속단속,-1
35.14535,128.10158,60,과속단속,18
35.35294,128.48812,60,과속단속,-1
35.30882,128.51900,60,과속단속,-1
35.26648,128.42270,60,과속단속,329
35.31287,128.47728,60,과속단속,-1
34.86497,128.69039,50,과속단속,-1
35.35178,128.70934,70,과속단속,355
35.31631,128.58533,50,과속단속,256
35.66462,127.93160,60,과속단속,171
35.21658,128.62311,60,과속단속,-1
35.08956,128.46051,50,과속단속,-1
35.12642,128.48539,80,과속단속,246
35.50128,128.74141,60,과속단속,-1
35.50118,128.74143,60,과속단속,132
35.19537,128.79363,60,과속단속,338
35.28659,128.81642,40,과속단속,160
35.23942,128.87185,60,과속단속,356
35.25201,128.86791,60,과속단속,354
35.24863,128.52387,60,과속단속,-1
35.21073,128.58435,50,과속단속,-1
35.20289,128.57201,50,과속단속,186
35.24551,128.64460,60,과속단속,163
35.08501,127.94074,60,과속단속,-1
35.29178,128.37084,100,과속단속,112
35.59617,127.80150,80,과속단속,26
35.12126,128.28928,50,과속단속,-1
35.41304,128.09522,60,과속단속,250
35.68011,127.90581,50,과속단속,-1
35.59735,128.89507,80,과속단속,-1
35.18186,127.92065,60,과속단속,-1
35.24172,128.42690,60,과속단속,10
35.79125,126.93738,60,과속단속,266
35.83183,127.07170,60,과속단속,195
35.33074,128.70956,60,과속단속,148
35.24383,128.65658,60,과속단속,72
35.23882,128.63318,60,과속단속,-1
35.65982,126.51040,80,과속단속,207
35.35762,127.32205,80,과속단속,1
35.37274,127.31349,40,과속단속,-1
37.07475,128.27748,70,과속단속,-1
35.96074,126.99786,50,과속단속,-1
37.68159,127.86977,70,과속단속,64
37.82382,127.75934,50,과속단속,-1
35.11887,126.86393,50,과속단속,314
37.34288,127.98756,50,과속단속,-1
35.20062,128.99946,50,과속단속,-1
35.11337,128.92546,60,과속단속,284
35.28436,129.09487,50,과속단속,17
35.23236,129.01347,50,보호구역,9
35.12377,128.89628,60,과속단속,41
35.10863,128.94103,60,과속단속,102
35.15341,129.02517,50,과속단속,271
35.34237,128.03415,60,과속단속,-1
34.90672,128.02615,50,과속단속,-1
35.51146,127.81078,80,과속단속,-1
35.56423,127.78295,80,과속단속,21
35.35950,129.04044,70,과속단속,16
35.35940,129.04041,70,과속단속,16
35.22650,128.88537,60,과속단속,84
35.26629,128.61639,50,과속단속,-1
37.12969,128.16564,70,과속단속,-1
35.83275,127.05180,90,과속단속,14
35.83922,127.05094,90,과속단속,166
35.53850,126.58563,60,과속단속,-1
36.54096,127.23214,80,과속단속,-1
36.67922,127.18456,80,과속단속,97
36.60312,127.28984,50,보호구역,340
35.98601,126.69286,50,과속단속,65
35.94963,126.71543,60,과속단속,180
35.96644,126.66616,50,과속단속,47
35.95473,126.74813,70,과속단속,-1
35.22125,129.00477,60,과속단속,11
35.22101,129.00438,60,과속단속,191
35.25288,129.01054,50,과속단속,-1
35.22170,128.57375,60,과속단속,343
35.23194,128.58642,50,과속단속,-1
35.54558,127.76109,60,과속단속,-1
35.43885,127.76116,60,과속단속,-1
35.27059,128.66081,80,과속단속,72
35.31187,128.72694,60,과속단속,20
35.16989,128.56221,50,과속단속,35
35.18051,128.14865,50,과속단속,287
35.18030,128.14893,50,과속단속,107
35.37738,127.14989,60,과속단속,278
35.37716,127.15015,60,과속단속,104
35.68527,127.89928,50,과속단속,-1
35.73818,127.99088,60,과속단속,-1
34.89408,128.01367,60,과속단속,-1
35.79091,126.93759,60,과속단속,99
35.83959,128.70921,60,과속단속,300
35.85119,128.63878,50,과속단속,-1
35.90045,128.60919,50,과속단속,-1
35.90430,128.61731,50,과속단속,-1
35.88700,128.59827,50,과속단속,-1
35.86361,128.53726,60,과속단속,-1
35.87868,128.55051,50,과속단속,-1
35.87852,128.67457,60,보호구역,-1
35.92714,128.64165,60,과속단속,-1
35.86691,128.70144,60,과속단속,-1
35.86568,128.58418,50,보호구역,250
35.80374,128.51851,50,과속단속,89
35.86468,128.58267,60,과속단속,70
35.68942,128.45440,60,과속단속,270
35.85909,128.51417,40,보호구역,-1
35.80948,128.55440,60,과속단속,116
35.86260,128.64889,60,과속단속,27
35.85409,128.65625,60,과속단속,295
35.82989,128.62254,60,과속단속,87
35.80892,128.48217,50,과속단속,-1
35.72085,128.45296,50,보호구역,-1
35.89431,128.42914,60,과속단속,-1
35.83516,128.50209,60,과속단속,-1
35.84074,128.50711,50,과속단속,-1
35.85641,128.57434,50,과속단속,-1
35.84664,128.60759,60,과속단속,4
35.87829,128.57743,50,과속단속,-1
35.86030,128.58278,50,과속단속,357
33.28918,126.74393,50,과속단속,-1
35.50694,126.60746,80,과속단속,291
35.89027,127.07690,60,과속단속,100
35.45353,127.56253,60,과속단속,-1
35.62414,127.31006,80,과속단속,131
35.85628,127.44839,60,과속단속,-1
35.81805,126.95335,70,과속단속,-1
35.83467,127.09758,50,과속단속,32
36.12250,126.96684,70,과속단속,253
35.91420,127.12497,60,과속단속,180
35.76732,127.20670,70,과속단속,-1
35.89028,127.07701,60,과속단속,179
35.89724,127.11278,80,과속단속,247
35.86952,127.13156,60,과속단속,92
35.81531,127.18355,60,과속단속,338
37.89284,127.75572,60,과속단속,220
37.89291,127.75668,60,과속단속,42
38.08150,128.00798,60,과속단속,-1
38.12133,128.20903,70,과속단속,36
37.80594,127.99193,80,과속단속,220
35.89532,128.53699,50,과속단속,-1
35.91935,128.55126,50,과속단속,-1
35.79519,128.48287,60,과속단속,-1
35.87828,128.41665,70,과속단속,279
35.86975,128.46805,50,과속단속,-1
35.87224,128.56782,50,보호구역,-1
35.85146,128.49778,60,과속단속,-1
35.83723,128.53765,60,과속단속,-1
35.83252,128.59768,60,과속단속,70
35.19048,126.82901,50,과속단속,-1
35.14511,126.90944,50,과속단속,-1
35.15900,126.85601,50,과속단속,3
35.11001,126.82918,80,과속단속,57
35.16050,126.84836,50,과속단속,359
35.14033,126.83179,60,과속단속,199
35.10252,126.93953,60,과속단속,348
35.21054,126.90143,60,과속단속,-1
35.12019,126.93346,60,과속단속,170
35.16597,129.12316,50,과속단속,123
35.19074,129.20425,60,보호구역,-1
35.13849,128.99334,50,보호구역,316
35.22625,129.08589,50,보호구역,-1
35.21105,129.02570,50,과속단속,-1
35.20915,128.99981,50,과속단속,-1
35.09061,129.04354,50,과속단속,205
35.08308,128.83464,60,과속단속,90
35.13411,128.94591,70,과속단속,25
35.08556,128.95945,60,과속단속,109
35.24770,129.08495,50,보호구역,-1
35.17435,129.08999,50,과속단속,-1
35.23174,129.15290,50,보호구역,-1
35.15459,129.05233,50,과속단속,319
35.84770,127.11763,60,과속단속,219
35.82118,127.08646,50,과속단속,116
35.81834,127.14686,60,과속단속,-1
35.82528,127.11155,50,과속단속,90
35.81353,127.10231,50,과속단속,90
35.75058,127.59515,100,과속단속,174
35.19811,126.87659,50,과속단속,306
35.16280,126.91507,50,과속단속,239
35.18232,126.93105,60,과속단속,24
35.14273,126.89000,50,과속단속,54
35.10844,126.90453,60,과속단속,-1
35.14392,126.89152,60,과속단속,149
35.10407,126.87902,60,과속단속,196
35.12612,126.89760,60,과속단속,-1
35.18053,126.93678,50,과속단속,306
35.21076,126.94556,70,과속단속,-1
38.18453,128.29383,80,과속단속,271
37.56315,127.95658,80,과속단속,-1
37.86212,127.74596,50,과속단속,-1
36.38915,127.37475,50,과속단속,-1
36.34614,127.34011,50,과속단속,180
36.30578,127.31986,50,과속단속,161
36.36483,127.37322,50,과속단속,90
36.43011,127.41169,50,과속단속,262
36.43553,127.42533,50,과속단속,199
36.33692,127.36664,50,과속단속,-1
36.33639,127.46364,50,과속단속,-1
36.31019,127.41139,50,과속단속,-1
36.33233,127.34086,50,과속단속,-1
36.41111,127.42492,50,과속단속,-1
36.31836,127.46222,50,과속단속,-1
36.31515,127.43349,50,과속단속,-1
35.08695,126.87583,80,과속단속,232
35.15418,126.73136,80,과속단속,105
35.11301,126.78000,60,과속단속,-1
35.18048,126.80854,60,과속단속,360
35.19509,126.81572,50,과속단속,-1
35.17531,126.79690,50,과속단속,-1
35.19266,126.89874,50,과속단속,-1
35.21723,126.85647,60,과속단속,117
35.18185,126.93048,60,과속단속,152
35.19537,128.68334,60,과속단속,-1
35.26197,128.61414,60,과속단속,263
35.66483,127.94399,60,과속단속,-1
35.53132,128.70435,60,과속단속,-1
35.02685,128.06522,60,과속단속,-1
34.92691,128.42677,50,과속단속,-1
35.11561,128.76965,70,과속단속,77
35.29952,128.75883,60,과속단속,315
35.13221,128.17158,60,과속단속,-1
35.24833,128.60400,50,과속단속,-1
35.19970,128.71338,80,과속단속,357
35.18601,128.71598,80,과속단속,273
34.86494,128.42023,50,과속단속,-1
35.01958,127.90719,70,과속단속,-1
35.02903,128.17026,70,과속단속,346
35.57981,128.46842,70,과속단속,74
34.81348,128.38776,50,과속단속,-1
34.90955,128.68111,60,과속단속,166
34.91079,128.61902,50,과속단속,351
35.29744,129.00066,50,과속단속,-1
35.31818,129.02109,50,과속단속,-1
35.29284,128.78668,60,과속단속,341
35.34348,128.84844,70,과속단속,31
35.19171,128.06260,30,보호구역,-1
35.21575,128.61259,60,과속단속,-1
35.22518,128.57905,50,과속단속,132
35.20371,128.58022,60,과속단속,-1
35.24697,128.65432,50,과속단속,-1
37.53407,126.65963,50,과속단속,180
37.54047,126.65943,60,과속단속,271
35.30745,128.29685,60,과속단속,347
35.38199,129.14815,50,과속단속,-1
35.11683,128.48953,50,과속단속,-1
35.20689,128.56266,60,과속단속,41
37.46524,126.71146,50,과속단속,-1
37.45366,126.61475,50,과속단속,297
37.46389,126.68576,50,과속단속,-1
37.54349,126.74243,60,과속단속,-1
37.49002,126.68007,30,과속단속,-1
37.42434,126.67886,50,과속단속,96
37.53011,126.73057,50,과속단속,-1
37.92695,127.18748,60,과속단속,-1
37.67643,126.87614,60,과속단속,65
37.66607,127.17169,60,과속단속,195
35.48656,128.51166,100,구간단속,167
35.48668,128.51168,100,구간단속,167
35.53977,128.47693,100,구간단속,173
35.18290,128.21964,100,과속단속,236
35.26848,128.37588,50,과속단속,-1
35.31190,127.97360,80,과속단속,301
34.87768,128.01018,60,과속단속,-1
35.46061,128.45132,30,과속단속,-1
35.56140,128.34874,60,과속단속,-1
35.70392,127.91818,60,과속단속,-1
35.18267,128.10910,30,보호구역,-1
35.18253,128.10857,30,보호구역,-1
35.21432,128.10930,30,보호구역,-1
35.21426,128.10952,30,보호구역,-1
35.19322,128.12302,30,보호구역,-1
35.19326,128.12348,30,보호구역,-1
35.87157,128.65765,60,과속단속,-1
35.90360,128.57754,80,과속단속,91
37.14169,128.68008,60,과속단속,-1
37.73683,127.07109,50,과속단속,308
37.57367,127.12225,60,과속단속,26
37.73811,126.74481,60,과속단속,67
37.78323,127.06460,60,과속단속,-1
37.66534,126.95309,60,과속단속,-1
37.70065,127.45697,50,과속단속,-1
37.53663,126.63666,30,과속단속,-1
37.53013,126.65936,50,과속단속,257
37.52976,126.65669,30,과속단속,93
37.53713,126.65636,30,과속단속,-1
37.53764,126.65335,30,과속단속,-1
37.54003,126.64965,60,과속단속,182
37.53151,126.64928,50,과속단속,181
37.53649,126.65997,50,과속단속,360
37.42794,127.17976,50,과속단속,269
37.29916,127.07363,30,보호구역,-1
37.32633,127.07553,30,보호구역,-1
37.32118,127.09227,30,보호구역,-1
37.32124,127.08840,30,보호구역,-1
37.04473,127.04353,50,과속단속,180
37.04176,127.04574,50,과속단속,319
37.03832,127.04357,50,과속단속,-1
37.14118,127.08578,50,과속단속,-1
37.01196,127.11035,60,과속단속,-1
37.01495,127.11432,60,과속단속,-1
36.99920,126.89422,60,과속단속,343
37.01689,126.87205,60,과속단속,306
37.01138,126.88122,60,과속단속,301
37.43152,127.20291,50,과속단속,70
36.96761,127.05830,50,과속단속,-1
37.01774,126.91554,50,과속단속,347
37.00438,127.12278,30,보호구역,168
37.06004,127.06456,60,과속단속,222
36.95074,126.95676,50,과속단속,-1
36.95095,126.95612,50,과속단속,-1
36.80439,126.66198,110,과속단속,315
36.79711,126.56844,110,과속단속,12
36.30267,126.58810,110,과속단속,184
34.95677,128.65666,30,보호구역,-1
34.89070,128.60322,30,보호구역,222
34.85928,128.72128,30,보호구역,-1
36.05080,128.42284,80,구간단속,63
36.08816,128.44683,80,구간단속,24
36.08978,128.44814,80,구간단속,37
36.05182,128.42499,80,구간단속,55
37.37669,127.49178,100,과속단속,89
37.60463,127.11458,100,과속단속,182
37.81743,127.14824,100,과속단속,239
37.75311,127.12297,100,과속단속,-1
35.20806,129.00928,50,과속단속,-1
35.16184,129.03070,50,과속단속,164
35.15610,129.04502,50,과속단속,78
35.12926,129.05796,60,과속단속,280
35.13009,129.06058,60,과속단속,264
35.13205,129.05249,50,과속단속,47
35.15735,129.11325,50,과속단속,10
35.13287,129.10845,60,과속단속,215
35.29504,129.23667,70,과속단속,178
37.86510,127.72101,60,과속단속,-1
37.85568,127.73844,60,과속단속,-1
35.01094,128.39863,50,과속단속,-1
35.00075,128.40269,50,과속단속,-1
34.94453,128.26647,50,과속단속,-1
34.99625,128.41984,50,과속단속,-1
35.09021,128.08581,70,과속단속,204
35.19534,128.79347,60,과속단속,157
35.16632,129.17195,50,과속단속,-1
35.16268,129.14568,50,과속단속,303
35.07202,128.97681,50,과속단속,-1
35.16827,128.97688,50,과속단속,-1
35.21166,129.07888,50,과속단속,-1
35.19317,129.12919,30,보호구역,-1
35.17952,128.90080,70,과속단속,181
35.15973,129.12676,50,보호구역,-1
35.13985,129.10501,50,과속단속,239
35.14485,129.06652,50,과속단속,147
35.13629,128.89063,60,과속단속,110
35.21992,129.12809,50,과속단속,-1
35.19394,129.11583,50,과속단속,283
35.07535,129.07537,50,과속단속,-1
35.19375,129.06677,50,과속단속,166
35.15261,129.00888,50,과속단속,85
35.18313,128.97616,50,과속단속,-1
35.17868,128.97526,80,과속단속,174
35.18164,128.98844,50,과속단속,-1
35.16961,128.98859,50,과속단속,-1
35.24502,129.01298,50,과속단속,-1
34.89280,128.63063,60,과속단속,265
35.32994,129.01983,50,과속단속,-1
35.25025,128.87534,50,과속단속,-1
35.16269,128.12088,50,과속단속,-1
35.23599,128.69047,60,과속단속,36
37.83906,127.77658,100,과속단속,109
37.46428,127.94271,100,과속단속,32
38.19661,127.26470,60,과속단속,-1
38.21650,128.36250,80,과속단속,50
37.50689,127.95481,60,과속단속,340
35.96207,128.94889,60,과속단속,-1
36.13439,128.39636,60,과속단속,37
35.72806,129.32115,60,과속단속,-1
35.78328,129.46975,70,과속단속,101
36.56071,128.70339,50,과속단속,169
35.83795,129.20255,60,과속단속,164
36.35727,128.23597,100,구간단속,27
36.35732,128.23589,100,구간단속,27
36.17760,128.26365,100,구간단속,346
35.87767,128.76638,100,구간단속,225
36.65432,126.72501,70,과속단속,79
36.61167,126.54472,70,과속단속,180
36.61195,126.54487,70,과속단속,6
36.27065,127.26944,30,보호구역,-1
36.77684,127.05407,80,과속단속,339
36.77685,127.05408,80,과속단속,339
36.77293,126.28166,60,과속단속,-1
36.75728,126.33467,70,과속단속,-1
36.61262,126.31409,70,과속단속,151
36.74867,126.30924,40,과속단속,-1
36.74883,126.30904,40,과속단속,-1
35.92190,126.93667,60,과속단속,208
35.99954,126.97681,60,과속단속,350
35.75708,127.34957,60,과속단속,-1
35.87675,127.50544,60,과속단속,-1
37.38728,126.68507,50,과속단속,271
37.38194,126.69422,40,과속단속,-1
35.84977,128.81740,80,과속단속,-1
35.96830,126.73242,50,과속단속,137
35.96861,126.73262,50,과속단속,-1
37.59509,126.64362,60,과속단속,125
37.59562,126.64362,60,과속단속,315
37.43944,126.72170,50,과속단속,-1
35.52137,129.39819,60,과속단속,-1
38.05458,128.64624,80,과속단속,-1
35.89736,127.55233,50,과속단속,-1
35.63183,127.29063,60,과속단속,-1
35.92992,127.14042,80,과속단속,66
35.95192,127.15236,80,과속단속,280
35.40922,127.40007,60,과속단속,-1
35.42723,127.42603,60,과속단속,-1
35.45536,127.46398,60,과속단속,-1
35.58815,126.85917,60,과속단속,-1
35.96185,126.74063,50,과속단속,246
35.84360,127.11309,50,과속단속,222
35.94634,126.56837,80,과속단속,263
35.62200,127.03674,60,과속단속,233
36.12187,126.96553,70,과속단속,66
35.93263,126.88120,60,과속단속,-1
35.93238,126.88143,60,과속단속,-1
35.91988,126.92007,60,과속단속,-1
35.92836,126.63991,30,보호구역,-1
35.95928,126.70937,50,과속단속,99
35.86793,128.45843,30,보호구역,-1
35.79970,128.49552,30,보호구역,-1
35.78928,128.46646,60,과속단속,96
35.80660,128.52093,50,보호구역,3
35.80606,128.52039,50,보호구역,183
36.41556,128.21244,60,과속단속,281
35.81466,128.43109,60,과속단속,-1
35.92311,128.51858,80,과속단속,47
37.85405,127.03393,60,과속단속,263
37.86092,127.01127,60,과속단속,-1
37.82261,126.99185,60,과속단속,-1
38.08831,128.00863,60,과속단속,-1
38.18445,127.30736,70,과속단속,277
38.15789,127.30979,70,과속단속,206
36.31082,128.27936,60,과속단속,-1
37.08250,129.37347,50,과속단속,-1
37.08278,129.37328,50,과속단속,-1
35.68846,127.90428,50,과속단속,-1
35.18007,128.83826,60,과속단속,45
35.24511,128.99678,50,과속단속,-1
35.31851,128.60305,50,과속단속,-1
35.30224,128.59625,50,과속단속,-1
35.29637,128.59124,50,과속단속,-1
35.10546,126.93769,60,과속단속,154
37.54734,126.74619,50,과속단속,31
37.54782,126.74609,50,과속단속,-1
37.54158,126.66960,30,과속단속,-1
35.71224,127.40648,60,과속단속,-1
35.83794,127.34761,80,과속단속,-1
35.38031,127.14139,60,과속단속,-1
35.64961,127.28348,80,과속단속,102
35.73649,126.75166,80,과속단속,306
35.82210,127.03225,70,과속단속,52
35.93706,127.17353,60,과속단속,189
35.93384,127.17322,60,과속단속,9
35.77700,127.00604,80,과속단속,221
35.75240,126.85154,60,과속단속,-1
35.19739,128.05446,60,과속단속,141
35.19746,128.05435,60,과속단속,141
35.24221,128.63443,50,과속단속,-1
35.16517,128.57358,50,과속단속,-1
35.08611,129.04135,50,과속단속,24
35.09708,129.05491,50,보호구역,215
35.09452,129.04924,50,과속단속,96
35.08620,129.07218,50,과속단속,-1
35.18629,128.99440,50,과속단속,274
35.17595,128.89598,80,과속단속,95
35.16712,129.12908,60,과속단속,324
35.10112,128.92796,70,과속단속,194
35.08363,129.03987,60,과속단속,24
35.35994,129.25828,70,과속단속,-1
35.35770,129.13686,70,과속단속,76
35.23778,129.02237,60,과속단속,31
35.13286,128.10041,50,과속단속,-1
35.43486,128.59186,80,과속단속,101
35.15530,126.89199,50,과속단속,223
35.14937,126.88779,60,과속단속,-1
35.12550,126.90639,50,과속단속,-1
35.14003,126.83194,60,과속단속,100
35.14410,126.92604,50,과속단속,300
36.35460,126.59100,40,과속단속,-1
36.61738,126.63176,50,과속단속,-1
36.50439,126.61698,60,과속단속,178
35.22117,126.83111,60,과속단속,-1
35.14339,126.79946,60,과속단속,-1
35.14933,126.76926,60,과속단속,-1
35.16903,126.89045,50,과속단속,20
35.20250,126.89865,50,과속단속,132
35.16862,126.90359,60,과속단속,61
35.07974,126.83172,70,과속단속,300
35.13500,126.91678,50,과속단속,238
35.08812,126.84345,60,과속단속,-1
35.16241,126.86327,60,과속단속,228
35.14677,126.84848,60,과속단속,242
37.74474,126.48331,30,과속단속,-1
35.26554,128.52073,60,과속단속,202
35.29587,128.80289,60,과속단속,65
35.23972,128.58934,50,과속단속,-1
35.22823,128.50538,60,과속단속,2
35.18553,128.82262,60,과속단속,155
35.25161,128.66711,50,과속단속,-1
35.28651,128.67958,30,보호구역,-1
37.88380,127.03538,80,과속단속,319
37.52428,126.67960,60,과속단속,94
37.52486,126.67929,60,과속단속,272
37.52524,126.72202,50,과속단속,-1
35.94291,126.83379,110,구간단속,9
35.94292,126.83370,110,구간단속,9
35.85699,126.84330,110,구간단속,2
35.85699,126.84322,110,구간단속,2
35.66418,126.67249,60,과속단속,-1
35.76326,126.79960,80,과속단속,-1
35.88719,127.12926,60,과속단속,4
35.81228,127.12332,60,과속단속,358
36.80644,127.52278,80,과속단속,330
36.90325,127.52295,80,과속단속,198
35.09177,126.77259,70,과속단속,-1
35.21356,126.84311,50,과속단속,-1
35.19079,126.80972,60,과속단속,157
35.20540,126.84405,50,과속단속,-1
35.57549,129.35677,50,과속단속,-1
35.46930,129.31738,70,과속단속,-1
35.95605,128.55503,60,과속단속,-1
35.91325,128.54235,50,보호구역,181
35.80328,128.49821,40,보호구역,-1
35.85733,128.51282,30,보호구역,-1
35.84746,128.55186,40,과속단속,-1
35.84445,128.56348,40,보호구역,-1
35.81326,128.61647,50,과속단속,-1
35.85275,128.59037,50,과속단속,-1
35.87032,128.55536,50,과속단속,-1
35.88077,128.64051,60,과속단속,-1
35.86087,128.69294,40,보호구역,-1
35.86652,128.70184,60,과속단속,-1
35.89059,128.64650,60,과속단속,-1
35.89973,128.54806,50,과속단속,-1
35.87556,128.73304,60,과속단속,96
35.89935,128.54769,50,과속단속,160
35.91312,128.59981,60,과속단속,186
35.78144,128.43473,50,보호구역,240
35.74102,128.65631,60,과속단속,165
35.85150,128.44850,70,과속단속,204
35.17679,128.12964,60,과속단속,-1
35.17688,128.12980,60,과속단속,-1
35.21243,128.11510,50,과속단속,-1
35.53883,129.30552,50,과속단속,1
35.51019,129.40369,60,과속단속,257
35.50443,129.42519,30,과속단속,114
35.50659,129.41882,50,과속단속,128
35.50638,129.41852,50,과속단속,-1
35.51052,129.37471,60,과속단속,290
35.52023,129.39877,60,과속단속,-1
35.57447,129.33866,60,과속단속,230
35.52633,129.24512,70,과속단속,-1
35.52637,129.24560,70,과속단속,29
35.51423,129.33950,70,과속단속,32
35.45037,129.34588,60,과속단속,-1
35.45041,129.34610,60,과속단속,-1
35.49798,129.33896,60,과속단속,-1
35.50282,129.34131,60,과속단속,-1
35.57552,129.44211,60,과속단속,-1
35.49025,129.35737,60,과속단속,-1
35.54742,129.24906,50,과속단속,-1
35.55926,129.34379,50,보호구역,-1
35.49436,129.31125,80,과속단속,148
35.46157,129.34376,80,과속단속,146
35.47099,129.33842,60,과속단속,-1
35.50008,129.30071,70,과속단속,131
36.12574,127.46611,60,과속단속,-1
36.08859,126.81578,60,과속단속,-1
36.26673,126.90796,70,과속단속,268
36.68818,126.67635,60,과속단속,355
36.59197,126.90519,70,과속단속,93
36.58349,127.29284,50,과속단속,174
36.34199,126.59111,50,과속단속,25
36.32533,126.60256,50,보호구역,-1
36.46204,126.60026,70,과속단속,203
36.58281,127.11827,70,과속단속,181
36.14033,127.08967,70,과속단속,107
36.61896,126.71059,70,과속단속,42
36.51386,126.59211,60,과속단속,-1
36.52683,126.62504,60,과속단속,207
36.92382,126.59534,70,과속단속,349
36.89084,126.63708,50,과속단속,-1
36.78976,127.08823,60,과속단속,78
36.68301,126.99068,60,과속단속,-1
36.68417,126.53613,70,과속단속,209
36.68768,126.16595,60,과속단속,-1
36.73668,127.33032,80,과속단속,141
36.78117,127.15839,50,과속단속,358
36.85122,127.18336,60,과속단속,203
36.90805,127.17107,60,과속단속,-1
35.46633,129.36031,60,과속단속,-1
35.56524,129.33487,30,보호구역,103
35.58819,129.13349,60,과속단속,187
35.46711,129.21239,70,과속단속,-1
35.52027,129.42742,50,과속단속,314
35.52734,129.43333,50,과속단속,-1
35.53885,129.36648,70,과속단속,-1
35.54618,129.35064,60,과속단속,-1
35.50638,129.30865,60,과속단속,175
35.53411,129.31422,60,과속단속,253
35.53871,129.26602,60,과속단속,272
35.56411,129.33626,60,과속단속,53
35.58810,129.35847,60,과속단속,171
35.55671,129.36050,60,과속단속,197
35.55572,129.27558,60,과속단속,239
35.27557,129.24674,80,과속단속,240
35.28821,129.25249,80,과속단속,351
35.17973,129.11702,50,과속단속,334
35.23468,129.01405,50,과속단속,278
35.08887,128.86220,70,과속단속,90
35.17244,128.90069,70,과속단속,22
35.16579,129.04558,50,보호구역,-1
36.40794,126.95751,60,과속단속,-1
36.11071,127.49171,40,과속단속,22
35.16588,128.97568,80,과속단속,187
35.11355,128.92373,60,과속단속,104
35.18637,128.99157,50,과속단속,273
35.19426,128.96357,70,과속단속,30
35.20058,128.96923,70,과속단속,227
35.10693,128.84620,70,과속단속,247
35.13581,128.85739,60,과속단속,139
36.40873,127.38165,60,과속단속,-1
37.13597,128.53348,80,과속단속,-1
36.41238,127.37827,50,과속단속,7
36.41238,127.37800,50,과속단속,187
37.63114,126.86957,30,보호구역,-1
35.57525,129.13105,60,과속단속,26
35.35696,129.34278,50,과속단속,-1
35.41073,129.34210,60,과속단속,-1
35.42270,129.33801,60,과속단속,-1
35.57220,129.20888,80,과속단속,-1
35.60294,129.14030,60,보호구역,33
35.53003,129.43297,50,과속단속,-1
35.54887,129.28283,60,과속단속,-1
35.53792,129.26062,60,과속단속,72
35.53969,129.34799,60,과속단속,91
35.57055,129.36070,60,과속단속,87
35.47433,129.29422,60,과속단속,-1
35.55825,129.25498,60,과속단속,105
35.61744,129.14972,70,과속단속,-1
35.65653,129.16905,70,과속단속,31
35.26260,129.01443,50,과속단속,198
35.13943,128.82054,50,과속단속,-1
35.08889,128.84944,70,과속단속,90
35.08904,128.85689,70,과속단속,270
35.08909,128.83940,60,과속단속,180
35.87748,128.76647,100,구간단속,45
35.87768,128.76637,100,구간단속,225
35.87765,128.76630,100,구간단속,225
35.94225,128.83478,60,과속단속,-1
37.64809,126.83683,50,보호구역,-1
37.61920,126.83420,50,과속단속,-1
37.64965,126.89955,60,과속단속,307
37.65613,126.88129,60,과속단속,-1
36.49969,127.24046,50,과속단속,93
36.50756,127.24982,50,보호구역,-1
35.24542,129.22110,60,과속단속,-1
35.32293,129.17956,50,과속단속,-1
35.11900,129.07944,60,과속단속,57
35.33983,129.16961,70,과속단속,133
35.09103,129.07065,50,과속단속,-1
37.49241,126.48659,30,과속단속,-1
35.43094,126.73743,50,과속단속,-1
35.44819,126.69623,60,과속단속,-1
35.43154,126.56394,70,과속단속,232
35.44617,126.49213,60,과속단속,-1
35.49825,126.50890,60,과속단속,-1
35.42770,126.69474,40,과속단속,-1
35.43025,126.69964,30,보호구역,-1
37.48573,126.99740,30,보호구역,-1
37.47542,126.99004,20,보호구역,-1
37.47868,126.98521,20,보호구역,-1
37.48673,126.98793,30,보호구역,-1
37.50199,127.01547,30,보호구역,-1
37.50181,126.99732,30,보호구역,-1
37.48069,127.01052,30,보호구역,-1
37.49029,127.01446,50,보호구역,-1
37.47954,126.96361,30,보호구역,-1
37.49204,126.95929,30,보호구역,-1
37.48047,126.95594,30,보호구역,-1
37.47106,127.02463,30,보호구역,-1
35.40423,129.34645,60,과속단속,65
35.40431,129.34604,60,과속단속,65
35.40109,129.35100,60,과속단속,230
35.57995,129.43183,60,과속단속,-1
35.42831,129.34248,50,과속단속,-1
35.55045,129.27897,60,과속단속,-1
35.52299,129.31377,30,과속단속,-1
35.51764,129.29502,50,과속단속,-1
35.59583,129.36660,30,보호구역,-1
35.59543,129.36638,30,보호구역,-1
35.60074,129.36941,30,보호구역,81
35.60075,129.37044,30,보호구역,171
35.60096,129.37050,30,보호구역,351
35.59721,129.36629,30,보호구역,261
35.59716,129.36677,30,보호구역,81
35.59988,129.36158,30,과속단속,261
35.59966,129.36152,30,과속단속,351
35.60022,129.36595,50,과속단속,171
35.60037,129.36615,50,과속단속,261
35.60311,129.36544,50,과속단속,171
35.60581,129.36510,60,과속단속,-1
35.60534,129.36518,60,과속단속,18
37.50471,126.99568,30,보호구역,-1
37.49615,126.99829,30,과속단속,-1
37.46337,127.09053,60,과속단속,-1
37.50536,127.01342,30,보호구역,-1
37.50176,126.98968,50,과속단속,74
37.45621,127.01899,30,보호구역,77
37.48175,126.83808,30,보호구역,-1
37.48950,126.83985,30,보호구역,-1
37.48923,126.82439,50,보호구역,-1
37.48913,126.82467,50,보호구역,-1
37.50655,126.87795,30,보호구역,-1
34.90091,128.37859,70,과속단속,276
34.90104,128.37655,70,과속단속,96
34.80238,128.39394,30,보호구역,-1
35.44916,128.64958,60,과속단속,-1
35.44916,128.64959,60,과속단속,-1
35.48490,128.75751,30,과속단속,-1
35.40042,128.84198,30,보호구역,-1
35.40043,128.84199,30,보호구역,-1
35.33565,129.12322,70,과속단속,-1
35.38451,129.15533,70,과속단속,9
35.41199,129.05645,70,과속단속,6
35.32063,128.26811,30,보호구역,-1
35.32051,128.26810,30,보호구역,-1
35.62911,127.33073,30,보호구역,-1
35.49551,127.14921,30,보호구역,-1
35.82056,127.02454,30,보호구역,-1
36.08378,127.28656,60,과속단속,-1
35.84360,127.26997,30,보호구역,-1
35.84485,127.07238,50,과속단속,-1
35.52094,129.09833,70,과속단속,15
35.39692,129.33504,60,과속단속,335
35.56383,129.12767,60,과속단속,-1
37.55247,127.14629,30,보호구역,-1
37.52777,127.14050,30,보호구역,-1
37.56475,127.17805,30,보호구역,-1
37.55169,127.14984,30,보호구역,-1
37.54702,127.13441,30,보호구역,-1
37.56154,127.18026,30,보호구역,-1
37.54465,127.13263,30,보호구역,-1
37.56040,127.16208,30,보호구역,-1
37.55485,127.17374,30,보호구역,-1
37.49068,126.83924,30,보호구역,-1
37.49578,126.82513,30,보호구역,-1
37.49629,126.84404,50,과속단속,-1
37.49551,126.82535,30,보호구역,-1
37.49889,126.86439,30,보호구역,-1
37.50436,126.88742,30,보호구역,178
37.51164,126.88528,30,보호구역,-1
37.49986,126.88990,30,보호구역,-1
37.48312,126.84181,30,보호구역,70
36.78551,127.86313,30,보호구역,-1
36.57362,127.65508,40,보호구역,-1
36.55283,127.73257,30,보호구역,-1
36.45892,127.70067,30,보호구역,-1
36.97727,127.92411,30,보호구역,-1
36.98792,127.82830,30,보호구역,-1
37.01658,127.83107,30,보호구역,-1
36.61139,127.32213,60,과속단속,352
36.61808,127.42936,50,보호구역,-1
37.55301,127.16512,30,보호구역,-1
37.53077,127.12978,30,과속단속,-1
35.73557,128.47644,60,구간단속,-1
35.83737,128.54855,50,과속단속,-1
35.85835,128.43513,70,과속단속,273
37.52649,126.89089,30,보호구역,-1
37.53189,126.90007,30,보호구역,212
37.51886,126.89480,50,보호구역,-1
37.52293,126.90498,30,보호구역,-1
37.49316,126.90115,30,보호구역,-1
36.80569,127.79262,50,과속단속,-1
35.72970,128.46657,60,구간단속,-1
37.54836,126.97786,30,보호구역,-1
37.53208,126.99624,30,과속단속,-1
37.54018,126.96182,30,보호구역,-1
37.55887,126.91279,30,보호구역,-1
37.55916,126.91346,30,보호구역,-1
37.54386,126.93823,30,보호구역,-1
37.54204,126.94619,30,보호구역,-1
34.88076,127.57090,70,과속단속,-1
34.88085,127.57117,70,과속단속,-1
35.16930,128.57693,60,과속단속,131
35.16923,128.57697,60,과속단속,-1
35.23261,128.58837,30,보호구역,-1
35.23373,128.58916,30,보호구역,-1
35.23177,128.57553,30,보호구역,-1
35.41740,127.87561,30,보호구역,-1
34.82966,128.02055,60,과속단속,-1
34.82971,128.02022,60,과속단속,-1
34.86915,127.89340,30,보호구역,-1
35.56618,126.86253,30,보호구역,-1
35.56671,126.86034,30,보호구역,-1
35.55940,126.85098,50,과속단속,-1
35.57875,126.81142,80,과속단속,-1
35.66757,126.92528,60,과속단속,-1
35.66788,126.92474,60,과속단속,-1
35.63700,127.07369,80,과속단속,-1
35.63686,127.07332,80,과속단속,155
37.54979,126.98160,30,보호구역,-1
37.53783,127.01241,30,보호구역,-1
37.53357,126.95023,30,과속단속,249
37.53523,126.95286,30,보호구역,-1
37.53971,127.00168,30,보호구역,-1
37.51958,126.97509,30,보호구역,-1
37.52097,126.99083,30,보호구역,-1
37.56829,126.84139,50,과속단속,-1
36.93116,127.18938,110,구간단속,1
36.83402,127.17446,110,구간단속,16
35.72032,126.97541,100,과속단속,19
34.33241,126.73691,60,과속단속,-1
34.39290,126.88094,60,과속단속,-1
34.43009,126.81870,50,과속단속,-1
35.26636,126.50873,40,과속단속,-1
35.21770,126.54940,80,과속단속,107
35.24080,126.43040,60,과속단속,-1
35.27080,126.50560,40,과속단속,-1
35.27780,126.51290,30,보호구역,-1
35.21185,127.23680,60,과속단속,-1
35.28675,127.31185,60,과속단속,-1
35.30532,127.18845,30,보호구역,-1
36.24008,126.59237,30,보호구역,-1
36.41126,126.64584,30,보호구역,-1
36.80130,127.06710,30,보호구역,-1
36.80170,127.06770,30,보호구역,-1
36.27680,126.91630,30,보호구역,32
36.26860,126.92850,30,보호구역,134
36.27440,126.88140,30,보호구역,268
37.55358,126.86351,30,보호구역,-1
37.55365,126.82612,50,과속단속,-1
37.56488,126.84551,30,보호구역,-1
37.56125,126.84665,30,보호구역,-1
37.56703,126.85126,30,보호구역,-1
37.57582,126.82008,30,보호구역,-1
37.54879,126.84698,50,보호구역,-1
37.46671,126.90820,30,보호구역,-1
37.47710,126.89660,30,보호구역,-1
37.47709,126.91033,30,보호구역,81
37.44984,126.91482,30,보호구역,-1
37.45503,126.90594,30,보호구역,-1
37.47670,126.90779,50,과속단속,81
37.47015,126.90669,30,보호구역,-1
37.46738,126.89147,30,보호구역,-1
37.47381,126.89864,50,과속단속,4
37.46641,126.89944,30,보호구역,-1
37.53025,127.07485,30,보호구역,-1
37.55285,127.07234,30,보호구역,-1
37.56497,127.08072,30,과속단속,-1
37.53528,127.06864,30,보호구역,-1
37.53138,127.08243,30,보호구역,-1
37.55121,127.07108,30,보호구역,-1
37.56422,127.08342,30,보호구역,293
37.53743,127.07918,30,보호구역,-1
37.56342,127.08686,30,보호구역,266
37.51651,127.07771,40,과속단속,69
37.56782,126.80753,30,보호구역,-1
36.64060,127.17670,50,과속단속,-1
37.15893,127.07858,50,과속단속,260
37.02516,127.11164,50,과속단속,167
37.02801,127.10415,50,과속단속,261
37.02559,127.10688,30,보호구역,-1
37.02571,127.10414,30,보호구역,-1
37.02602,127.10003,60,과속단속,-1
37.02780,127.10042,60,과속단속,-1
37.30327,127.33129,30,보호구역,-1
37.37188,127.24793,30,보호구역,296
37.48395,127.14878,50,과속단속,207
37.48640,127.15200,50,과속단속,-1
37.48628,127.15247,50,과속단속,55
37.48934,127.15752,50,과속단속,-1
37.48922,127.15794,50,과속단속,55
37.59541,126.95147,30,보호구역,59
37.59649,126.94949,30,보호구역,-1
37.55887,126.95311,30,보호구역,-1
37.58438,126.94379,30,보호구역,-1
37.58498,126.94416,30,보호구역,-1
37.55055,126.83143,30,보호구역,-1
37.55470,126.83688,50,보호구역,-1
37.55759,126.82348,30,보호구역,-1
37.56362,126.82224,30,보호구역,-1
37.48962,127.06891,30,보호구역,-1
37.49057,127.06145,30,보호구역,-1
37.49138,127.08782,30,보호구역,-1
37.48569,127.08701,30,보호구역,-1
37.48052,127.05256,30,보호구역,-1
37.49565,127.06646,50,보호구역,249
37.61012,127.05890,30,보호구역,-1
37.60873,127.03801,30,보호구역,-1
37.59921,127.03998,30,보호구역,-1
37.60857,127.07023,30,보호구역,-1
37.60764,127.04732,30,보호구역,-1
37.60822,127.03640,30,보호구역,-1
37.60925,127.03305,30,보호구역,-1
37.60998,127.01513,30,보호구역,-1
37.61127,126.99980,30,보호구역,-1
37.58563,127.01309,30,보호구역,-1
37.59533,127.02333,30,보호구역,-1
37.59399,126.99911,30,보호구역,-1
36.89903,127.44150,30,보호구역,-1
36.93073,127.42896,30,보호구역,-1
36.88394,127.35944,50,보호구역,-1
36.90389,127.52905,30,보호구역,-1
37.51821,126.74673,30,과속단속,-1
37.51360,126.74240,50,과속단속,-1
37.51023,126.73652,30,과속단속,-1
37.50640,126.70883,30,과속단속,-1
37.48529,126.73032,30,과속단속,-1
37.50271,126.70868,30,과속단속,-1
37.50267,126.70708,30,과속단속,-1
37.49083,126.70549,50,과속단속,-1
37.57087,127.03802,50,과속단속,-1
37.54607,127.05049,50,과속단속,111
37.54629,127.05753,30,과속단속,-1
37.54833,127.06537,50,과속단속,-1
37.54897,127.02851,50,보호구역,-1
37.55922,127.05042,40,과속단속,-1
37.55667,127.02847,30,보호구역,-1
37.55497,127.07105,30,보호구역,-1
37.56190,127.05725,30,과속단속,-1
37.56631,127.03335,40,보호구역,-1
37.54374,127.04931,30,보호구역,-1
37.53796,127.05793,40,과속단속,-1
37.47536,127.05291,30,보호구역,-1
37.49169,127.08209,30,보호구역,-1
37.55859,127.01266,50,보호구역,-1
37.55991,127.01485,30,과속단속,-1
37.55810,126.98734,30,보호구역,-1
37.55885,127.01309,50,보호구역,-1
37.56723,127.01620,50,보호구역,-1
37.55545,126.96357,30,보호구역,-1
37.48183,126.82477,50,과속단속,-1
37.47774,126.82376,30,보호구역,-1
37.47846,126.82298,30,보호구역,-1
37.47645,126.81884,50,과속단속,-1
37.61962,127.14825,30,보호구역,144
37.61998,127.14814,30,보호구역,324
37.62032,127.15450,50,과속단속,181
37.62855,127.15762,30,보호구역,-1
37.62060,127.15892,30,보호구역,-1
37.62842,127.15251,50,보호구역,-1
38.00195,127.24264,50,과속단속,-1
38.02029,127.32941,40,과속단속,-1
37.85386,127.16625,60,과속단속,209
37.81223,127.25456,70,과속단속,229
35.80746,128.52088,60,과속단속,58
35.80753,128.52092,60,과속단속,90
35.80745,128.52091,30,보호구역,58
36.83710,127.47258,30,보호구역,-1
36.78024,127.53593,30,보호구역,-1
36.84684,127.53722,30,보호구역,-1
37.49816,126.88411,30,보호구역,7
37.50542,126.85694,30,보호구역,-1
37.49754,126.82912,30,보호구역,-1
37.48977,126.89203,50,과속단속,-1
37.49291,126.89077,50,과속단속,-1
37.49773,126.88444,30,보호구역,-1
37.49323,126.87360,30,보호구역,-1
37.49775,126.86489,50,보호구역,44
37.50261,126.84912,30,과속단속,-1
37.50048,126.86257,30,보호구역,-1
37.57336,127.00337,30,보호구역,-1
37.57915,126.98537,30,보호구역,-1
37.60085,126.95679,30,보호구역,-1
37.57521,126.98690,30,보호구역,344
37.58130,127.01295,30,보호구역,-1
37.57340,127.00208,50,보호구역,-1
37.58528,126.97018,30,보호구역,-1
37.57990,126.98494,30,보호구역,-1
37.57641,127.01556,30,보호구역,-1
37.58832,126.99968,30,보호구역,-1
37.57710,126.96960,30,과속단속,-1
37.58409,126.96863,30,보호구역,-1
37.60558,127.00916,50,보호구역,118
37.55418,126.96604,50,과속단속,67
37.55319,127.00966,50,과속단속,-1
37.56307,127.00277,50,과속단속,-1
37.55756,127.15935,30,보호구역,-1
37.54513,127.12842,30,과속단속,-1
35.31820,127.43860,80,과속단속,50
35.23530,127.45780,50,과속단속,-1
35.21060,127.47360,50,과속단속,145
35.22990,127.45470,80,과속단속,329
35.00772,127.09353,30,보호구역,-1
35.16833,127.13351,30,보호구역,-1
34.88362,126.98811,30,보호구역,-1
34.94459,126.89333,30,보호구역,-1
34.94873,126.95964,30,보호구역,-1
35.03092,127.04272,30,보호구역,-1
34.86560,127.02560,80,과속단속,107
34.90530,126.99350,80,과속단속,309
34.84610,126.93920,70,과속단속,30
35.05310,126.96520,30,보호구역,-1
37.48184,126.84999,30,과속단속,-1
37.50531,126.85637,30,보호구역,-1
37.49771,126.88461,30,보호구역,-1
37.49961,126.88990,30,보호구역,-1
37.50667,126.87861,30,보호구역,-1
37.50502,126.88926,30,보호구역,-1
37.48362,126.84140,30,보호구역,-1
37.48197,126.83836,30,보호구역,-1
37.49883,126.82918,30,보호구역,-1
37.49865,126.84012,30,보호구역,-1
37.42976,126.74724,50,과속단속,134
37.43944,126.73728,30,과속단속,-1
37.46454,126.70253,50,과속단속,-1
37.46304,126.69894,50,과속단속,-1
37.44560,126.70899,30,과속단속,-1
37.44575,126.70918,30,과속단속,-1
37.46680,126.69270,30,과속단속,-1
37.45999,126.70228,50,과속단속,-1
37.46038,126.70255,50,과속단속,-1
37.45538,126.71481,30,과속단속,-1
37.45898,126.71469,30,과속단속,-1
37.45680,126.70805,50,과속단속,-1
37.60377,127.01309,30,보호구역,294
37.59429,127.03589,50,보호구역,-1
37.60370,127.01485,50,과속단속,268
37.57824,127.02306,30,보호구역,183
37.54580,127.16315,30,보호구역,-1
37.55057,127.17468,30,보호구역,-1
37.54903,127.12480,30,보호구역,-1
37.53037,127.12194,30,과속단속,-1
37.52890,127.14479,30,보호구역,-1
37.54939,127.15764,30,보호구역,-1
37.55925,127.15935,30,보호구역,-1
37.55424,127.14281,30,보호구역,-1
37.54767,127.15263,30,보호구역,-1
37.53781,127.14441,30,보호구역,-1
37.49759,127.14063,30,보호구역,-1
37.50013,127.15130,30,보호구역,132
37.49031,127.12396,50,과속단속,-1
37.48819,127.13102,30,과속단속,-1
37.50730,127.09255,30,보호구역,-1
37.50220,127.11700,40,과속단속,-1
37.49926,127.11968,40,보호구역,-1
37.49569,127.13079,50,보호구역,-1
37.49308,126.55369,50,과속단속,-1
37.49247,126.55384,50,과속단속,-1
37.46482,126.63569,30,과속단속,-1
37.46256,126.72024,50,과속단속,-1
37.43005,126.71374,30,과속단속,-1
37.42973,126.71390,30,과속단속,-1
37.39394,126.72871,30,과속단속,-1
37.42352,126.74541,30,과속단속,-1
37.63432,127.01970,30,보호구역,85
37.63684,127.03173,30,보호구역,-1
37.51772,127.10260,30,과속단속,-1
37.49663,127.15408,40,과속단속,-1
37.49430,127.14195,50,과속단속,-1
37.51015,127.09510,30,보호구역,276
37.50805,127.11080,50,과속단속,-1
37.43870,126.68336,50,과속단속,-1
37.46790,126.66916,30,과속단속,-1
37.46814,126.66882,30,과속단속,-1
37.46380,126.66892,50,과속단속,124
37.46412,126.66928,50,과속단속,-1
37.46728,126.67718,30,과속단속,-1
37.45127,126.68459,50,과속단속,-1
37.45091,126.68508,50,과속단속,-1
37.44657,126.69370,30,과속단속,-1
37.44619,126.69391,30,과속단속,-1
37.46075,126.69652,50,과속단속,-1
37.46082,126.69602,50,과속단속,-1
37.60549,127.01124,30,과속단속,204
37.45475,126.90066,50,과속단속,343
37.67873,127.03853,30,과속단속,-1
37.65912,127.04274,30,보호구역,-1
37.55756,127.02940,30,보호구역,-1
37.55772,127.02434,40,보호구역,-1
37.55360,127.03358,50,보호구역,-1
37.54517,127.01544,30,보호구역,-1
37.54408,127.06494,50,보호구역,204
37.54753,127.01260,30,보호구역,-1
37.55296,127.01943,30,보호구역,-1
37.62006,127.01564,30,보호구역,-1
37.64462,127.01082,30,보호구역,-1
37.62124,127.01233,30,보호구역,-1
37.61258,127.02721,30,보호구역,-1
36.21191,127.08802,50,과속단속,248
36.20860,127.09680,50,과속단속,-1
36.19890,127.10870,40,과속단속,-1
36.19880,127.10880,40,과속단속,-1
36.13570,127.09780,50,과속단속,128
36.13940,127.06750,70,과속단속,297
36.15560,127.01940,60,과속단속,219
36.19290,127.09680,40,과속단속,-1
36.20260,127.08670,40,과속단속,-1
36.19090,127.09350,50,과속단속,242
36.16920,127.10350,60,과속단속,173
36.19500,127.10070,50,과속단속,-1
36.24550,127.22820,70,과속단속,-1
36.21210,127.17870,70,과속단속,92
37.60314,126.66503,30,과속단속,-1
37.49598,126.67178,30,과속단속,-1
37.49050,126.68562,30,과속단속,-1
37.54975,126.68217,30,과속단속,-1
37.56054,126.67330,30,과속단속,-1
37.51304,126.67879,30,과속단속,-1
37.51774,126.66570,30,과속단속,-1
37.46041,126.65888,30,과속단속,-1
37.45986,126.65902,30,과속단속,-1
37.46256,126.65530,30,과속단속,-1
37.46249,126.65472,30,과속단속,-1
37.44512,126.65844,30,과속단속,-1
37.44542,126.65833,30,과속단속,-1
37.43842,126.68361,50,과속단속,-1
34.81703,127.92562,70,과속단속,-1
37.57137,126.95928,40,과속단속,-1
35.41769,127.40184,50,과속단속,-1
35.41778,127.40175,50,과속단속,-1
35.40454,127.38488,50,과속단속,-1
35.39803,127.44998,60,과속단속,-1
35.44152,127.51881,60,과속단속,-1
35.45774,127.44492,60,과속단속,-1
35.64290,126.77776,80,과속단속,-1
35.64281,126.77745,80,과속단속,198
35.74341,126.98355,40,과속단속,-1
35.74338,126.98347,40,과속단속,-1
35.39064,127.44427,30,보호구역,-1
35.39514,127.37748,30,보호구역,-1
35.40928,127.37909,30,보호구역,-1
35.41798,127.38070,30,보호구역,-1
36.78417,126.46828,40,보호구역,-1
36.76967,126.44412,30,보호구역,-1
36.76980,126.44380,30,보호구역,-1
36.78110,126.45540,30,보호구역,-1
36.77820,126.44680,30,보호구역,-1
36.77400,126.46300,40,과속단속,40
36.80920,126.44020,70,과속단속,358
36.21244,127.09029,30,과속단속,71
35.44053,128.75775,80,과속단속,-1
35.27750,128.52407,60,과속단속,-1
35.27726,128.53069,60,과속단속,353
35.09896,128.81743,50,보호구역,-1
35.09887,128.81770,50,보호구역,-1
34.88779,128.64229,30,보호구역,-1
34.86132,128.64382,30,보호구역,337
34.88063,128.73569,30,보호구역,-1
35.23582,128.64610,60,과속단속,-1
35.23819,128.63977,50,과속단속,-1
35.23596,128.63841,60,과속단속,125
35.23723,128.64362,50,과속단속,-1
35.22964,128.64081,60,과속단속,-1
35.23602,128.64258,50,과속단속,-1
35.23623,128.64278,50,과속단속,-1
35.24112,128.64429,40,보호구역,-1
34.98302,128.40322,50,과속단속,-1
35.02626,128.47888,50,과속단속,-1
35.06316,128.30882,50,과속단속,-1
35.10228,128.25232,50,과속단속,-1
34.93627,128.27475,50,과속단속,-1
34.96611,128.31933,70,과속단속,136
34.94481,128.71118,80,과속단속,224
35.03859,127.77306,60,과속단속,160
35.03858,127.77306,60,과속단속,144
34.79230,127.95904,60,과속단속,-1
34.81541,127.93245,70,과속단속,120
35.18786,128.27034,50,보호구역,-1
35.24113,128.09282,30,보호구역,-1
35.19051,128.06294,30,보호구역,-1
35.19017,128.06305,30,보호구역,-1
35.19979,128.07069,30,보호구역,-1
35.19980,128.07071,30,보호구역,-1
35.19368,128.07735,50,과속단속,-1
35.19372,128.07741,50,과속단속,-1
35.17461,128.06534,30,보호구역,-1
35.17611,128.06645,30,보호구역,-1
35.18705,128.09032,30,보호구역,-1
35.18227,128.14937,30,보호구역,-1
35.17310,128.09204,30,보호구역,-1
35.18191,128.06951,30,보호구역,-1
35.17495,128.10201,30,보호구역,358
35.18867,128.11794,30,보호구역,-1
35.17057,128.16177,30,보호구역,-1
35.21800,128.14355,30,보호구역,-1
35.17987,128.08420,30,보호구역,-1
35.16205,128.11161,30,보호구역,-1
35.47484,128.73664,70,과속단속,-1
36.98931,127.12705,50,과속단속,352
37.03245,127.09169,50,과속단속,-1
37.21667,127.04198,30,보호구역,-1
37.05191,127.04732,50,과속단속,258
37.05171,127.04725,50,과속단속,97
37.00000,129.36459,60,과속단속,-1
35.97206,128.94126,40,과속단속,-1
36.00085,129.04627,60,과속단속,-1
37.64292,127.06229,30,보호구역,-1
37.62981,127.05412,30,보호구역,-1
37.65469,127.07417,50,과속단속,-1
37.65149,127.07308,50,보호구역,-1
37.61974,127.06980,50,보호구역,-1
37.64069,127.07621,50,보호구역,-1
37.64524,127.05836,50,보호구역,-1
37.61827,127.05739,30,보호구역,-1
37.61712,127.10908,30,보호구역,-1
37.61784,127.08715,30,보호구역,-1
37.61407,127.09169,30,보호구역,-1
37.59061,127.08704,30,보호구역,-1
37.60524,127.10426,30,보호구역,-1
37.61567,127.08912,30,보호구역,-1
37.58994,127.07587,30,보호구역,-1
37.57521,127.08400,30,보호구역,-1
37.60564,127.10067,50,보호구역,-1
37.60599,127.10107,50,보호구역,4
37.17475,126.97817,60,과속단속,-1
36.93978,126.96744,60,과속단속,254
36.94416,127.00411,60,과속단속,268
37.06281,127.04686,50,보호구역,-1
37.06472,127.05077,50,과속단속,-1
37.05862,127.05055,50,과속단속,181
37.05731,127.05145,50,과속단속,-1
35.51671,126.67456,50,과속단속,-1
35.34190,126.60727,50,과속단속,-1
35.44016,126.63422,30,보호구역,-1
35.41574,126.56330,30,보호구역,-1
35.41570,126.56336,30,보호구역,-1
35.32418,126.58069,80,과속단속,66
35.32436,126.58035,80,과속단속,252
37.66404,126.80760,60,과속단속,63
37.65782,126.77461,60,과속단속,335
37.67950,126.75201,50,과속단속,208
37.68556,126.72378,50,과속단속,-1
37.71446,126.90257,30,보호구역,-1
37.70866,126.85469,60,과속단속,262
37.60947,126.86084,60,과속단속,130
37.64703,126.85354,60,과속단속,-1
37.49120,126.48473,30,과속단속,-1
37.47945,126.62607,30,과속단속,-1
37.58002,126.93347,50,보호구역,224
37.58015,126.93406,50,보호구역,47
37.58074,126.95184,50,보호구역,313
37.58033,126.95178,50,보호구역,135
37.51781,127.04554,50,과속단속,77
37.50825,127.02701,30,보호구역,-1
37.48646,127.03788,30,보호구역,-1
37.49906,127.05177,50,과속단속,-1
37.01298,129.40203,60,과속단속,-1
37.01297,129.40260,60,과속단속,38
35.33616,126.59667,50,과속단속,-1
36.43435,129.04494,50,과속단속,-1
36.43437,129.04490,50,과속단속,-1
37.55527,126.95582,30,보호구역,-1
35.42967,126.69905,30,보호구역,-1
35.51259,126.66322,30,보호구역,-1
37.56733,126.90433,30,보호구역,-1
36.80215,128.60186,60,과속단속,66
37.57698,126.89238,50,보호구역,-1
35.51386,126.67730,50,과속단속,-1
37.58598,126.88070,30,보호구역,-1
37.55390,126.91091,30,보호구역,-1
37.54770,126.92550,50,과속단속,-1
37.57127,126.90419,30,보호구역,-1
37.56577,126.91096,50,보호구역,-1
37.53570,126.88108,50,과속단속,66
37.52697,126.87389,30,보호구역,189
37.54211,126.82906,30,보호구역,-1
37.51562,126.83526,50,보호구역,-1
37.51163,126.85431,30,보호구역,-1
37.51457,126.85525,50,보호구역,-1
37.53747,126.87235,30,보호구역,-1
37.51166,126.83566,50,보호구역,-1
37.51089,126.84326,30,보호구역,-1
37.53511,126.87013,30,보호구역,-1
37.51087,126.86039,30,보호구역,-1
37.51512,126.87246,30,보호구역,-1
37.47370,126.91787,30,보호구역,119
37.47943,126.92793,30,보호구역,262
37.47628,126.91762,30,보호구역,-1
37.47758,126.91355,30,보호구역,261
37.46205,126.93207,30,보호구역,354
37.47289,127.09989,30,보호구역,261
37.47272,127.10018,30,보호구역,-1
37.52385,126.86862,30,보호구역,-1
37.51029,126.89846,30,보호구역,-1
37.53342,126.89395,30,보호구역,-1
37.49878,126.91283,30,보호구역,-1
37.50225,126.90418,50,보호구역,-1
37.50974,126.91754,30,보호구역,-1
37.53920,126.89514,30,보호구역,-1
37.49275,126.90383,30,보호구역,-1
37.52014,126.88814,30,보호구역,-1
37.50570,126.95220,30,보호구역,172
37.39776,126.63447,50,과속단속,-1
37.38036,126.65549,60,과속단속,38
36.29931,127.34322,30,보호구역,-1
36.32104,127.34380,30,보호구역,-1
36.34294,127.43044,30,보호구역,-1
36.34145,127.49214,30,보호구역,192
36.27935,127.46857,30,보호구역,-1
36.33020,127.39701,30,보호구역,-1
36.31825,127.43416,30,보호구역,-1
37.58284,127.08385,50,과속단속,-1
37.51682,126.84447,30,보호구역,-1
37.58333,127.01793,30,보호구역,-1
37.60153,127.02905,30,보호구역,-1
37.62498,127.04483,30,보호구역,-1
37.61729,127.01544,30,보호구역,-1
37.62408,127.03103,30,보호구역,-1
37.62384,127.01850,30,보호구역,-1
37.63045,127.01789,50,과속단속,-1
37.63871,127.01366,30,보호구역,-1
37.66254,127.06930,30,보호구역,-1
37.66718,127.06652,30,보호구역,-1
37.67075,127.05285,30,보호구역,-1
37.65978,127.06518,30,보호구역,-1
37.65945,127.05899,50,과속단속,-1
37.66529,127.06187,30,보호구역,-1
37.54538,127.09120,30,보호구역,-1
37.54848,127.08890,50,과속단속,-1
37.55403,127.09767,30,보호구역,-1
37.21482,126.99920,60,과속단속,146
37.50847,127.13613,60,과속단속,117
37.55132,127.16819,30,보호구역,-1
37.55773,127.15436,30,보호구역,-1
37.55573,127.12927,30,보호구역,-1
37.56131,127.16573,30,보호구역,-1
37.48180,126.97944,30,보호구역,-1
37.49258,126.97669,30,보호구역,-1
37.49431,126.91636,30,보호구역,-1
37.50584,126.96092,30,보호구역,-1
37.50896,126.93222,30,보호구역,-1
37.50867,126.94895,30,보호구역,-1
37.50887,126.92503,30,보호구역,-1
37.48785,126.97520,30,보호구역,-1
37.48765,126.91247,30,과속단속,-1
37.49992,126.92515,30,보호구역,-1
37.50061,126.93677,30,보호구역,-1
37.09170,127.07707,50,과속단속,-1
35.43080,126.73703,50,과속단속,-1
37.48903,126.55435,40,과속단속,-1
35.20991,126.88215,30,보호구역,-1
35.12447,126.90752,50,과속단속,-1
35.15001,126.85605,60,과속단속,348
35.14919,126.92903,50,과속단속,210
34.80323,127.96580,60,과속단속,58
35.56392,127.78267,80,과속단속,22
35.28277,129.09415,50,과속단속,194
35.14928,128.98945,50,과속단속,12
35.12453,129.07603,50,보호구역,93
35.28583,129.16132,70,과속단속,212
35.14117,128.87397,60,과속단속,121
35.18973,128.98726,80,과속단속,332
35.20015,129.11653,60,보호구역,201
35.80852,128.49758,50,과속단속,-1
35.87979,128.60360,60,과속단속,153
35.91614,128.55043,50,과속단속,-1
35.86279,128.57384,60,과속단속,254
35.87049,128.59128,50,과속단속,-1
35.85558,128.50316,40,과속단속,-1
35.84619,128.53684,60,과속단속,181
35.87718,128.65286,60,과속단속,132
35.94635,128.57586,60,과속단속,262
35.83123,128.57101,60,과속단속,298
35.97197,128.70106,60,과속단속,-1
35.21087,128.59225,60,과속단속,-1
35.21099,128.60030,60,과속단속,-1
35.25253,128.51161,60,과속단속,200
38.06283,127.98532,60,과속단속,-1
37.68464,127.87580,50,과속단속,-1
37.22441,129.04164,50,과속단속,-1
38.09436,128.62641,60,과속단속,76
35.17510,126.84784,50,과속단속,-1
35.12808,126.79192,30,보호구역,-1
35.18615,126.87011,60,과속단속,337
35.09761,126.77447,70,과속단속,-1
35.19817,128.23573,100,과속단속,80
35.29248,128.34675,100,과속단속,282
34.82164,128.03570,60,과속단속,-1
35.07274,127.77134,60,과속단속,-1
35.51437,128.42978,60,과속단속,-1
35.73562,128.15494,70,과속단속,-1
35.70832,127.89492,80,과속단속,208
35.11622,128.71896,70,과속단속,161
35.20760,128.67495,60,과속단속,-1
34.98798,128.05553,80,과속단속,166
35.17174,128.80621,60,과속단속,126
35.17043,128.16182,30,보호구역,-1
35.24657,128.57881,60,과속단속,258
35.10008,128.41662,70,과속단속,90
35.24587,128.67038,60,과속단속,111
34.95834,127.77633,70,과속단속,229
35.33853,129.01877,50,과속단속,-1
35.13432,128.09769,70,과속단속,180
35.13824,128.09853,70,과속단속,203
35.24223,128.53311,60,과속단속,-1
35.21668,128.56067,50,과속단속,175
35.26152,128.63066,60,과속단속,86
35.24197,128.65127,60,과속단속,240
35.23603,128.63821,60,과속단속,125
37.56608,126.74249,50,과속단속,-1
37.40770,126.72276,50,과속단속,-1
35.23602,129.21802,60,과속단속,-1
35.21134,129.01073,50,과속단속,359
35.16243,128.88944,60,과속단속,249
35.08472,128.98341,60,과속단속,91
35.28602,128.70132,60,과속단속,42
37.51557,126.73517,30,과속단속,-1
37.46304,126.75185,60,과속단속,-1
37.55447,126.74839,50,과속단속,-1
35.85165,128.50931,60,과속단속,248
35.87359,128.47167,50,과속단속,-1
35.85908,128.63544,60,과속단속,269
35.98122,128.62645,50,과속단속,-1
35.84072,128.60276,50,과속단속,-1
35.23270,126.87552,80,과속단속,-1
35.23159,126.87472,80,과속단속,-1
35.17947,126.81749,50,과속단속,-1
35.10234,126.93934,60,과속단속,348
37.36563,128.38678,60,과속단속,-1
37.83809,128.01680,80,과속단속,187
37.75714,128.87433,60,과속단속,142
37.87473,127.76856,50,과속단속,36
35.95481,128.75581,100,구간단속,285
35.10246,128.95657,70,과속단속,5
35.81719,128.64023,60,과속단속,-1
35.81172,128.61442,50,과속단속,149
35.22789,128.89926,60,과속단속,-1
35.28208,128.42189,100,과속단속,111
35.66065,126.81459,40,과속단속,-1
35.56676,126.83654,50,과속단속,-1
35.56690,126.83641,50,과속단속,-1
35.65115,126.77905,80,과속단속,130
35.65144,126.77931,80,과속단속,341
35.87622,127.13958,30,보호구역,-1
35.68391,127.51688,60,과속단속,-1
35.56372,127.35766,30,보호구역,-1
35.62958,127.33948,40,과속단속,-1
35.57936,127.35764,50,과속단속,-1
35.70583,126.66235,40,과속단속,-1
35.69504,126.67430,40,과속단속,-1
35.69507,126.67442,40,과속단속,-1
35.99810,127.80130,40,과속단속,-1
35.49922,126.81070,40,과속단속,-1
35.50035,126.81108,40,과속단속,-1
35.85754,127.09229,50,과속단속,1
36.91436,127.45467,60,과속단속,275
36.96637,127.49945,60,과속단속,-1
36.96589,127.49978,30,보호구역,-1
37.80235,126.71821,30,보호구역,-1
37.74236,126.81156,60,과속단속,272
37.92299,126.95267,60,과속단속,313
37.97662,126.92016,60,과속단속,-1
36.76975,126.47231,50,과속단속,129
36.77019,126.47217,50,과속단속,265
36.77546,126.46405,50,과속단속,302
36.73619,126.51874,80,과속단속,321
36.68152,126.57991,70,과속단속,321
36.76132,126.48626,70,과속단속,-1
36.76986,126.45245,50,과속단속,109
36.77003,126.45225,50,과속단속,-1
36.42330,126.40750,40,과속단속,-1
36.70120,126.20300,60,과속단속,359
36.82790,126.24660,60,과속단속,-1
36.62760,126.32470,70,과속단속,323
36.62750,126.32450,70,과속단속,141
36.74840,126.30300,50,과속단속,-1
36.47307,126.36860,60,과속단속,-1
36.51370,126.34250,60,과속단속,-1
36.05921,126.91320,80,과속단속,4
36.06132,126.91389,80,과속단속,161
35.96862,126.97968,60,과속단속,172
35.61062,126.95068,30,보호구역,-1
35.95714,128.66848,60,과속단속,81
35.81113,128.54185,40,과속단속,-1
35.34276,127.02667,50,과속단속,-1
35.17745,127.02696,30,보호구역,-1
35.24844,127.03635,30,보호구역,-1
34.79817,126.41995,50,과속단속,-1
35.04318,126.71601,60,과속단속,27
34.78866,126.40420,50,과속단속,-1
34.79883,126.38971,50,과속단속,122
34.80573,126.42466,50,과속단속,92
34.79344,126.39303,50,과속단속,-1
34.82591,126.42220,60,과속단속,330
34.80111,126.41507,50,과속단속,-1
34.80230,126.41507,50,과속단속,-1
37.46679,127.14397,30,보호구역,34
37.47087,127.13674,30,보호구역,183
37.47136,127.13715,30,보호구역,2
37.35879,126.93043,50,과속단속,-1
37.32282,126.93564,50,과속단속,-1
37.08848,127.27583,40,과속단속,-1
37.09218,127.28445,40,과속단속,-1
37.08030,126.94365,60,과속단속,-1
37.24756,126.84325,70,과속단속,117
37.25289,126.81973,70,과속단속,261
37.06162,127.19584,30,보호구역,-1
37.00071,127.32433,30,보호구역,-1
37.01082,127.27196,30,보호구역,-1
37.29604,126.93302,70,과속단속,-1
37.26157,126.95320,50,과속단속,95
37.26184,126.95371,50,과속단속,274
37.34717,127.17526,70,과속단속,123
37.42835,127.25201,50,과속단속,-1
35.11285,129.11087,50,보호구역,-1
35.10998,129.11167,50,보호구역,-1
35.93361,128.54458,50,과속단속,-1
35.73701,128.42055,70,과속단속,138
35.84094,128.60819,50,과속단속,13
35.83469,128.71700,50,과속단속,-1
35.90061,128.58914,50,과속단속,-1
35.83476,128.57158,40,과속단속,-1
37.00540,127.26500,30,보호구역,263
37.28741,126.84580,50,과속단속,-1
37.30267,126.87475,70,과속단속,121
37.30911,126.84431,50,과속단속,14
37.31614,126.84897,60,과속단속,238
37.36194,126.87532,60,과속단속,189
37.36228,126.87574,60,과속단속,12
37.30453,126.85373,30,보호구역,-1
37.33180,126.85890,70,과속단속,127
37.30485,126.90191,30,보호구역,-1
37.35728,126.82605,50,과속단속,-1
37.32237,126.80925,50,과속단속,274
37.30750,126.78881,50,과속단속,200
37.33498,126.78840,30,보호구역,94
37.33451,126.76423,60,과속단속,258
37.32482,126.77203,50,과속단속,251
37.34169,126.81531,50,과속단속,-1
37.33378,126.81681,50,과속단속,-1
37.24608,126.57728,50,과속단속,-1
37.27400,126.56975,50,과속단속,340
37.36092,126.72157,60,과속단속,230
37.36272,126.73714,50,과속단속,27
37.36113,126.72205,60,과속단속,54
37.29325,127.01128,50,과속단속,-1
37.27535,126.95625,60,과속단속,-1
37.24507,126.97845,60,과속단속,-1
37.46065,127.14563,50,과속단속,307
37.46840,127.14503,50,과속단속,213
37.55672,126.84948,50,과속단속,113
37.54773,126.83615,50,과속단속,-1
37.57079,126.84161,50,보호구역,-1
34.76991,127.15877,60,과속단속,-1
34.83808,127.30947,70,과속단속,271
36.99946,127.27897,60,과속단속,66
36.99495,127.24404,60,과속단속,239
37.01272,127.23810,50,과속단속,107
37.37260,126.73401,30,보호구역,-1
37.35007,126.72704,30,보호구역,-1
37.33684,126.75296,50,과속단속,308
37.36599,126.81172,30,보호구역,-1
37.25791,126.99039,50,과속단속,-1
37.05522,127.04700,50,과속단속,-1
37.05388,127.04714,30,보호구역,-1
37.05039,127.04700,50,과속단속,-1
37.31333,127.08025,60,과속단속,46
37.27478,127.10340,30,보호구역,-1
37.25583,127.11448,50,과속단속,-1
37.44134,127.17904,30,보호구역,-1
37.20904,126.83275,50,과속단속,145
37.47406,127.14709,50,과속단속,275
37.47780,127.14734,50,과속단속,183
37.54459,127.17299,50,과속단속,-1
37.39728,126.92256,50,과속단속,-1
37.40905,126.88375,50,과속단속,-1
37.38204,126.95076,30,보호구역,-1
34.96193,126.34973,80,과속단속,-1
34.94200,126.44137,80,과속단속,34
34.81820,126.48448,60,과속단속,35
34.98771,126.47843,50,과속단속,-1
34.83916,126.48049,70,과속단속,-1
34.80777,126.47423,30,보호구역,-1
34.97981,128.27207,60,과속단속,273
34.99439,128.31094,50,과속단속,-1
34.99437,128.31095,50,과속단속,-1
34.97985,128.29946,50,과속단속,-1
34.89418,128.45891,30,보호구역,-1
35.35695,127.84509,60,과속단속,-1
35.62646,127.73844,60,과속단속,-1
35.62645,127.73842,60,과속단속,-1
35.16930,128.13648,50,과속단속,-1
35.16921,128.13655,50,과속단속,-1
35.27158,128.40949,30,보호구역,-1
35.27153,128.40957,30,보호구역,-1
35.27877,128.40372,30,보호구역,-1
35.27836,128.40380,30,보호구역,-1
37.42186,126.71680,50,과속단속,93
37.42554,126.71742,50,과속단속,248
37.42217,126.71935,50,과속단속,273
37.50475,127.13903,50,과속단속,-1
37.50473,127.13864,50,과속단속,-1
37.50747,127.13921,60,과속단속,296
37.50676,127.13938,50,과속단속,161
37.56004,126.82111,50,과속단속,97
36.89689,127.03510,50,과속단속,355
36.84534,127.06821,30,보호구역,355
36.77133,127.05116,30,보호구역,-1
36.77957,127.09364,30,보호구역,153
36.77995,127.09372,30,보호구역,332
36.80688,127.01585,30,보호구역,-1
36.81614,126.97710,30,보호구역,-1
37.66717,126.76250,30,보호구역,-1
37.62393,126.89859,60,과속단속,315
36.32246,128.64013,80,과속단속,261
36.31281,128.61598,80,과속단속,47
36.51962,128.35907,50,과속단속,-1
36.36977,128.46465,70,과속단속,296
36.39682,128.44200,70,과속단속,-1
37.50292,127.09255,50,과속단속,108
37.48192,127.13054,30,보호구역,-1
37.48197,127.13095,30,보호구역,-1
37.48167,127.13141,30,보호구역,-1
37.47463,127.13689,50,과속단속,272
37.47459,127.13752,50,과속단속,272
37.47410,127.13690,50,과속단속,183
37.47826,127.13733,50,과속단속,195
37.47863,127.13794,50,과속단속,353
37.47805,127.14453,30,보호구역,-1
37.47842,127.13966,30,보호구역,-1
35.07303,126.29174,60,과속단속,-1
36.40203,126.42250,60,과속단속,-1
36.67945,126.67372,60,과속단속,219
36.68294,126.82664,60,과속단속,286
36.79668,127.04739,60,과속단속,71
36.79675,127.04730,60,과속단속,249
36.78260,127.01090,30,과속단속,-1
36.75360,126.97610,30,보호구역,-1
36.78690,126.99280,30,보호구역,-1
36.78750,126.99260,30,보호구역,-1
36.78960,127.02000,30,보호구역,-1
36.77970,126.93560,30,보호구역,-1
36.74570,126.89920,30,보호구역,-1
36.74550,126.89960,30,보호구역,-1
36.78760,126.86390,30,보호구역,-1
36.78759,126.86383,30,보호구역,-1
36.92610,127.03780,30,보호구역,-1
36.84459,127.06819,30,보호구역,-1
36.88045,126.90787,70,과속단속,229
36.88136,126.92188,80,과속단속,-1
36.79422,126.99308,50,과속단속,-1
36.77376,127.01898,30,보호구역,-1
36.77350,127.01953,30,보호구역,-1
36.78980,127.01407,50,과속단속,285
36.78775,126.95743,30,보호구역,-1
36.78001,126.93540,30,보호구역,-1
36.85469,126.95585,30,보호구역,-1
35.39282,127.37387,50,과속단속,-1
35.33526,127.31728,40,과속단속,-1
35.33633,127.31472,40,과속단속,-1
35.36173,127.33984,60,과속단속,-1
35.42406,127.44923,60,과속단속,-1
35.42380,127.44878,60,과속단속,-1
35.34207,127.22956,40,과속단속,-1
35.35043,127.22904,40,과속단속,-1
35.87666,127.50543,60,과속단속,-1
35.95160,126.98370,50,과속단속,-1
35.95144,126.98425,50,과속단속,-1
35.71772,126.73762,30,보호구역,359
34.96369,127.54474,60,과속단속,83
34.96455,127.55102,60,과속단속,263
34.96468,127.55143,60,과속단속,263
34.95979,127.58606,60,과속단속,-1
34.95928,127.55951,60,과속단속,-1
34.95615,127.58102,60,과속단속,-1
34.96411,127.60312,60,과속단속,-1
36.92630,127.03794,30,보호구역,-1
36.48842,127.29758,30,보호구역,-1
36.50218,127.24144,30,보호구역,-1
36.49125,127.24184,40,보호구역,324
36.59522,127.29092,50,과속단속,82
36.59521,127.29113,50,과속단속,353
36.60613,127.29733,30,보호구역,352
36.65386,127.26633,30,보호구역,-1
36.03883,129.27627,70,과속단속,79
36.03919,129.27618,70,과속단속,256
34.79987,126.70223,50,과속단속,-1
34.79955,126.70246,50,과속단속,-1
35.39268,127.37402,50,과속단속,-1
35.63435,129.36214,50,과속단속,-1
35.63921,129.36126,50,과속단속,-1
35.63533,129.36354,30,보호구역,-1
35.63533,129.36343,30,보호구역,-1
35.62120,129.35731,30,보호구역,-1
35.63796,129.35228,50,과속단속,-1
35.63800,129.35241,50,과속단속,-1
35.57518,129.35648,50,과속단속,-1
35.58078,129.35596,60,과속단속,270
35.58055,129.35660,60,과속단속,90
35.55706,129.35678,50,과속단속,-1
35.55689,129.35698,50,과속단속,-1
34.98807,127.74254,60,과속단속,52
34.97960,127.71912,80,과속단속,249
34.98083,127.72324,80,과속단속,69
34.95670,127.67566,80,과속단속,29
35.92567,128.82486,60,과속단속,-1
35.79869,128.78872,70,과속단속,-1
35.79898,128.78843,70,과속단속,-1
36.08889,129.38428,50,과속단속,-1
36.02442,129.35238,50,과속단속,33
35.98528,129.40439,50,과속단속,-1
36.01860,128.92954,70,과속단속,193
36.01832,128.92937,70,과속단속,193
36.86886,128.63844,60,과속단속,-1
35.95215,129.40642,50,과속단속,318
36.06162,129.37077,50,과속단속,12
35.51437,129.29429,30,보호구역,-1
35.52576,129.31779,30,보호구역,-1
35.56261,129.26762,50,보호구역,-1
35.56528,129.34768,30,보호구역,-1
35.55673,129.31945,30,보호구역,-1
35.63342,129.33484,30,보호구역,-1
35.58614,129.36997,30,보호구역,-1
35.63303,129.34753,30,보호구역,-1
35.64367,129.35257,30,보호구역,-1
35.52336,129.08816,60,과속단속,101
35.46458,129.20916,70,보호구역,-1
35.51888,129.23351,60,과속단속,114
35.51996,129.22766,60,과속단속,306
35.52006,129.18035,60,과속단속,-1
35.52105,129.17800,60,과속단속,-1
35.59980,129.23330,50,보호구역,-1
35.60089,129.23341,50,보호구역,-1
35.56422,129.33577,60,과속단속,231
35.45336,129.29209,50,과속단속,-1
35.45310,129.29220,50,과속단속,-1
35.45013,129.29508,50,과속단속,-1
35.44912,129.29618,50,과속단속,-1
35.63129,129.43700,50,과속단속,-1
35.63146,129.43725,50,과속단속,-1
35.62362,129.43969,50,과속단속,-1
35.63145,129.35836,50,과속단속,-1
35.63007,129.36126,50,과속단속,-1
37.32031,127.47036,60,과속단속,-1
37.18241,127.45612,50,과속단속,-1
37.26088,127.47929,30,보호구역,-1
37.29793,127.40183,70,과속단속,-1
37.13329,127.51772,60,과속단속,-1
37.24170,127.50318,60,과속단속,98
37.22287,127.39963,50,과속단속,-1
37.22333,127.47722,30,보호구역,-1
37.20104,127.49959,60,과속단속,-1
35.56433,129.11444,50,과속단속,-1
35.55350,129.25253,50,보호구역,-1
35.48682,129.42513,30,보호구역,-1
35.52454,129.32383,30,보호구역,178
35.54258,129.31439,30,보호구역,-1
37.29617,127.45737,50,과속단속,-1
37.25292,127.48880,60,과속단속,149
37.26053,127.45813,70,과속단속,191
37.00694,127.12163,50,과속단속,-1
37.00634,127.12007,30,보호구역,-1
37.42787,127.09346,50,과속단속,-1
37.71975,126.63256,30,보호구역,-1
37.65151,126.66473,30,보호구역,-1
36.99941,127.27838,60,과속단속,247
37.01638,127.26273,50,과속단속,-1
37.05769,127.25755,70,과속단속,216
37.02425,127.04098,60,과속단속,3
35.02164,126.90620,60,과속단속,-1
35.05242,126.92101,70,과속단속,284
35.05160,126.98643,50,과속단속,-1
35.05578,126.99468,30,보호구역,-1
35.06141,126.99470,30,보호구역,-1
35.08789,126.69630,70,과속단속,-1
35.07598,126.70356,70,과속단속,-1
37.22298,127.39965,50,과속단속,-1
37.28497,127.44173,30,보호구역,-1
37.20062,127.44841,60,과속단속,-1
37.24922,127.51471,60,과속단속,-1
37.28400,127.45166,30,보호구역,-1
37.29058,127.44778,50,과속단속,-1
37.10981,127.56186,70,과속단속,287
37.33591,127.92952,60,과속단속,308
37.40658,127.95623,60,과속단속,33
37.48018,128.84774,60,과속단속,-1
37.48013,128.84763,60,과속단속,-1
37.67293,127.85438,70,과속단속,35
37.27063,127.90521,50,보호구역,195
38.06503,128.17540,80,과속단속,37
36.64637,127.41799,60,과속단속,-1
37.02031,127.73080,30,보호구역,-1
37.02215,127.84954,70,과속단속,134
36.84952,127.44839,50,과속단속,-1
36.86940,127.44103,50,과속단속,176
36.78462,127.43502,30,보호구역,-1
36.90318,127.54090,30,보호구역,-1
36.99298,127.44058,30,보호구역,-1
36.85558,127.44194,30,보호구역,195
37.02679,128.38429,30,보호구역,-1
37.30272,127.10593,60,과속단속,-1
37.32386,127.09705,50,과속단속,-1
36.99821,127.22790,50,과속단속,134
37.18821,127.37729,60,과속단속,-1
37.33826,127.49075,30,보호구역,-1
37.11523,127.61644,70,과속단속,73
37.11531,127.61607,70,과속단속,254
37.25594,127.34974,70,과속단속,95
37.31037,127.40128,60,과속단속,154
37.29805,127.43896,50,과속단속,-1
37.52725,126.62725,30,과속단속,-1
37.52781,126.65638,30,과속단속,-1
37.53927,126.64468,30,과속단속,-1
37.49951,126.67000,30,과속단속,-1
35.20950,128.84465,60,과속단속,-1
35.20950,128.84464,60,과속단속,-1
35.31201,128.99681,30,보호구역,-1
35.31205,128.99681,30,보호구역,-1
34.82924,127.91041,70,과속단속,332
34.83153,127.90348,70,과속단속,107
34.87784,127.89130,70,과속단속,298
34.98250,127.89736,70,과속단속,359
34.98176,127.89744,70,과속단속,343
35.01615,127.90820,70,과속단속,-1
34.96662,127.88534,70,과속단속,-1
34.96649,127.88498,70,과속단속,-1
35.35550,129.14816,70,과속단속,308
35.21453,129.03297,30,보호구역,-1
37.18071,128.98403,30,보호구역,-1
37.42076,128.85576,60,과속단속,-1
37.19110,128.45174,80,구간단속,-1
37.18790,128.54724,80,구간단속,263
37.26121,127.78299,60,과속단속,233
37.27354,127.79710,70,과속단속,28
38.16228,128.20746,60,과속단속,-1
37.55121,128.21539,50,과속단속,-1
37.41623,128.20433,50,과속단속,-1
34.87204,127.71955,60,과속단속,357
35.89244,129.17144,80,과속단속,31
35.82732,129.23525,60,과속단속,-1
35.62881,128.59630,60,과속단속,-1
37.79616,127.64057,60,과속단속,343
37.78483,127.64437,60,과속단속,184
37.84488,126.78977,60,과속단속,172
37.71505,127.19094,30,보호구역,-1
37.68620,127.16180,60,과속단속,13
37.67315,127.37418,60,과속단속,175
37.78585,126.78915,60,과속단속,-1
37.73707,126.82286,60,과속단속,-1
37.74836,126.80246,60,과속단속,133
37.73450,126.73395,60,과속단속,69
37.73463,126.73353,60,과속단속,203
36.85553,126.92508,50,과속단속,-1
36.14407,126.59781,60,과속단속,-1
36.08375,126.69138,50,과속단속,-1
36.14648,127.10381,60,과속단속,329
36.21298,127.14296,70,과속단속,-1
36.40596,126.52171,30,보호구역,-1
36.42063,126.53987,30,과속단속,-1
36.42173,126.55052,50,과속단속,-1
36.43590,126.55764,50,보호구역,-1
36.34862,126.60423,50,과속단속,174
36.49300,126.58460,60,과속단속,-1
36.76820,126.46110,30,보호구역,-1
35.28043,128.76835,60,과속단속,-1
35.27410,128.76284,60,과속단속,-1
35.27066,128.75794,60,과속단속,-1
35.14051,128.12198,40,과속단속,-1
35.13941,128.12214,40,과속단속,-1
35.69852,127.68629,60,과속단속,-1
35.28962,128.43112,30,보호구역,-1
35.28938,128.43098,30,보호구역,-1
35.27653,128.52057,30,보호구역,4
35.27509,128.52198,30,보호구역,269
34.94993,127.87670,50,과속단속,261
37.47056,126.91982,30,보호구역,170
37.48380,126.90998,30,보호구역,-1
37.47732,126.91288,30,보호구역,81
37.46145,126.91911,30,보호구역,353
37.47658,126.95913,30,보호구역,-1
37.48459,126.94664,30,보호구역,-1
37.45749,127.05963,50,과속단속,-1
35.16684,129.04855,50,과속단속,-1
35.88464,129.06256,60,과속단속,-1
36.66481,129.43284,60,과속단속,21
35.71988,129.45908,60,구간단속,-1
35.73535,129.48023,60,구간단속,-1
37.55640,126.65177,30,과속단속,-1
34.79866,126.40542,50,과속단속,91
34.79882,126.40557,50,과속단속,271
34.87192,127.71949,60,과속단속,351
36.98154,126.92519,30,보호구역,124
37.07458,127.05121,30,보호구역,-1
37.05321,127.07328,60,과속단속,96
36.99198,127.12630,50,과속단속,70
36.98894,127.12695,50,과속단속,176
36.98950,127.13086,30,보호구역,-1
36.98942,127.13032,30,보호구역,-1
37.16212,126.96715,60,과속단속,146
37.15222,126.96314,60,과속단속,-1
37.17753,126.97793,60,과속단속,149
37.54278,127.32500,30,보호구역,-1
37.48533,127.59080,30,보호구역,-1
37.19125,127.20688,30,보호구역,-1
37.20124,127.32091,30,보호구역,-1
37.23299,127.18428,30,보호구역,-1
37.23751,127.20548,30,보호구역,-1
37.34254,127.22957,30,보호구역,-1
37.24746,127.22800,30,보호구역,-1
37.24393,127.10602,30,보호구역,-1
37.27756,127.11105,30,보호구역,-1
37.32234,127.11442,30,보호구역,-1
37.35916,127.06675,30,보호구역,-1
37.28532,127.14373,30,보호구역,-1
37.28307,127.10764,30,보호구역,-1
37.30265,127.07837,30,보호구역,-1
37.29364,127.12880,30,보호구역,-1
35.62964,126.69342,40,과속단속,-1
35.59500,126.59945,30,보호구역,-1
35.96203,127.12023,30,보호구역,89
35.90819,126.83935,40,과속단속,-1
35.80227,126.91346,50,과속단속,-1
35.81777,126.90080,50,과속단속,-1
35.83428,126.74266,60,과속단속,-1
35.82564,126.89755,80,과속단속,-1
35.81697,126.89059,50,과속단속,-1
35.81511,126.98265,70,과속단속,-1
35.82641,126.91605,60,과속단속,-1
35.59285,126.67465,60,과속단속,-1
35.58789,126.67780,40,과속단속,-1
35.71236,126.75290,40,과속단속,-1
35.71367,126.75119,40,과속단속,-1
35.70060,126.57889,80,과속단속,-1
35.61233,126.71897,70,과속단속,208
35.65992,126.51076,80,과속단속,29
35.71919,126.79133,80,과속단속,120
35.75629,126.76317,80,과속단속,60
36.82781,128.62453,30,보호구역,-1
36.80788,128.61675,30,보호구역,-1
37.28255,127.11317,30,보호구역,-1
37.27940,127.15621,30,보호구역,-1
37.28926,127.11858,30,보호구역,-1
37.25377,127.11989,30,보호구역,-1
37.05007,126.97830,30,보호구역,97
36.24620,126.55693,30,보호구역,-1
36.28925,126.67535,30,보호구역,-1
36.34102,126.65324,30,보호구역,-1
36.38067,126.52480,30,보호구역,-1
36.35121,126.61475,30,보호구역,-1
36.34140,126.60045,30,보호구역,-1
36.41244,126.70216,60,과속단속,35
36.44593,126.82873,30,보호구역,-1
36.41448,126.94592,30,보호구역,-1
37.72640,127.05980,50,보호구역,170
37.72708,127.07552,80,과속단속,71
37.75029,127.05134,50,과속단속,127
37.62855,127.11560,30,보호구역,-1
37.59131,126.88200,60,과속단속,134
37.60147,126.89013,60,과속단속,-1
37.59505,126.88568,60,과속단속,-1
37.96724,127.25044,70,과속단속,31
35.93210,127.06220,80,과속단속,1
35.93563,126.96583,50,과속단속,-1
35.95568,126.95084,50,과속단속,-1
35.94924,126.96769,30,보호구역,-1
35.48161,126.96630,60,과속단속,-1
35.48179,126.96703,60,과속단속,-1
35.98620,127.04969,70,과속단속,-1
35.98688,127.05273,70,과속단속,230
35.98894,127.09084,80,과속단속,209
35.82487,127.06863,60,과속단속,84
37.56407,126.95365,30,보호구역,-1
37.56974,126.93341,50,보호구역,32
37.56853,126.93207,50,보호구역,147
37.56471,126.96400,30,보호구역,-1
37.57835,126.91881,30,보호구역,-1
37.57916,126.91751,30,보호구역,-1
37.57777,126.90991,30,보호구역,-1
37.57872,126.90860,30,보호구역,-1
37.58295,126.92556,50,보호구역,-1
37.58276,126.92557,50,보호구역,-1
37.55887,126.94786,30,보호구역,-1
37.56884,126.96170,30,과속단속,-1
37.56466,126.96302,30,보호구역,-1
37.57378,126.91929,30,보호구역,-1
37.57487,126.91741,30,보호구역,153
37.57508,126.91807,30,보호구역,-1
36.09994,127.51906,70,과속단속,-1
36.12999,127.45399,30,보호구역,-1
36.10450,127.49686,30,보호구역,-1
36.10114,127.48795,30,보호구역,-1
36.10430,127.48879,30,보호구역,-1
36.07411,126.73589,60,과속단속,-1
36.01323,126.69019,30,보호구역,-1
36.15331,126.52182,30,보호구역,-1
36.07825,126.68756,30,보호구역,-1
36.07786,126.68890,30,보호구역,-1
36.41694,126.65708,60,과속단속,-1
36.33813,126.61049,30,보호구역,-1
37.49052,126.95468,30,보호구역,-1
37.49042,126.95496,30,보호구역,-1
37.48603,126.94206,30,보호구역,-1
37.48076,126.64617,50,과속단속,292
37.47564,126.64360,30,과속단속,-1
37.48159,126.63461,30,과속단속,-1
37.48194,126.63440,30,과속단속,-1
37.47375,126.63855,30,과속단속,-1
37.47388,126.63835,30,과속단속,-1
37.59347,126.94496,30,보호구역,-1
37.58102,126.93242,30,보호구역,-1
35.06177,128.11495,70,구간단속,-1
34.86971,128.72693,50,과속단속,-1
35.82046,128.49224,60,과속단속,187
35.63545,127.81320,80,과속단속,145
35.47047,129.34635,80,과속단속,-1
35.46852,129.35198,60,과속단속,278
35.56479,129.30283,30,과속단속,-1
35.59444,129.36585,50,보호구역,-1
35.55969,129.37477,50,과속단속,-1
35.56139,129.33098,60,과속단속,234
35.47663,129.32791,80,과속단속,271
35.47678,129.30890,80,과속단속,270
35.43368,129.29296,70,과속단속,307
35.28340,128.51948,100,구간단속,272
35.28771,128.59628,100,구간단속,96
35.53260,127.69836,60,과속단속,-1
35.53315,127.67257,60,과속단속,-1
35.01544,128.39669,60,과속단속,-1
34.85447,128.41316,60,과속단속,-1
34.83589,128.40724,60,과속단속,-1
34.93799,128.42337,50,과속단속,-1
35.20106,128.69963,60,과속단속,305
35.04991,128.46369,50,과속단속,-1
35.25028,128.66453,50,과속단속,-1
35.25488,128.64378,40,보호구역,-1
35.25497,128.64355,40,보호구역,-1
35.31523,129.17552,70,구간단속,28
35.24486,129.13756,70,구간단속,40
36.07438,126.96753,60,과속단속,323
35.90635,127.00766,80,과속단속,235
35.78532,127.02393,70,과속단속,54
35.52409,126.71352,70,과속단속,-1
35.51861,126.70847,70,과속단속,33
35.52829,126.70706,60,과속단속,-1
35.82376,126.92082,60,과속단속,-1
35.85350,126.87393,80,과속단속,-1
35.80202,126.90907,60,과속단속,282
35.80514,126.90543,60,과속단속,112
35.14135,128.87391,60,과속단속,302
35.10859,128.94371,60,과속단속,280
35.21304,128.96243,60,과속단속,277
35.19587,129.09355,50,과속단속,-1
35.10164,128.92848,70,과속단속,14
35.23345,129.00673,60,과속단속,7
35.23727,129.00690,50,과속단속,184
35.11044,129.08998,60,과속단속,-1
35.12770,129.10259,60,과속단속,53
35.11064,129.08332,60,과속단속,-1
35.17180,129.17412,50,과속단속,44
35.24701,128.54789,60,과속단속,-1
35.24016,128.55440,60,과속단속,-1
35.30044,128.60151,50,과속단속,-1
35.35014,128.54146,50,과속단속,-1
34.84997,128.01574,60,과속단속,-1
35.02127,128.17496,70,과속단속,140
35.39797,128.12190,80,과속단속,217
35.39206,128.71670,80,과속단속,356
35.03591,128.15718,70,과속단속,299
34.86159,128.42926,70,과속단속,-1
35.15017,128.70676,60,과속단속,178
34.88878,128.69146,60,과속단속,325
35.36870,129.03224,50,과속단속,-1
35.32733,129.01610,50,과속단속,-1
35.17618,128.78826,60,과속단속,129
35.11465,128.09200,70,과속단속,197
35.22290,128.63473,60,과속단속,-1
35.22005,128.66664,60,과속단속,305
35.20307,128.70536,60,과속단속,-1
37.63306,126.41875,30,과속단속,-1
37.51141,126.52244,60,과속단속,-1
37.56714,126.74979,30,과속단속,-1
33.44060,126.42933,80,구간단속,34
33.44059,126.42932,80,구간단속,34
33.33804,126.35612,80,구간단속,-1
35.80763,128.56233,80,구간단속,291
35.80941,128.61121,80,구간단속,252
35.80940,128.61122,80,구간단속,263
35.80940,128.61118,80,구간단속,252
36.77372,126.44783,40,과속단속,-1
36.77274,126.44209,50,과속단속,297
36.22397,127.37636,80,과속단속,185
36.30214,126.92639,60,과속단속,-1
36.73328,126.86069,50,과속단속,-1
36.74383,126.82411,40,과속단속,-1
36.65639,126.67893,60,과속단속,52
36.49672,127.26369,50,과속단속,290
36.61324,127.29308,50,과속단속,1
36.94536,126.78344,70,과속단속,-1
36.32575,126.60256,50,보호구역,-1
36.35236,126.60825,50,과속단속,356
36.47375,127.12186,50,과속단속,305
36.23423,127.22825,70,과속단속,4
36.21048,127.21824,70,과속단속,98
36.19575,127.08469,50,과속단속,147
36.84078,127.06653,60,과속단속,115
36.76992,126.45242,50,과속단속,288
36.70122,127.10294,50,과속단속,-1
36.79381,127.15786,30,보호구역,241
36.83216,127.15188,50,과속단속,352
36.81544,127.10956,60,과속단속,193
35.56690,126.79712,80,과속단속,-1
35.56679,126.79676,80,과속단속,165
35.75625,128.73565,110,과속단속,345
35.70133,129.32844,60,과속단속,-1
36.47616,128.66048,60,과속단속,132
36.57686,128.47264,60,과속단속,-1
36.57536,128.47256,60,과속단속,271
36.57520,128.48699,60,과속단속,276
36.56999,128.50099,60,과속단속,103
36.57045,128.50048,60,과속단속,286
36.59053,128.47388,80,과속단속,-1
36.17669,128.26377,100,구간단속,166
36.35520,128.23421,100,구간단속,209
36.35552,128.23443,100,구간단속,209
37.66202,126.74585,50,과속단속,209
37.40503,126.73012,30,과속단속,-1
37.55074,126.70032,60,과속단속,-1
37.45849,126.67792,50,과속단속,-1
36.32826,126.55961,70,과속단속,46
36.33750,126.57792,70,과속단속,75
36.33742,126.57836,70,과속단속,71
36.31942,126.54747,70,과속단속,-1
35.12150,126.90719,30,과속단속,-1
37.46425,126.48771,80,과속단속,166
37.59279,126.65890,60,과속단속,254
37.56549,126.67737,50,과속단속,164
36.64292,127.46889,60,과속단속,-1
35.32923,129.18837,70,과속단속,288
35.21084,129.20928,60,과속단속,-1
35.33023,129.28565,50,과속단속,-1
35.30237,129.25717,30,과속단속,-1
35.90902,126.93996,60,과속단속,268
35.87855,126.82658,60,과속단속,-1
35.85419,126.88409,80,과속단속,-1
36.48019,127.26953,50,과속단속,-1
36.48633,127.30111,30,보호구역,211
36.66719,127.13678,80,과속단속,221
36.80036,127.12344,50,과속단속,-1
36.89411,127.13656,60,과속단속,154
36.80111,127.11856,50,과속단속,-1
37.11927,128.20247,50,과속단속,329
37.15618,128.15902,50,보호구역,-1
37.06051,128.42079,60,과속단속,-1
37.06586,128.29703,70,과속단속,-1
35.86015,128.46249,60,과속단속,144
35.79593,128.62698,60,과속단속,140
35.85779,128.55795,60,과속단속,67
35.85445,128.61154,50,과속단속,95
35.84654,128.64953,50,과속단속,-1
35.87369,128.69651,50,과속단속,223
35.88577,128.62907,50,과속단속,-1
35.87077,128.61985,40,보호구역,-1
35.86346,128.58223,40,보호구역,176
35.91329,128.58846,60,과속단속,268
35.89179,128.56624,50,과속단속,-1
35.82924,128.67736,50,과속단속,95
35.83965,128.62343,50,과속단속,96
35.78787,128.59402,40,과속단속,-1
35.86603,128.58698,60,과속단속,70
37.46221,129.15526,60,과속단속,149
37.49231,129.11047,60,과속단속,143
38.08801,128.18140,80,과속단속,-1
37.80608,127.99237,80,과속단속,40
37.85528,127.73854,60,과속단속,-1
37.44767,128.07708,60,과속단속,-1
37.38833,127.94840,60,과속단속,193
37.31339,127.97293,60,과속단속,104
37.18207,128.96777,60,과속단속,-1
37.76029,128.90352,50,과속단속,175
37.87144,128.83288,80,과속단속,123
38.11123,128.63319,70,과속단속,-1
38.37219,128.50237,80,과속단속,7
38.31389,128.53279,80,과속단속,161
37.60514,127.76672,80,과속단속,209
37.85194,127.77407,80,과속단속,28
37.84778,127.75502,60,과속단속,314
37.24960,128.24835,60,과속단속,-1
37.22834,128.79313,80,과속단속,129
37.52844,129.11934,70,과속단속,-1
37.73159,128.92560,60,과속단속,-1
38.29584,128.54342,80,과속단속,-1
37.98808,128.10104,80,과속단속,217
37.75114,128.03717,60,과속단속,-1
38.02681,127.88379,60,과속단속,100
35.34843,126.77519,100,과속단속,112
35.06047,126.56279,100,과속단속,76
35.05100,126.94360,70,과속단속,-1
35.05407,126.91089,70,과속단속,19
34.80539,126.46603,60,과속단속,-1
35.15181,126.84863,50,과속단속,270
36.38686,127.31801,60,과속단속,119
36.37117,127.34024,60,과속단속,195
36.39171,127.34818,60,과속단속,34
36.35797,127.37410,50,과속단속,246
36.37444,127.42046,30,보호구역,-1
36.35909,127.42019,50,과속단속,-1
36.32718,127.39936,50,과속단속,252
36.38730,127.30323,50,과속단속,-1
36.23924,127.31830,50,보호구역,-1
36.23912,127.31818,50,보호구역,-1
35.83885,127.15565,50,과속단속,162
35.95344,126.98315,50,과속단속,-1
35.42118,127.33854,70,과속단속,100
35.42161,127.33839,70,과속단속,285
35.86988,127.43630,60,과속단속,-1
35.83757,127.36697,60,과속단속,-1
35.79696,127.18906,60,과속단속,303
35.79239,127.11500,30,보호구역,89
35.79563,127.13227,50,과속단속,162
35.83491,127.10725,60,과속단속,130
35.81897,127.12268,60,과속단속,178
35.79902,127.12884,60,과속단속,140
35.82863,127.12291,60,과속단속,3
35.80290,127.12539,60,과속단속,321
35.84351,127.05702,50,과속단속,321
35.83674,127.15692,50,과속단속,79
35.84674,127.15239,60,과속단속,157
35.85688,127.15681,60,과속단속,335
35.83237,127.17456,60,과속단속,341
35.82994,127.14172,60,과속단속,130
35.40932,127.39109,50,과속단속,-1
35.72261,127.23245,30,보호구역,304
35.72242,127.23226,30,보호구역,-1
35.80906,126.89751,60,과속단속,105
35.80771,126.91336,50,과속단속,-1
35.94684,126.94999,50,과속단속,-1
35.95874,126.98145,50,과속단속,207
35.95831,126.97122,50,과속단속,-1
35.93671,126.96891,50,과속단속,-1
35.95517,126.95238,50,과속단속,146
35.98152,126.72404,50,과속단속,-1
35.87696,127.03995,70,과속단속,103
35.57098,127.13700,80,과속단속,148
35.91561,127.75543,60,과속단속,37
35.78070,127.47148,40,과속단속,-1
35.51063,126.79510,60,과속단속,-1
35.90323,126.87935,90,과속단속,306
36.03023,126.94808,70,과속단속,33
35.95612,127.05146,80,과속단속,176
35.98441,126.82532,80,과속단속,79
35.37178,126.59618,110,과속단속,46
35.18132,128.95335,50,과속단속,138
35.06073,128.97486,50,보호구역,-1
35.06674,128.99036,50,과속단속,-1
35.09627,128.95545,70,과속단속,185
35.28284,129.09150,60,과속단속,172
35.27076,129.09254,50,보호구역,180
35.12782,128.96354,70,과속단속,15
35.14094,128.97019,50,과속단속,-1
35.20962,129.12186,60,과속단속,7
35.11639,129.09492,50,보호구역,187
35.10766,129.02030,50,과속단속,-1
35.16145,129.04044,50,과속단속,74
35.15444,129.06518,50,과속단속,-1
35.17061,129.05552,50,과속단속,77
35.21176,129.07860,50,과속단속,208
35.18162,128.99041,50,보호구역,-1
35.23108,129.11676,80,과속단속,165
35.15281,129.00909,50,과속단속,264
35.16452,129.14229,50,과속단속,144
33.32607,126.66906,60,과속단속,-1
33.47909,126.42912,50,과속단속,-1
33.26071,126.61737,50,과속단속,-1
33.26694,126.64236,60,과속단속,236
33.33587,126.84144,60,과속단속,34
33.48275,126.40256,50,과속단속,58
33.49401,126.47065,50,과속단속,-1
33.49758,126.49676,50,과속단속,183
33.51393,126.54047,50,과속단속,-1
33.55446,126.73844,50,과속단속,-1
33.34887,126.18641,50,과속단속,-1
36.79705,127.10633,60,과속단속,81
37.67476,126.77430,50,과속단속,212
37.64380,126.83900,60,과속단속,-1
37.63957,126.86586,60,과속단속,127
37.51620,126.89066,50,보호구역,-1
37.97225,128.75869,80,과속단속,328
37.53280,128.56136,60,과속단속,-1
37.44405,126.76350,60,과속단속,108
37.43576,126.74452,50,과속단속,-1
35.50887,129.23647,70,과속단속,-1
35.46163,129.33401,70,과속단속,-1
35.65663,129.16901,70,과속단속,31
35.53826,129.31292,50,과속단속,-1
35.47820,129.34605,60,과속단속,-1
35.55468,129.26525,60,과속단속,-1
35.51058,129.34405,60,과속단속,-1
37.43578,126.74458,50,과속단속,-1
35.39436,128.12023,80,과속단속,178
35.50062,128.81797,80,과속단속,275
34.88998,128.46095,70,과속단속,253
35.84132,127.08062,60,과속단속,19
35.84895,127.08473,60,과속단속,74
37.47438,127.13524,50,과속단속,100
37.47450,127.13522,50,과속단속,280
37.47664,127.12110,50,과속단속,291
37.47666,127.12080,50,과속단속,283
36.59938,128.18716,50,과속단속,349
36.76640,128.31803,60,과속단속,-1
36.88809,128.53910,70,과속단속,-1
36.41181,128.18262,40,과속단속,-1
35.82324,128.20451,80,과속단속,106
35.89583,128.20092,60,과속단속,261
35.99028,129.42994,60,과속단속,-1
36.11820,128.33858,50,과속단속,176
36.38114,129.34129,100,구간단속,109
36.43308,129.25169,100,구간단속,114
36.43308,129.25170,100,구간단속,114
36.43329,129.25187,100,구간단속,292
36.38142,129.34135,100,구간단속,291
36.38140,129.34139,100,구간단속,291
36.44075,128.90335,100,과속단속,250
36.42940,128.63529,100,과속단속,-1
36.50061,127.24497,30,보호구역,-1
36.50567,127.27417,50,과속단속,109
36.48300,127.25750,50,과속단속,243
36.50310,127.23687,30,보호구역,-1
36.51600,127.26556,50,과속단속,-1
36.82442,127.15994,50,과속단속,131
36.74781,127.31075,80,과속단속,154
36.80823,127.10330,50,과속단속,105
36.84158,127.10425,50,과속단속,-1
36.82431,127.10464,50,과속단속,117
37.83359,127.14421,30,보호구역,-1
37.72111,127.19508,50,과속단속,-1
37.66972,126.75680,30,보호구역,-1
37.67249,126.75907,30,보호구역,-1
35.80627,128.52178,30,보호구역,-1
36.34873,128.67168,60,과속단속,226
36.29388,128.57333,60,과속단속,178
36.45326,128.35100,50,과속단속,-1
36.44711,128.35634,50,과속단속,-1
35.30886,129.24038,70,과속단속,-1
35.31719,129.17671,60,과속단속,360
35.32233,129.24210,70,과속단속,-1
35.62008,129.36894,70,과속단속,155
35.63208,129.36617,70,과속단속,181
35.63267,129.36647,70,과속단속,4
35.60728,129.37172,70,과속단속,173
35.59908,129.37289,70,과속단속,359
35.65153,129.34742,70,과속단속,98
35.62483,129.33206,60,과속단속,-1
35.64349,129.32088,60,과속단속,6
35.65228,129.32431,60,과속단속,240
35.63219,129.31887,80,과속단속,25
35.63421,129.31975,80,과속단속,196
35.61449,129.31113,80,과속단속,1
35.61353,129.31106,80,과속단속,177
37.92480,126.99874,50,과속단속,-1
37.83398,126.99662,60,과속단속,-1
37.80658,126.96562,60,과속단속,-1
37.82177,127.10344,50,과속단속,-1
37.78391,127.04658,50,과속단속,-1
37.96508,127.32365,40,과속단속,-1
37.73698,127.01167,60,과속단속,76
36.04086,128.51834,100,구간단속,146
36.04080,128.51846,100,구간단속,146
36.08244,128.53583,100,구간단속,350
36.02854,128.52989,100,구간단속,322
36.02880,128.52959,100,구간단속,322
36.90447,126.70128,50,과속단속,156
36.94761,126.68525,70,과속단속,-1
35.98816,126.69625,50,과속단속,236
35.90357,127.07631,60,과속단속,170
35.90384,127.07653,60,과속단속,343
35.73755,127.22431,60,과속단속,301
35.73714,127.22418,60,과속단속,-1
35.92178,127.16850,60,과속단속,209
35.87202,127.43607,60,과속단속,-1
35.81228,127.31745,50,과속단속,-1
36.36670,127.33231,60,과속단속,294
37.24045,128.77892,80,구간단속,319
37.24032,128.77876,80,구간단속,137
37.19974,128.85957,80,구간단속,309
37.19968,128.85953,80,구간단속,309
35.90819,127.58875,70,과속단속,189
35.90848,127.58906,70,과속단속,12
35.89901,127.56006,30,보호구역,-1
35.89883,127.55980,30,보호구역,-1
35.16809,128.56684,50,과속단속,-1
34.97338,128.05783,80,과속단속,24
35.85026,128.53027,50,과속단속,-1
35.86172,128.57203,50,과속단속,-1
35.83743,128.53041,60,과속단속,268
35.83788,128.55794,50,과속단속,-1
35.81846,128.64618,60,과속단속,-1
35.82839,128.63401,50,과속단속,291
35.88837,128.59124,50,과속단속,231
35.85213,128.58211,50,과속단속,-1
35.87986,128.57159,50,과속단속,-1
35.87054,128.55463,50,과속단속,-1
35.88220,128.61864,50,과속단속,-1
35.88324,128.62426,50,과속단속,323
35.87630,128.62569,60,과속단속,149
35.94900,128.54871,50,과속단속,-1
35.87236,128.54658,40,과속단속,-1
35.88534,128.63173,50,과속단속,-1
35.88105,128.61444,50,과속단속,-1
35.34403,128.29443,60,과속단속,-1
35.44885,129.07366,70,과속단속,208
35.35188,129.03761,70,과속단속,18
35.35162,129.03736,70,과속단속,196
35.08887,128.81275,30,보호구역,90
35.56726,128.17057,70,과속단속,346
35.31698,128.99283,50,과속단속,-1
35.23193,128.50485,60,과속단속,169
35.24739,128.59285,60,과속단속,55
35.89850,129.01258,100,구간단속,330
35.84853,127.07414,50,과속단속,-1
34.96984,128.06134,50,과속단속,-1
34.92898,128.11704,50,과속단속,-1
35.67995,127.90127,50,과속단속,89
35.20213,128.85047,50,과속단속,-1
35.20887,128.79862,50,과속단속,-1
35.20648,128.80125,40,보호구역,49
35.18094,128.13903,50,과속단속,87
35.18087,128.13928,50,과속단속,87
35.69388,128.17300,100,과속단속,71
35.70671,128.06472,100,과속단속,92
35.27760,128.77222,50,과속단속,-1
35.26784,128.76423,50,과속단속,-1
35.19282,128.81091,30,보호구역,-1
35.24308,128.59132,50,과속단속,-1
36.63271,127.44086,50,과속단속,-1
35.80673,128.52842,50,과속단속,-1
35.15998,126.78068,60,과속단속,199
36.47301,127.28656,70,과속단속,46
36.47311,127.28638,70,과속단속,224
35.18267,129.07005,50,과속단속,18
35.18299,129.07039,50,과속단속,-1
37.52788,126.62862,30,과속단속,-1
37.36017,129.23141,80,과속단속,159
37.33452,129.24650,80,과속단속,172
37.36014,129.23131,80,과속단속,159
37.11375,127.64309,60,과속단속,44
37.11397,127.64291,60,과속단속,265
36.99203,127.60920,60,과속단속,119
36.99253,127.60934,60,과속단속,251
36.91353,127.68881,60,과속단속,46
36.96037,127.92675,60,과속단속,-1
35.35573,129.33402,50,과속단속,-1
35.54933,129.16653,50,과속단속,-1
35.55314,129.30288,50,과속단속,-1
35.55397,129.17806,50,과속단속,-1
35.55132,129.18124,50,과속단속,-1
35.46803,129.32156,70,과속단속,-1
35.47828,129.30961,70,과속단속,-1
35.55123,129.15938,50,과속단속,-1
35.57975,129.43195,60,과속단속,-1
35.58833,129.42950,60,과속단속,-1
35.55769,129.29342,60,과속단속,344
35.57974,129.34200,60,과속단속,200
35.57958,129.34252,60,과속단속,217
35.57898,129.34213,60,과속단속,10
35.57247,129.33589,60,과속단속,229
35.56229,129.31048,60,과속단속,-1
35.55876,127.49260,40,과속단속,-1
35.67103,126.78184,50,과속단속,-1
35.81451,127.13482,50,과속단속,49
37.52276,126.63663,80,과속단속,60
37.51821,126.65391,30,과속단속,-1
34.97953,128.40448,50,과속단속,-1
35.17875,128.82511,60,과속단속,332
35.20532,128.82337,60,과속단속,265
35.20503,128.82402,60,과속단속,86
35.01608,128.38481,50,과속단속,-1
35.55839,128.12193,70,과속단속,-1
35.67401,127.93223,50,과속단속,-1
35.30179,128.74551,30,과속단속,-1
35.70253,127.95104,60,과속단속,58
35.68449,127.89226,60,과속단속,117
35.64918,127.95333,60,과속단속,-1
35.31900,128.99464,50,과속단속,-1
35.33021,129.00639,50,과속단속,213
35.42713,129.18327,70,과속단속,34
35.79866,128.48910,50,과속단속,197
35.79503,128.48323,60,과속단속,-1
36.84983,127.44867,50,과속단속,-1
36.90523,127.52982,50,보호구역,-1
36.99015,126.43212,80,과속단속,-1
36.85848,126.45695,50,보호구역,108
36.85823,126.45830,50,보호구역,288
35.80936,126.89721,60,과속단속,283
35.81110,126.88638,50,과속단속,222
35.82831,126.89288,30,보호구역,-1
37.34689,128.38379,60,과속단속,-1
37.33659,128.37138,60,과속단속,-1
37.31129,128.39075,60,과속단속,-1
37.45967,126.92743,40,과속단속,162
37.47588,126.97341,50,과속단속,-1
37.52918,126.91715,50,과속단속,-1
35.86007,129.07634,100,구간단속,139
35.89838,129.01266,100,구간단속,327
35.89844,129.01264,100,구간단속,327
36.59763,129.08630,60,과속단속,337
36.58742,129.08315,60,과속단속,138
36.55271,129.08223,60,과속단속,-1
36.55240,129.08215,60,과속단속,-1
36.59098,128.47463,80,과속단속,-1
36.62509,128.45778,80,과속단속,-1
35.98799,128.03089,80,과속단속,335
36.01433,128.03268,80,과속단속,177
36.11712,128.18466,50,과속단속,-1
36.12142,128.18138,50,과속단속,-1
36.08872,129.39664,50,과속단속,-1
36.04535,128.34594,70,과속단속,-1
35.98502,129.39136,50,과속단속,-1
35.98485,129.39145,50,과속단속,-1
36.12506,128.16993,60,과속단속,219
35.73713,128.86635,70,과속단속,-1
35.15535,128.99531,50,과속단속,146
35.13796,128.88019,60,과속단속,110
35.21044,128.98469,70,과속단속,224
35.21010,128.98451,70,과속단속,129
35.25176,129.19054,60,과속단속,36
35.33470,129.24740,70,과속단속,351
36.08381,126.68276,70,과속단속,331
36.05871,126.66344,60,과속단속,-1
36.78983,127.08825,60,과속단속,259
36.89628,127.03500,50,과속단속,184
36.78517,126.96175,50,과속단속,60
36.79542,127.00892,50,과속단속,-1
36.29042,126.88436,60,과속단속,-1
37.43848,126.90343,50,과속단속,5
37.43851,126.90288,50,과속단속,185
37.50885,127.10410,50,과속단속,324
37.51107,127.10153,50,과속단속,235
37.51335,127.09974,50,과속단속,146
37.51321,127.10043,50,과속단속,64
37.51306,127.09996,50,과속단속,70
37.51351,127.10019,50,과속단속,328
37.56572,126.96639,50,과속단속,215
36.91157,128.55922,70,과속단속,-1
36.57497,128.41421,60,과속단속,-1
35.98965,129.27856,70,과속단속,230
36.02886,128.52903,100,구간단속,138
36.02856,128.52938,100,구간단속,138
35.56085,129.35073,50,과속단속,-1
34.84150,126.69179,80,과속단속,190
35.57064,129.35678,60,과속단속,-1
35.52842,129.39659,50,과속단속,-1
35.53940,129.44896,60,과속단속,-1
35.53797,129.26006,60,과속단속,251
35.55165,129.33269,60,과속단속,-1
35.55332,129.29025,50,과속단속,268
37.43807,126.76182,50,과속단속,-1
38.05306,128.16081,80,과속단속,195
37.99179,128.10626,80,과속단속,37
37.24415,128.08790,60,과속단속,-1
37.84524,127.70155,60,과속단속,-1
37.82091,127.69933,70,과속단속,-1
37.90569,128.28117,60,과속단속,-1
37.79003,128.86749,70,과속단속,-1
37.79132,128.86557,70,과속단속,303
37.86173,127.76548,60,과속단속,-1
36.92847,127.69783,60,과속단속,173
36.96733,127.92380,60,과속단속,-1
35.19083,127.46385,60,과속단속,-1
34.39315,126.19315,60,과속단속,-1
35.26041,127.27441,80,과속단속,-1
35.26057,127.27490,80,과속단속,-1
35.34425,126.92671,80,과속단속,-1
34.51379,126.72227,40,과속단속,-1
35.28324,126.74113,80,과속단속,19
35.43414,126.82090,80,과속단속,179
34.86109,126.75197,30,보호구역,-1
35.03443,126.56107,80,과속단속,73
35.15968,126.50058,80,과속단속,-1
35.01943,126.90785,60,과속단속,-1
35.24569,126.45903,60,과속단속,-1
34.87689,127.30499,80,과속단속,-1
34.80046,126.81909,50,과속단속,-1
34.79504,126.51359,90,과속단속,359
34.99384,126.47193,60,과속단속,-1
34.51059,126.54389,80,과속단속,214
34.55322,127.34786,60,과속단속,-1
34.68520,127.36924,80,과속단속,159
34.56960,127.34164,30,보호구역,-1
34.96573,127.63871,80,과속단속,-1
34.93056,127.69280,60,과속단속,281
34.96329,127.57879,60,과속단속,232
35.01090,126.66916,80,과속단속,28
35.03573,126.71907,60,과속단속,51
34.91542,127.53716,70,과속단속,-1
34.90213,127.48412,70,과속단속,5
34.76497,127.68417,60,과속단속,247
34.77235,127.71262,50,과속단속,251
34.74876,127.69383,50,과속단속,-1
34.81687,126.42755,60,과속단속,161
34.75235,126.35890,60,과속단속,-1
34.79898,126.42999,50,과속단속,61
34.81964,126.39911,30,보호구역,-1
35.22763,129.21537,60,과속단속,-1
37.72272,127.05332,30,보호구역,-1
35.80905,128.61171,80,구간단속,85
35.80902,128.61170,80,구간단속,85
35.80906,128.61170,80,구간단속,85
35.80904,128.61173,80,구간단속,85
35.80709,128.56265,80,구간단속,119
35.80709,128.56266,80,구간단속,119
35.80704,128.56279,80,구간단속,119
37.59463,126.94842,50,과속단속,58
37.50623,126.66165,60,과속단속,-1
37.40507,126.68899,50,과속단속,-1
35.48406,129.30820,70,과속단속,172
35.70812,129.19366,50,과속단속,-1
35.41095,129.28836,40,과속단속,-1
35.41196,129.28537,30,과속단속,-1
35.43833,129.34103,50,과속단속,-1
35.52690,129.32639,50,과속단속,269
35.52675,129.32660,50,과속단속,90
35.54722,129.34481,60,과속단속,-1
35.54008,129.32675,60,과속단속,161
35.56590,129.33855,60,과속단속,234
35.56087,129.35723,50,과속단속,-1
35.56071,129.35767,50,과속단속,-1
35.56468,129.32797,60,과속단속,208
35.56481,129.32832,60,과속단속,27
37.56838,126.96954,50,과속단속,48
37.49057,126.87502,50,과속단속,326
35.74836,127.41769,40,과속단속,-1
35.94549,126.93109,50,과속단속,298
35.94504,126.93124,50,과속단속,119
35.56824,127.31139,80,과속단속,354
37.65341,126.79080,40,보호구역,333
37.66102,126.76510,60,과속단속,324
37.76212,127.03980,30,보호구역,-1
37.99424,127.07070,60,과속단속,41
37.78408,127.03046,40,보호구역,-1
37.63864,127.12030,60,과속단속,-1
37.69729,127.38401,70,과속단속,140
37.74711,127.42867,70,과속단속,37
38.00944,127.35830,70,과속단속,211
37.75064,127.06169,50,과속단속,52
37.83859,127.08003,50,과속단속,-1
37.71096,126.88901,50,과속단속,-1
38.37788,128.49799,80,과속단속,138
38.44105,128.44413,60,보호구역,323
37.69234,127.91531,50,과속단속,-1
37.91974,128.80320,80,과속단속,-1
37.49260,129.11560,50,과속단속,-1
37.49241,129.11571,50,과속단속,-1
37.27677,127.90764,60,과속단속,24
37.82986,127.74239,80,과속단속,-1
37.82998,127.74222,80,과속단속,-1
37.83846,127.75920,60,과속단속,-1
37.83844,127.75921,80,과속단속,-1
37.24630,129.05081,60,과속단속,-1
37.25532,129.05737,60,과속단속,210
37.70594,128.84224,60,과속단속,-1
35.93029,126.89338,60,과속단속,-1
35.92615,126.90586,60,과속단속,-1
35.71817,128.43664,70,과속단속,6
35.41729,129.27637,60,과속단속,-1
35.56381,129.12744,60,과속단속,200
35.54621,129.11431,60,과속단속,208
35.61872,129.28302,50,과속단속,107
35.47631,129.32866,60,과속단속,-1
35.49002,129.42514,50,보호구역,-1
35.49018,129.42561,50,보호구역,-1
35.51308,129.42334,50,과속단속,-1
35.53828,129.33130,60,과속단속,257
35.50273,129.34258,60,과속단속,-1
35.52461,129.34679,60,과속단속,-1
35.54976,129.31668,60,과속단속,-1
35.42227,127.14355,80,과속단속,195
35.48538,127.14829,80,과속단속,328
35.75654,126.76304,80,과속단속,-1
35.64434,126.66853,60,과속단속,-1
35.50805,126.53313,60,과속단속,214
35.74103,127.11568,80,과속단속,11
35.91033,127.07263,50,과속단속,139
35.98506,127.11706,80,과속단속,253
35.85795,126.84594,80,과속단속,157
35.81554,126.96765,70,과속단속,-1
35.50073,127.51086,40,과속단속,-1
35.94734,126.98415,50,과속단속,-1
35.91176,126.86714,90,과속단속,133
36.11047,126.95737,70,과속단속,153
35.97145,126.95358,50,과속단속,-1
35.98244,126.68314,50,과속단속,67
35.93828,126.84793,60,과속단속,-1
35.81917,127.10573,50,과속단속,270
35.86864,127.07215,60,과속단속,88
35.86986,127.12112,60,과속단속,237
35.83961,127.12910,60,과속단속,233
35.82750,127.17055,50,과속단속,66
35.85190,127.18975,80,과속단속,253
35.82756,127.14510,60,과속단속,318
35.80312,127.19226,60,과속단속,-1
37.79966,127.13421,50,과속단속,-1
37.87111,127.21468,60,과속단속,6
37.85952,127.20212,70,과속단속,349
38.08014,127.26698,70,과속단속,273
37.97031,127.25008,70,과속단속,332
37.77823,127.04945,30,보호구역,-1
37.79667,127.07975,50,과속단속,96
37.81041,127.08473,50,과속단속,-1
37.86416,127.02376,40,보호구역,-1
37.87425,126.98042,70,과속단속,-1
37.78119,126.95519,50,과속단속,-1
37.73222,126.99869,70,과속단속,232
37.88185,127.03681,50,과속단속,26
37.87300,127.02566,40,보호구역,-1
35.95547,128.44469,50,과속단속,-1
35.95584,128.44571,50,과속단속,-1
35.95492,128.44558,50,과속단속,106
35.96692,128.82239,70,과속단속,290
35.72949,128.30175,70,과속단속,-1
36.56881,128.07774,60,과속단속,-1
36.56213,128.12046,60,과속단속,-1
36.57586,128.15700,60,과속단속,-1
36.15077,128.92509,60,과속단속,-1
35.28616,126.50202,70,과속단속,-1
35.28619,126.50191,70,과속단속,-1
35.09653,126.94039,70,과속단속,348
35.33847,129.07079,70,과속단속,265
35.34718,129.05348,60,과속단속,310
35.54406,127.78107,80,과속단속,165
35.54442,127.78100,80,과속단속,162
34.96733,128.37558,50,과속단속,-1
35.67699,127.91136,50,과속단속,-1
35.68892,127.92030,30,보호구역,-1
35.68237,127.89909,50,과속단속,-1
35.23641,128.83961,60,과속단속,115
35.17648,128.81631,40,보호구역,-1
35.31169,128.72978,40,보호구역,-1
35.79081,127.06602,70,과속단속,284
35.80201,127.09855,50,과속단속,254
35.79293,127.12057,50,과속단속,254
35.77086,127.09271,90,과속단속,125
35.84496,128.64231,50,과속단속,12
35.90098,128.54175,60,과속단속,341
35.94150,128.54249,50,과속단속,-1
35.79883,128.50349,50,과속단속,279
35.87591,128.65675,60,과속단속,262
35.87627,128.67103,60,과속단속,283
35.87877,128.41209,70,과속단속,90
35.88175,128.49904,50,과속단속,-1
35.84844,128.47279,60,과속단속,-1
35.86488,128.52593,50,과속단속,-1
35.85860,128.52364,50,과속단속,-1
35.83309,128.58352,60,과속단속,85
35.66886,128.44248,60,과속단속,48
35.86874,128.54683,50,보호구역,-1
35.88664,128.59823,50,과속단속,-1
35.88301,128.58976,50,과속단속,164
35.90153,128.59656,50,과속단속,-1
35.93603,128.54874,50,과속단속,-1
35.86147,128.45583,60,과속단속,64
35.86703,128.62706,60,과속단속,355
35.85560,128.55207,60,과속단속,64
35.84375,128.53737,60,과속단속,-1
35.81118,128.54946,30,보호구역,-1
35.81202,128.51738,50,과속단속,224
35.83518,128.48237,60,과속단속,295
35.86409,128.49109,60,과속단속,-1
35.83083,128.51945,50,과속단속,-1
35.89478,128.52021,50,보호구역,-1
35.87026,128.58699,50,과속단속,-1
35.84118,128.68574,60,과속단속,45
35.82437,128.64522,60,과속단속,-1
35.84044,128.63389,50,과속단속,-1
35.85468,128.61331,50,과속단속,274
35.83698,128.60713,60,과속단속,18
35.85292,128.68390,60,과속단속,281
35.86686,128.57075,50,과속단속,-1
35.87089,128.57819,40,보호구역,-1
35.89179,128.59005,50,과속단속,-1
35.87591,128.60643,50,과속단속,123
35.92575,128.54758,50,과속단속,-1
35.92787,128.55958,40,보호구역,-1
35.88922,128.62852,50,과속단속,-1
35.87627,128.72948,60,과속단속,276
35.95364,128.69074,60,과속단속,107
35.78766,128.63878,60,과속단속,319
36.65127,127.46997,50,과속단속,-1
36.61464,127.45339,50,과속단속,-1
36.67184,127.48330,60,과속단속,-1
36.63493,127.46011,50,과속단속,-1
35.10265,128.92389,50,보호구역,-1
35.11798,128.90709,60,과속단속,288
35.17647,129.11798,50,과속단속,162
35.05410,128.97078,50,과속단속,257
35.14315,128.98770,50,과속단속,171
35.16224,129.16510,50,과속단속,-1
35.12691,129.10908,50,보호구역,307
35.18615,129.08198,50,과속단속,-1
35.21807,129.08423,50,과속단속,163
35.21540,129.04315,50,과속단속,-1
35.21487,129.01979,70,과속단속,250
35.21486,129.00924,70,과속단속,83
35.21137,128.97870,60,과속단속,270
35.21386,128.95295,60,과속단속,277
35.10217,128.99835,50,보호구역,-1
35.06228,128.97730,50,과속단속,-1
35.25063,129.09144,50,과속단속,166
35.16315,128.99101,50,과속단속,359
35.16319,129.13631,50,과속단속,-1
35.13971,129.05653,50,과속단속,181
35.12309,129.04413,50,과속단속,21
35.17077,129.06754,50,과속단속,2
35.26680,128.86199,60,과속단속,147
35.24460,128.91244,40,보호구역,-1
37.52711,126.50687,50,과속단속,-1
37.52707,126.50601,50,과속단속,-1
37.46380,126.63650,30,과속단속,-1
37.39085,126.72991,50,과속단속,-1
37.43968,126.64952,50,과속단속,-1
37.52774,126.70100,50,과속단속,122
37.51171,126.73134,50,과속단속,-1
37.45712,126.69732,50,과속단속,-1
37.59090,126.69850,30,과속단속,-1
37.46960,126.62896,30,과속단속,-1
37.46874,127.03993,50,과속단속,329
37.48428,127.03395,50,과속단속,111
37.56623,126.98770,50,과속단속,354
36.99977,128.34128,60,과속단속,-1
36.99959,128.34133,60,과속단속,-1
36.12479,127.60074,60,과속단속,-1
36.12498,127.60093,60,과속단속,-1
37.16571,128.19628,60,과속단속,-1
37.16556,128.19475,60,과속단속,50
37.69282,126.76785,50,과속단속,-1
37.67909,126.74134,60,과속단속,-1
37.65775,126.92021,60,과속단속,-1
37.71498,126.85084,50,보호구역,-1
35.24866,128.75154,60,과속단속,-1
35.24868,128.75152,60,과속단속,-1
35.23272,128.56445,50,과속단속,-1
36.11539,127.59133,60,과속단속,-1
36.60311,127.28975,50,보호구역,191
36.32577,126.55613,70,과속단속,222
36.39378,126.57181,80,과속단속,149
37.33720,127.91614,100,과속단속,138
37.32722,127.92694,100,과속단속,320
37.52765,127.81926,60,과속단속,-1
37.52605,127.86550,60,과속단속,-1
37.67090,128.60631,60,과속단속,-1
37.46936,128.74297,60,과속단속,-1
37.20917,128.63759,80,과속단속,209
37.36211,128.59718,60,과속단속,-1
37.38271,128.63046,60,과속단속,81
37.45947,128.63025,60,과속단속,-1
37.47976,128.60364,60,과속단속,-1
37.22994,128.98937,60,과속단속,-1
37.85917,127.71702,50,과속단속,-1
38.06000,127.64350,60,과속단속,-1
38.06878,127.68969,60,과속단속,-1
38.19461,128.32683,80,과속단속,265
37.65325,128.57169,60,과속단속,-1
37.66656,128.58928,60,과속단속,31
37.65347,128.56808,60,과속단속,-1
37.63447,128.55756,50,과속단속,-1
37.60658,128.43822,60,과속단속,-1
37.60594,128.44247,60,과속단속,-1
37.57603,128.33900,60,과속단속,-1
37.63781,128.49594,60,과속단속,-1
37.65997,127.83081,80,과속단속,54
37.66011,127.83108,80,과속단속,-1
37.45336,129.17739,60,과속단속,-1
37.84878,128.73444,70,과속단속,-1
37.84877,128.73435,70,과속단속,-1
37.99171,128.71984,100,과속단속,155
37.43411,129.15297,100,과속단속,324
37.69954,128.87886,100,과속단속,287
38.13614,127.47195,50,과속단속,-1
37.92477,128.05963,80,과속단속,17
37.68745,128.69020,60,과속단속,-1
37.89727,128.03690,80,과속단속,-1
37.36202,128.59644,60,과속단속,-1
37.18807,128.38096,80,과속단속,83
38.16274,128.56926,50,과속단속,-1
37.10718,129.00255,40,보호구역,-1
37.52612,129.10503,60,과속단속,26
37.23227,127.89585,80,과속단속,206
37.77175,128.92259,50,과속단속,-1
37.64829,129.01706,60,과속단속,-1
37.83955,127.73119,60,과속단속,-1
37.87504,127.76848,60,과속단속,277
37.82772,127.67062,80,과속단속,230
35.29208,129.09308,100,구간단속,303
35.28865,129.09912,100,구간단속,304
35.31690,129.18443,60,보호구역,-1
35.31626,129.24361,50,과속단속,-1
35.32283,129.22466,70,과속단속,294
35.13072,128.94356,70,과속단속,204
35.49423,128.78308,50,과속단속,-1
35.15164,128.55369,60,과속단속,147
36.49780,127.74422,60,과속단속,243
36.23102,127.73681,30,보호구역,-1
36.23109,127.73627,30,보호구역,-1
36.23774,127.74253,50,과속단속,-1
36.23780,127.74284,50,과속단속,-1
36.98186,127.44164,60,과속단속,-1
37.03724,127.92253,60,과속단속,247
35.21495,129.06502,50,과속단속,-1
35.10227,129.02143,50,과속단속,-1
33.48565,126.55057,50,과속단속,-1
33.53324,126.63799,60,과속단속,73
33.26820,126.36946,50,과속단속,-1
33.43566,126.73606,70,과속단속,83
33.52614,126.62341,70,과속단속,194
33.49374,126.49654,50,과속단속,-1
37.93904,128.31740,100,구간단속,-1
37.93907,128.31757,100,구간단속,-1
37.99410,128.53005,100,구간단속,-1
37.99401,128.53010,100,구간단속,-1
37.99388,128.53032,100,구간단속,-1
37.99383,128.53032,100,구간단속,-1
37.93898,128.31762,100,구간단속,-1
37.93887,128.31784,100,구간단속,-1
37.55512,126.92167,50,과속단속,-1
37.57063,127.15888,60,과속단속,240
37.58513,126.81793,80,과속단속,122
37.60449,127.07116,80,과속단속,171
37.51664,126.97468,80,과속단속,107
37.48771,126.89787,50,과속단속,320
37.48940,127.10543,80,과속단속,-1
37.64535,127.05837,50,보호구역,-1
37.49183,127.02653,30,보호구역,-1
37.48200,126.94622,50,과속단속,276
36.59459,127.48698,70,과속단속,-1
36.64462,127.42987,60,과속단속,-1
36.50792,127.42804,70,과속단속,-1
35.03404,127.76716,60,과속단속,-1
35.01753,127.76651,60,과속단속,-1
35.00843,127.76672,60,과속단속,-1
35.54994,127.32774,80,과속단속,149
35.53942,126.57069,60,과속단속,-1
35.43958,126.71250,60,과속단속,-1
35.48130,127.36269,80,과속단속,328
35.73087,126.76717,80,과속단속,-1
35.77358,126.95157,60,과속단속,-1
35.84320,127.40568,60,과속단속,192
35.58558,127.25510,60,과속단속,-1
35.54187,127.17349,40,과속단속,-1
35.50873,127.27554,30,보호구역,-1
37.66796,127.13400,60,과속단속,16
37.63612,127.30321,50,보호구역,-1
37.88387,127.21170,60,과속단속,260
37.73149,126.71900,30,보호구역,-1
37.82468,126.73324,30,보호구역,-1
37.86210,126.80004,40,보호구역,-1
37.57967,127.14593,60,과속단속,-1
37.57671,127.14548,70,과속단속,93
36.88046,128.49657,80,과속단속,-1
36.75991,128.72940,60,과속단속,-1
36.85334,128.52769,60,과속단속,-1
35.65019,128.73232,60,과속단속,-1
35.65012,128.73194,60,과속단속,270
36.00177,128.60102,40,과속단속,-1
36.00091,128.60317,40,과속단속,308
35.99992,128.59951,50,과속단속,-1
36.60947,128.52222,80,과속단속,305
36.39538,128.25896,80,과속단속,128
35.88881,129.05703,60,과속단속,-1
36.10708,128.36152,100,과속단속,356
34.56715,126.64956,30,보호구역,-1
34.57952,126.31151,70,과속단속,9
34.58184,126.31180,70,과속단속,-1
35.58104,127.95594,50,과속단속,-1
35.63282,127.79712,60,과속단속,-1
36.77381,126.71825,70,과속단속,-1
36.67897,126.90794,60,과속단속,-1
36.71790,126.83239,60,과속단속,5
36.15139,127.01089,60,과속단속,-1
36.15042,127.00864,60,과속단속,-1
36.19583,127.08472,50,과속단속,150
36.18897,127.09019,50,과속단속,-1
34.84688,126.69312,80,과속단속,5
34.81547,126.69866,60,과속단속,354
37.74325,127.06632,50,과속단속,138
37.72687,126.98724,80,과속단속,270
37.73103,126.97178,80,과속단속,291
37.63436,126.87397,60,과속단속,127
37.63573,126.87253,60,과속단속,304
37.68806,126.87344,60,과속단속,-1
38.03034,127.07073,50,과속단속,-1
37.94291,127.05881,50,과속단속,-1
37.72368,127.19154,60,과속단속,1
35.72624,128.43455,70,과속단속,144
35.86787,128.49289,40,과속단속,-1
36.82197,126.45208,30,보호구역,-1
36.75350,126.32175,70,과속단속,250
36.46792,126.79856,70,과속단속,177
36.17841,127.39066,60,과속단속,-1
36.11258,126.68708,70,과속단속,337
36.27594,126.88697,50,과속단속,263
36.54017,126.75881,70,과속단속,89
36.68352,126.61947,70,과속단속,62
36.53867,126.73869,70,과속단속,202
36.47418,127.33638,80,과속단속,92
36.35214,126.60786,50,과속단속,218
36.46294,127.10275,60,과속단속,30
36.21389,127.12717,70,과속단속,262
36.21056,127.21836,70,과속단속,278
36.78003,127.08797,80,과속단속,247
36.74920,127.10311,90,과속단속,334
36.87892,127.18056,60,과속단속,89
36.79228,127.12103,50,과속단속,221
34.92195,126.66419,60,과속단속,-1
34.94927,126.64337,70,과속단속,-1
34.96522,126.67359,70,과속단속,-1
35.01297,126.79574,60,과속단속,-1
35.01307,126.77918,30,보호구역,-1
35.01352,126.79928,30,보호구역,-1
35.03070,126.78533,30,보호구역,-1
35.00944,126.78554,30,보호구역,-1
35.02258,126.79406,60,과속단속,-1
35.91426,127.16393,60,과속단속,351
35.89059,126.83305,60,과속단속,-1
35.81535,126.80072,60,과속단속,-1
35.78179,127.01770,40,과속단속,-1
35.79092,127.04213,70,과속단속,-1
35.79014,126.89281,50,과속단속,-1
35.98546,126.73764,60,과속단속,64
35.98613,126.72412,50,과속단속,296
37.49312,127.02618,30,보호구역,-1
37.62715,127.05438,50,과속단속,-1
36.44041,128.15604,60,과속단속,199
37.61194,127.07733,50,과속단속,-1
37.57765,127.09048,50,과속단속,-1
37.55798,127.04025,50,과속단속,270
37.61807,127.04336,50,과속단속,-1
37.57794,127.01526,40,과속단속,-1
37.56244,127.15465,50,과속단속,-1
36.73431,127.12643,70,과속단속,18
36.79336,127.13358,30,과속단속,-1
36.82332,127.12102,50,과속단속,255
36.82195,127.10793,50,과속단속,-1
34.89924,127.64900,60,과속단속,233
34.89798,127.63703,60,과속단속,-1
34.92827,127.69805,60,과속단속,275
34.91139,127.62245,80,과속단속,141
34.94899,127.72299,80,과속단속,40
34.93180,127.73285,60,과속단속,-1
34.93908,127.68988,60,과속단속,-1
35.86612,128.56569,30,보호구역,-1
35.86657,128.56687,30,보호구역,-1
36.34866,127.34803,50,과속단속,4
36.38397,127.34623,50,과속단속,70
36.36535,127.36403,50,과속단속,-1
36.39608,127.40504,50,과속단속,-1
36.35105,127.40146,50,과속단속,178
36.36128,127.39661,50,과속단속,303
36.38174,127.42631,50,과속단속,-1
36.33233,127.35124,50,과속단속,270
36.27130,127.34590,60,과속단속,-1
35.55845,129.25495,60,과속단속,282
37.46780,126.98680,50,과속단속,143
36.75852,126.19145,70,과속단속,-1
36.75864,126.19134,70,과속단속,-1
36.50068,127.29573,50,과속단속,302
36.28557,127.18559,50,과속단속,-1
36.31003,127.15320,50,과속단속,-1
36.56485,127.28820,60,과속단속,208
36.49380,127.20230,60,과속단속,-1
36.26173,127.12142,70,과속단속,-1
36.50770,127.26770,50,과속단속,-1
36.51083,127.26389,30,과속단속,-1
36.48163,127.30372,30,보호구역,-1
36.56349,127.28311,30,보호구역,-1
36.56348,127.28316,30,보호구역,-1
36.50444,127.23781,30,보호구역,-1
36.50426,127.23769,30,보호구역,-1
36.51511,127.22966,30,보호구역,-1
36.51520,127.22987,30,보호구역,-1
36.50969,127.22997,30,보호구역,-1
36.51043,127.22990,30,보호구역,-1
36.51524,127.25103,30,보호구역,-1
36.51612,127.25114,40,과속단속,-1
36.59554,127.29295,30,보호구역,263
36.59543,127.29344,30,보호구역,83
36.47971,127.25834,30,보호구역,-1
36.48024,127.25874,30,보호구역,-1
36.48462,127.25335,30,보호구역,-1
36.48455,127.25297,30,보호구역,-1
36.52014,127.23905,30,보호구역,-1
36.50371,127.25525,30,보호구역,-1
36.50353,127.25580,30,보호구역,-1
36.72091,127.15745,30,보호구역,-1
36.72205,127.15776,30,보호구역,-1
36.67947,127.20385,30,보호구역,-1
36.67941,127.20386,30,보호구역,-1
36.58196,127.25383,30,보호구역,-1
36.58130,127.25611,30,보호구역,-1
36.78460,126.44016,40,과속단속,-1
36.71998,126.53512,80,과속단속,306
36.48680,127.17560,70,과속단속,267
37.62657,126.86609,60,과속단속,-1
37.62767,126.86367,60,과속단속,-1
37.62892,126.86795,50,과속단속,-1
37.66086,126.74835,50,과속단속,-1
37.66734,126.75522,60,과속단속,118
35.87510,129.19132,60,과속단속,-1
36.05430,129.37608,50,과속단속,-1
36.03466,129.38073,50,과속단속,-1
36.02149,129.33877,50,과속단속,3
35.92438,129.48826,60,과속단속,-1
35.93861,129.46963,70,과속단속,-1
35.95201,129.43728,70,과속단속,22
35.69949,129.30385,80,과속단속,326
35.73176,129.23489,80,과속단속,167
35.77547,129.29963,60,과속단속,-1
35.99769,129.19535,80,과속단속,99
36.09954,128.49121,60,과속단속,-1
35.98851,128.39473,70,과속단속,-1
35.89600,128.35523,70,과속단속,156
35.88592,128.36192,70,과속단속,330
35.88671,128.18723,60,과속단속,190
35.94767,128.22001,50,과속단속,-1
35.92387,128.27754,50,과속단속,-1
35.92438,128.27743,50,과속단속,-1
36.62980,128.24525,60,과속단속,-1
36.52309,127.50194,70,과속단속,-1
36.52318,127.50228,70,과속단속,-1
36.86349,127.44662,50,과속단속,-1
36.59556,127.47248,60,과속단속,109
36.59669,127.47077,60,과속단속,300
36.60654,127.51375,30,보호구역,-1
36.66647,127.47253,30,보호구역,-1
36.61865,127.43077,50,보호구역,-1
36.60834,127.47097,30,보호구역,-1
36.62191,127.43881,30,보호구역,-1
36.61232,127.44403,30,보호구역,-1
35.80580,128.50454,50,과속단속,249
35.80567,128.50514,50,과속단속,69
37.51919,126.62933,60,과속단속,61
37.71557,127.10402,60,과속단속,355
37.63011,127.12143,50,과속단속,-1
37.63268,127.14227,50,과속단속,342
37.46802,126.67405,50,과속단속,2
37.45279,126.65473,50,과속단속,73
37.45417,126.65951,50,과속단속,253
35.30361,126.94143,80,과속단속,-1
35.28945,126.91788,80,과속단속,-1
35.26035,126.88752,80,과속단속,3
37.46757,126.94922,50,과속단속,274
37.46639,126.93131,40,과속단속,185
37.48671,126.94424,50,과속단속,-1
35.34754,129.04984,50,과속단속,-1
35.16270,128.13793,50,과속단속,-1
35.16280,128.13787,50,과속단속,-1
35.17103,128.06200,60,과속단속,141
35.22778,128.76890,60,과속단속,-1
34.99608,127.81148,70,과속단속,26
35.22940,126.83700,60,과속단속,67
35.22997,126.83777,60,과속단속,248
35.19617,127.37511,50,과속단속,-1
35.27086,127.13564,60,과속단속,200
35.27100,127.13594,60,과속단속,-1
35.55017,129.16997,50,과속단속,-1
35.53936,129.42925,60,과속단속,-1
35.80336,128.51247,50,과속단속,240
36.27258,127.47260,80,과속단속,288
36.42222,128.17374,50,과속단속,-1
36.85067,128.68013,80,과속단속,68
36.81434,128.60248,80,과속단속,344
36.13781,128.44818,60,과속단속,-1
35.73944,129.20436,80,과속단속,345
36.10205,129.36777,60,과속단속,49
36.04240,128.82474,100,과속단속,257
35.80006,128.40839,60,과속단속,-1
36.14605,128.12768,50,과속단속,-1
36.04590,129.35841,50,과속단속,352
35.95739,128.83301,60,과속단속,-1
37.76945,126.44356,50,과속단속,-1
36.32100,127.44544,50,과속단속,118
35.36954,128.31461,60,과속단속,-1
35.36813,128.11950,80,과속단속,101
35.34967,128.42767,60,과속단속,-1
35.36241,128.48512,60,과속단속,322
35.35516,128.07662,80,과속단속,291
34.89213,127.87705,70,과속단속,113
34.98862,127.83053,70,과속단속,104
34.96802,128.35376,80,과속단속,288
35.48651,128.51225,80,과속단속,347
35.44671,128.53523,80,과속단속,313
35.58946,128.47014,70,과속단속,10
35.56776,128.17052,70,과속단속,-1
35.50601,128.75690,60,과속단속,179
35.07243,128.07951,70,과속단속,49
34.93139,128.35732,70,과속단속,307
35.09883,128.80656,30,보호구역,-1
35.29803,129.02121,70,과속단속,-1
35.21097,128.80124,60,과속단속,314
35.23615,128.91746,50,과속단속,-1
35.15619,128.06664,80,과속단속,61
35.14772,128.32608,80,과속단속,-1
35.21064,128.58610,60,과속단속,-1
35.14620,128.55792,40,보호구역,156
37.54435,127.16742,50,과속단속,63
37.54431,127.16673,50,과속단속,243
37.54431,127.16672,50,과속단속,243
37.46310,126.91916,30,보호구역,-1
37.60956,126.99655,50,과속단속,121
35.13480,126.79709,50,과속단속,-1
35.15253,126.88071,60,과속단속,77
35.15922,126.71535,80,과속단속,97
35.16719,126.80236,50,과속단속,-1
35.17892,126.83002,50,과속단속,-1
35.22424,126.84041,50,과속단속,-1
35.19201,126.87689,50,과속단속,164
35.17061,126.89740,60,과속단속,289
35.23547,126.85340,60,과속단속,246
35.17169,126.90014,50,과속단속,-1
35.18398,126.90628,50,과속단속,272
35.18478,126.92284,50,과속단속,-1
35.17705,126.87911,60,과속단속,264
35.13796,126.89650,60,과속단속,327
35.08206,126.83065,60,과속단속,164
35.14115,126.88583,50,과속단속,-1
35.12320,126.86308,60,과속단속,-1
35.15149,126.83382,50,과속단속,-1
35.12075,126.75993,70,과속단속,-1
35.15190,126.89531,50,과속단속,202
35.16147,126.88372,60,과속단속,318
35.14400,126.92561,50,과속단속,206
35.91635,127.68621,70,과속단속,177
35.68708,127.56224,60,과속단속,-1
35.55788,127.49244,40,과속단속,-1
35.78126,127.40686,70,과속단속,-1
35.86344,128.61243,60,과속단속,55
35.84930,128.65703,50,과속단속,-1
35.85270,128.53753,60,과속단속,-1
35.87289,128.70288,50,과속단속,-1
35.87873,128.62090,30,보호구역,-1
35.86611,128.59070,60,과속단속,283
35.86201,128.60728,60,과속단속,-1
35.74774,128.55687,40,과속단속,-1
35.87493,128.60828,80,과속단속,123
35.88546,128.60081,80,과속단속,350
37.47497,126.65992,50,과속단속,-1
37.47479,126.65996,50,과속단속,199
37.47090,126.66681,50,과속단속,-1
36.46484,127.24576,60,과속단속,56
36.46496,127.24565,60,과속단속,237
36.52953,127.29518,60,과속단속,-1
36.52972,127.29530,60,과속단속,-1
35.56083,128.25461,50,과속단속,-1
35.24064,128.50946,60,과속단속,-1
35.14372,126.90310,50,과속단속,159
35.14416,126.90352,50,과속단속,334
35.20151,126.89448,50,과속단속,-1
35.19663,126.82251,60,과속단속,-1
37.56953,126.91148,50,과속단속,-1
37.55639,127.03434,50,과속단속,-1
37.47200,126.98288,50,과속단속,156
37.46756,126.98670,50,과속단속,142
35.53767,129.32817,60,과속단속,256
35.56147,129.36131,60,과속단속,177
35.56167,129.36167,60,과속단속,357
35.55981,129.37456,50,과속단속,-1
35.58851,129.34442,50,과속단속,-1
35.56742,129.32618,60,보호구역,-1
35.56228,129.29058,60,과속단속,-1
35.58428,129.34478,60,과속단속,32
35.58422,129.34467,60,과속단속,-1
35.58506,129.34264,50,보호구역,-1
35.58372,129.34181,50,보호구역,-1
35.57938,129.33944,60,과속단속,-1
35.57375,129.33465,60,과속단속,-1
35.56337,129.30336,60,과속단속,-1
35.56224,129.29544,60,과속단속,-1
35.56390,129.31844,50,과속단속,107
36.93099,128.33252,50,과속단속,-1
37.08707,128.48933,50,과속단속,22
37.00723,128.36667,60,과속단속,-1
36.99823,128.35669,60,과속단속,-1
36.92976,128.25292,60,과속단속,-1
34.85689,126.42739,70,과속단속,170
34.98867,127.83053,70,과속단속,104
35.17119,128.06197,60,과속단속,141
37.56543,127.01593,50,과속단속,-1
37.56535,127.02334,50,과속단속,224
37.55569,127.02383,30,보호구역,-1
37.60064,126.90447,50,과속단속,-1
37.54540,127.10291,50,과속단속,113
37.54922,127.09248,50,과속단속,296
36.45071,127.03310,60,과속단속,88
36.46186,127.04758,70,과속단속,194
36.82931,126.50985,50,과속단속,109
37.48022,126.63288,30,과속단속,-1
37.48559,126.65179,50,과속단속,-1
37.47775,126.65163,50,과속단속,-1
37.50484,126.48859,80,과속단속,241
37.48694,126.40564,80,과속단속,-1
37.43968,126.43474,80,과속단속,328
37.43953,126.43487,80,과속단속,328
37.46424,126.40154,80,과속단속,-1
37.47865,126.74854,30,과속단속,-1
37.51949,126.62826,60,과속단속,242
37.49036,126.68505,30,과속단속,-1
37.49242,126.68718,30,과속단속,-1
37.58960,126.67078,30,과속단속,-1
37.56252,126.63076,60,과속단속,36
37.56290,126.63071,60,과속단속,247
37.56242,126.62971,60,과속단속,-1
37.53555,126.89893,50,과속단속,-1
35.67693,126.91965,50,과속단속,-1
35.71048,126.85198,80,과속단속,73
35.71088,126.85160,80,과속단속,241
35.80302,126.42530,60,과속단속,-1
35.80695,126.43820,60,과속단속,-1
35.93965,126.68981,90,과속단속,-1
35.94012,126.69540,90,과속단속,-1
35.77904,127.19868,70,과속단속,1
36.72224,127.06326,30,보호구역,-1
36.91833,127.05658,50,과속단속,120
37.62982,127.14095,60,과속단속,193
37.60816,127.13070,50,보호구역,335
37.94736,127.06151,50,과속단속,193
35.77684,127.43047,70,과속단속,296
35.77660,127.43033,70,과속단속,116
35.40442,127.35188,40,과속단속,-1
35.40039,127.33187,40,과속단속,-1
35.40747,127.38781,50,과속단속,-1
35.92819,126.97890,60,과속단속,-1
35.92713,126.96442,50,과속단속,-1
35.98142,126.95640,50,과속단속,-1
35.94514,126.95560,50,과속단속,138
35.95267,126.99409,50,과속단속,186
36.14405,127.01785,60,과속단속,95
35.93451,126.93856,50,과속단속,-1
35.93514,126.68629,60,과속단속,-1
34.94825,127.50039,50,과속단속,-1
34.97175,127.48939,50,과속단속,-1
34.92986,127.49914,50,과속단속,-1
34.94328,127.52897,50,과속단속,-1
37.51438,127.00772,50,과속단속,-1
37.62712,127.05409,50,과속단속,-1
36.10068,126.65454,70,과속단속,356
36.10116,126.65408,70,과속단속,-1
36.49869,127.22287,60,과속단속,86
36.49882,127.22234,60,과속단속,266
37.78800,127.12816,50,과속단속,-1
33.30697,126.80444,50,과속단속,265
33.30108,126.76735,50,과속단속,223
33.46382,126.48509,80,과속단속,50
33.36485,126.19985,60,과속단속,-1
33.46325,126.33999,70,과속단속,250
33.44199,126.91188,60,과속단속,29
33.35732,126.82274,70,과속단속,150
33.51824,126.54037,50,과속단속,-1
33.49694,126.58071,70,과속단속,-1
33.53142,126.68650,70,과속단속,24
33.52141,126.58128,50,과속단속,-1
33.24764,126.27670,50,과속단속,202
33.49296,126.51142,50,과속단속,-1
33.48455,126.53599,60,과속단속,-1
33.47273,126.42632,80,과속단속,268
33.47323,126.48437,50,과속단속,347
33.47596,126.51462,50,과속단속,-1
36.94536,127.42812,30,보호구역,-1
36.90706,127.50859,30,보호구역,-1
36.85455,127.43801,30,보호구역,-1
36.92135,127.69015,50,과속단속,-1
37.04267,127.47489,40,보호구역,-1
37.15149,128.21414,50,과속단속,-1
37.15142,128.21446,50,과속단속,-1
36.63088,127.46875,50,과속단속,-1
36.71198,127.43621,70,과속단속,222
36.71190,127.43636,70,과속단속,42
34.94515,127.48801,50,과속단속,-1
37.63444,126.91890,40,과속단속,-1
37.63450,126.91913,40,과속단속,-1
37.63464,126.91736,60,과속단속,-1
37.63427,126.91685,60,과속단속,178
37.56179,127.15122,50,과속단속,-1
37.50268,127.12187,50,과속단속,-1
37.55433,126.81005,40,과속단속,-1
37.56949,126.80390,40,과속단속,-1
37.56116,126.80111,30,과속단속,-1
37.55829,126.89470,60,과속단속,201
37.54533,126.95567,50,과속단속,223
37.51848,126.87387,50,과속단속,-1
37.49644,126.91445,50,과속단속,-1
37.45909,127.05602,50,과속단속,312
37.53732,127.09296,30,과속단속,310
37.64519,127.04864,50,과속단속,-1
37.62920,127.04002,30,보호구역,-1
37.58621,127.02190,30,보호구역,-1
37.68337,127.05531,50,보호구역,181
37.47958,126.94255,30,보호구역,-1
37.53556,126.82707,30,과속단속,80
37.48663,126.93492,50,과속단속,-1
37.56552,127.05481,50,과속단속,212
37.49514,126.92756,50,과속단속,-1
37.48284,127.05251,50,과속단속,157
37.55699,126.95226,50,과속단속,-1
37.60272,127.01885,50,과속단속,290
37.49152,126.85585,50,과속단속,-1
37.49940,126.90546,50,과속단속,49
37.57803,127.03524,50,과속단속,89
37.59892,126.91559,50,과속단속,-1
37.58847,127.05705,50,과속단속,-1
37.49448,127.11664,50,과속단속,142
37.52427,126.92125,50,과속단속,234
37.55429,127.03424,50,과속단속,99
37.51986,127.05711,50,과속단속,157
37.54403,126.95133,50,과속단속,245
37.53424,126.82972,50,과속단속,-1
37.54578,126.82169,50,과속단속,345
37.56623,126.91462,50,과속단속,247
37.52104,126.97945,50,과속단속,-1
37.55495,127.15428,40,과속단속,-1
33.51386,126.50275,50,구간단속,-1
33.50622,126.50617,50,구간단속,-1
35.14238,128.98373,50,과속단속,-1
35.08875,129.02453,50,과속단속,-1
35.16381,129.05404,50,과속단속,107
36.12120,126.84584,60,과속단속,-1
36.29213,126.93742,50,과속단속,169
36.24662,126.87961,60,과속단속,144
36.30031,126.86728,60,과속단속,-1
36.27551,126.78768,70,과속단속,-1
36.79853,127.13459,50,과속단속,74
36.81883,127.10379,30,보호구역,-1
35.87429,128.48092,30,보호구역,-1
35.86252,128.46767,30,보호구역,-1
35.85240,128.46709,30,보호구역,-1
35.24669,129.21371,40,보호구역,-1
35.25413,129.21613,30,보호구역,-1
35.21049,129.03227,50,보호구역,-1
35.21005,129.02262,30,보호구역,-1
35.21818,128.93734,60,보호구역,293
35.18568,129.08819,50,보호구역,-1
35.19229,129.06481,50,보호구역,-1
35.18809,129.10942,50,보호구역,268
35.09885,128.96086,50,보호구역,343
35.08254,128.96675,30,보호구역,-1
35.07643,128.97298,30,보호구역,359
35.26901,129.08517,30,보호구역,-1
35.13871,128.97894,30,보호구역,-1
35.16727,128.98385,30,보호구역,-1
35.16461,129.18078,30,보호구역,-1
35.14590,129.11468,30,보호구역,-1
35.12674,129.09014,50,보호구역,-1
35.10564,129.02007,50,보호구역,-1
35.15242,129.11630,50,과속단속,-1
35.09770,129.06063,50,과속단속,-1
35.18772,129.10733,50,과속단속,85
35.15190,128.97674,50,과속단속,282
35.17232,129.10884,50,과속단속,-1
35.13935,129.07107,30,과속단속,-1
35.13806,129.05920,50,과속단속,-1
35.15199,128.88097,60,과속단속,217
35.95966,126.99062,50,과속단속,-1
37.15198,127.17326,60,과속단속,214
37.29291,127.52092,90,구간단속,144
37.29293,127.52096,90,구간단속,144
37.29295,127.52099,90,구간단속,144
37.31911,127.42482,90,구간단속,122
37.31913,127.42483,90,구간단속,122
37.31914,127.42485,90,구간단속,122
35.55355,128.76250,30,보호구역,-1
37.42082,127.15447,90,구간단속,143
37.42084,127.15450,90,구간단속,143
37.42086,127.15458,90,구간단속,143
35.18105,128.77724,70,구간단속,279
35.19025,128.72627,70,구간단속,116
35.19260,128.72024,70,구간단속,116
35.18215,128.76456,70,구간단속,255
35.41717,127.85554,50,과속단속,-1
35.50822,128.41176,40,보호구역,-1
35.51678,128.38255,50,과속단속,-1
35.55510,128.50602,50,과속단속,-1
35.54280,128.49698,30,보호구역,-1
35.54292,128.49674,30,보호구역,-1
37.74072,127.05688,30,보호구역,-1
37.77111,127.10303,60,과속단속,234
37.64530,126.86429,60,과속단속,-1
37.74960,127.09950,50,과속단속,-1
37.74960,127.09980,50,과속단속,-1
35.23616,126.89355,60,과속단속,-1
35.22444,126.82620,80,과속단속,352
35.22022,126.90327,60,과속단속,347
35.17855,126.85853,80,과속단속,10
35.16174,126.83379,80,과속단속,267
35.16112,126.82698,80,과속단속,87
35.11122,126.83281,80,과속단속,262
35.21112,126.92436,80,과속단속,123
35.11570,126.86753,50,과속단속,-1
37.59854,126.66517,30,과속단속,-1
36.42851,127.38632,50,과속단속,325
36.28496,127.31063,50,과속단속,-1
36.35745,127.40847,50,과속단속,-1
36.32307,127.41750,50,과속단속,44
36.42333,127.40895,50,과속단속,-1
36.27074,127.27345,70,과속단속,-1
36.34082,127.36668,50,과속단속,-1
36.25451,127.34028,60,과속단속,-1
36.34770,127.44405,50,과속단속,153
36.27301,127.46955,60,과속단속,-1
34.72409,127.98592,30,보호구역,-1
34.83455,127.89666,30,보호구역,-1
34.80860,128.03488,30,보호구역,-1
34.83394,127.64819,70,과속단속,-1
34.83102,127.67212,60,과속단속,-1
34.81591,127.67432,60,과속단속,-1
34.81027,127.63711,70,과속단속,-1
34.77329,127.69357,50,과속단속,200
34.75314,127.67589,50,과속단속,335
34.84244,127.69235,60,과속단속,-1
34.85229,127.73488,60,과속단속,-1
34.82132,127.64022,70,과속단속,-1
34.82563,127.68249,60,과속단속,-1
34.82545,127.73297,30,보호구역,-1
34.74014,127.68282,50,과속단속,18
34.76638,127.66268,50,과속단속,181
34.78760,127.66369,60,과속단속,13
34.78756,127.66361,60,과속단속,13
34.85058,127.70657,60,과속단속,-1
34.85442,127.70315,60,과속단속,-1
35.13535,129.09369,50,과속단속,-1
35.24589,127.03048,100,과속단속,80
35.19698,127.52630,30,보호구역,-1
35.34262,126.98942,60,과속단속,-1
34.53633,126.79415,50,과속단속,-1
35.27252,126.64993,50,보호구역,-1
35.04575,126.90532,70,과속단속,31
35.35166,126.45904,80,과속단속,337
34.73426,126.96823,80,과속단속,82
34.89024,126.43051,70,과속단속,-1
34.56545,126.60642,50,과속단속,-1
34.94348,127.67972,60,과속단속,-1
35.00512,126.71113,50,과속단속,-1
34.89156,127.56375,70,과속단속,124
34.89136,127.47774,70,과속단속,-1
34.75865,127.66959,50,과속단속,-1
34.76090,127.63979,50,과속단속,-1
34.81653,126.42051,50,과속단속,23
34.79983,126.38090,30,보호구역,-1
35.53976,129.33884,60,과속단속,224
35.63890,129.21634,50,과속단속,-1
35.44954,129.20094,70,과속단속,26
35.47458,129.21942,70,과속단속,-1
35.39964,129.26073,70,과속단속,-1
35.36540,129.35418,50,과속단속,-1
35.49821,129.41782,50,과속단속,-1
35.51206,129.43067,50,과속단속,187
35.49694,129.42776,50,과속단속,-1
35.60715,129.43103,80,과속단속,177
35.49664,129.40719,60,과속단속,-1
35.54975,129.31822,60,구간단속,-1
35.54836,129.33349,60,구간단속,-1
35.53983,129.33936,50,과속단속,355
37.81415,126.98914,50,과속단속,-1
37.85788,127.05464,50,과속단속,-1
37.81050,127.08496,50,과속단속,-1
37.83962,127.06883,50,과속단속,-1
37.79688,127.07941,50,과속단속,-1
35.53589,129.32193,60,과속단속,-1
35.53766,129.27779,60,과속단속,195
35.08933,129.02332,30,보호구역,-1
35.16338,129.03960,30,보호구역,-1
35.17926,129.05251,50,보호구역,-1
35.08769,129.03923,30,보호구역,-1
35.10280,129.03281,50,보호구역,-1
35.16950,128.97680,50,과속단속,-1
35.19613,129.00792,30,보호구역,-1
35.08559,128.89955,30,보호구역,-1
35.29563,129.11169,30,보호구역,-1
35.13473,129.04379,30,보호구역,-1
35.16632,129.17153,50,과속단속,-1
35.19434,129.09487,30,보호구역,-1
35.20045,129.05553,30,보호구역,-1
35.79893,128.51287,80,구간단속,55
35.73113,128.47952,80,구간단속,35
35.86354,128.46410,40,보호구역,247
35.85263,128.48117,60,과속단속,100
37.24506,127.04230,50,과속단속,263
37.42144,127.12445,70,과속단속,93
37.40993,127.11844,80,과속단속,174
37.48618,126.75397,30,과속단속,-1
37.45899,126.87388,60,과속단속,51
37.45129,127.01034,80,과속단속,65
35.01524,128.05707,80,과속단속,-1
35.19989,128.81859,60,과속단속,6
35.22489,128.84909,60,과속단속,195
35.22518,128.84924,60,과속단속,10
35.04534,127.84675,40,과속단속,-1
35.33763,128.00161,50,과속단속,-1
35.05563,128.36612,70,과속단속,205
35.14592,128.66250,50,보호구역,-1
37.14084,127.16842,30,보호구역,11
36.94092,126.92831,60,과속단속,-1
36.94058,126.94583,60,과속단속,257
37.39304,127.22708,50,과속단속,-1
37.37949,127.23090,30,보호구역,-1
37.63414,126.67400,60,과속단속,262
37.63376,126.67405,60,과속단속,40
37.63532,126.67583,60,과속단속,43
37.63528,126.67512,60,과속단속,222
37.63573,126.68028,30,보호구역,-1
37.27548,127.06066,30,보호구역,-1
37.43067,126.84690,50,과속단속,-1
37.89038,127.09681,70,과속단속,11
35.85294,128.48102,60,과속단속,281
35.86355,128.61212,60,과속단속,238
36.79214,127.36866,50,과속단속,-1
36.76397,127.13952,70,과속단속,220
36.82128,127.16220,50,과속단속,232
36.85128,127.12576,60,과속단속,42
36.81386,127.10009,50,과속단속,169
36.80188,127.11216,50,과속단속,98
36.85036,127.15527,50,과속단속,179
35.58042,129.34400,60,과속단속,68
35.50625,129.28251,50,과속단속,-1
35.55322,129.28822,50,과속단속,87
35.55974,129.29797,60,과속단속,61
35.57058,129.31447,50,과속단속,-1
35.58533,129.32380,60,과속단속,-1
35.58529,129.32407,60,과속단속,64
35.63116,129.31842,50,과속단속,27
35.63135,129.31790,50,과속단속,-1
35.86866,129.06552,100,구간단속,314
34.92772,126.76084,60,과속단속,-1
34.96288,126.79770,60,과속단속,-1
36.78816,127.58666,60,과속단속,-1
36.77522,127.56970,50,과속단속,-1
36.77528,127.56994,50,과속단속,-1
36.99157,127.47508,110,과속단속,18
37.12192,128.20135,50,과속단속,-1
37.18517,128.28581,80,과속단속,109
36.68292,127.50433,70,과속단속,-1
36.62440,127.65889,70,과속단속,-1
35.24070,129.08310,30,보호구역,-1
35.23988,129.08469,40,보호구역,-1
35.24003,129.08457,40,보호구역,270
35.23475,129.01860,40,보호구역,245
35.23546,129.00573,60,과속단속,82
35.28135,129.22561,60,과속단속,77
35.33466,129.16948,50,과속단속,-1
35.32502,129.18109,50,과속단속,-1
35.24630,129.18003,60,과속단속,53
35.25318,129.20476,60,과속단속,289
35.32631,129.27684,50,과속단속,-1
37.69688,127.67394,60,과속단속,-1
37.69697,127.67408,60,과속단속,-1
38.05449,128.63388,100,과속단속,316
37.39080,127.88154,100,과속단속,300
38.10185,127.98568,70,과속단속,-1
38.09225,128.04257,60,과속단속,-1
38.16693,127.42985,60,과속단속,-1
38.19043,127.22917,60,과속단속,-1
37.92372,128.29117,60,과속단속,-1
38.02021,128.13103,80,과속단속,357
38.25663,128.55627,80,과속단속,313
38.23646,128.57177,80,과속단속,13
37.40813,128.14919,50,과속단속,-1
37.48554,127.99822,60,과속단속,71
37.57666,127.91313,80,과속단속,-1
37.56747,128.42963,50,과속단속,-1
37.76409,127.95553,80,과속단속,230
37.70589,127.85225,50,과속단속,157
37.53377,128.94455,60,과속단속,-1
37.19486,128.40270,60,과속단속,-1
37.22225,128.42102,50,과속단속,-1
37.38612,129.10264,60,과속단속,207
37.95652,128.76837,80,과속단속,-1
37.12564,129.00311,60,과속단속,-1
37.09503,129.02930,60,과속단속,5
37.57256,129.09850,60,과속단속,-1
37.47915,129.11314,60,과속단속,351
37.32003,127.97252,60,과속단속,232
37.31740,127.97492,80,과속단속,242
37.74576,128.88495,60,과속단속,-1
37.71689,128.98215,60,과속단속,-1
37.61794,129.04973,60,과속단속,69
37.85796,127.71624,60,구간단속,-1
37.84453,127.71448,60,구간단속,-1
37.88088,127.71315,60,과속단속,-1
37.91279,127.72219,60,과속단속,-1
34.99019,126.80094,70,과속단속,146
34.96063,126.70715,80,과속단속,352
37.85864,127.17014,70,과속단속,67
37.68743,126.77860,50,과속단속,-1
37.67299,126.78681,50,과속단속,-1
37.67685,126.78332,50,과속단속,-1
37.68739,126.77517,60,과속단속,-1
37.68494,126.78989,50,과속단속,-1
37.79685,127.24113,70,과속단속,46
37.61721,126.89080,60,과속단속,-1
37.61067,126.89829,60,과속단속,-1
37.62316,126.88000,60,과속단속,-1
37.70706,126.90479,60,과속단속,6
37.33176,126.85938,80,과속단속,354
37.31239,126.82957,50,과속단속,185
37.29537,126.76143,50,과속단속,-1
37.29511,126.86666,30,보호구역,-1
37.38250,127.23069,30,보호구역,-1
37.38875,127.23371,50,과속단속,-1
37.37887,127.25674,30,보호구역,-1
37.28573,127.09900,70,과속단속,176
37.28628,127.09914,70,과속단속,354
37.23817,127.11790,50,과속단속,-1
35.53416,126.89062,30,보호구역,-1
35.58637,126.86175,30,보호구역,-1
35.65517,126.94686,30,보호구역,-1
36.06199,127.07830,80,과속단속,227
35.35859,127.08861,70,과속단속,55
35.35863,127.08818,70,과속단속,229
36.14358,127.00529,70,과속단속,23
35.78849,127.03780,70,과속단속,246
35.97570,126.73439,30,보호구역,-1
35.55598,126.69838,60,과속단속,-1
35.96549,127.19412,80,과속단속,16
35.97908,127.64898,60,과속단속,152
35.80165,127.34472,80,과속단속,207
35.39443,127.20842,80,과속단속,209
35.65293,126.50598,80,과속단속,38
35.41050,127.37869,30,보호구역,-1
35.60804,126.88320,80,과속단속,183
35.66497,127.27303,70,과속단속,-1
35.78722,126.98367,70,과속단속,-1
35.84598,126.91369,80,과속단속,20
35.98658,126.76873,60,과속단속,234
35.79760,126.86483,80,과속단속,56
35.81714,126.93176,70,과속단속,50
35.93160,126.95025,50,과속단속,67
35.96993,126.71535,50,과속단속,-1
35.85319,127.10636,60,과속단속,305
35.79459,127.08294,60,과속단속,70
35.53670,128.66570,40,과속단속,-1
35.21446,128.61494,60,과속단속,210
35.22569,128.57291,60,과속단속,291
36.73214,128.09588,80,과속단속,325
38.04346,128.20657,50,과속단속,-1
38.04346,128.20657,60,과속단속,-1
37.52730,127.91541,50,과속단속,-1
37.52721,127.91342,50,과속단속,-1
37.51163,128.21137,50,과속단속,-1
37.51293,128.21188,50,과속단속,-1
37.18271,128.62810,60,과속단속,-1
37.34071,127.88068,80,과속단속,1
36.38268,127.35503,50,보호구역,-1
36.33359,127.33834,30,보호구역,-1
36.37972,127.31768,30,보호구역,-1
36.36108,127.33849,30,보호구역,-1
36.36231,127.37445,30,보호구역,-1
36.36819,127.37325,60,과속단속,44
36.35144,127.39534,30,보호구역,-1
36.35607,127.35681,60,과속단속,50
36.44957,127.42103,30,보호구역,240
36.45322,127.43515,30,보호구역,-1
36.30083,127.37881,30,보호구역,-1
36.33037,127.37833,30,보호구역,305
36.29880,127.32958,30,보호구역,-1
36.29625,127.33489,30,보호구역,-1
36.30236,127.35447,30,보호구역,-1
36.34075,127.44185,30,보호구역,-1
36.30251,127.45573,30,보호구역,-1
36.32219,127.39617,30,보호구역,-1
36.32551,127.41133,30,보호구역,-1
36.31816,127.39181,30,보호구역,-1
36.33774,127.40461,30,보호구역,-1
36.34104,127.41059,30,보호구역,315
36.29885,127.38487,30,보호구역,-1
34.99423,128.20620,70,과속단속,69
35.07739,128.37395,70,과속단속,342
35.18611,128.55209,60,과속단속,188
35.18627,128.55216,60,과속단속,17
34.91509,128.41150,60,과속단속,-1
35.63725,127.71332,60,과속단속,-1
35.51919,127.75880,80,과속단속,-1
35.45346,128.79484,60,과속단속,-1
35.55374,129.25840,70,과속단속,308
35.55365,129.25833,70,과속단속,308
35.48891,129.30138,30,과속단속,-1
35.48796,129.30802,70,과속단속,-1
35.48753,129.29873,30,보호구역,-1
35.48746,129.30375,40,과속단속,-1
35.50779,129.38426,50,과속단속,-1
35.50392,129.38369,50,과속단속,-1
35.55285,129.31058,60,과속단속,-1
37.15067,127.09126,30,보호구역,-1
37.16001,127.05753,30,보호구역,-1
35.20253,126.81480,50,과속단속,-1
35.08056,126.86064,80,과속단속,255
36.68597,127.20441,60,과속단속,228
36.79529,127.09827,30,보호구역,221
36.95637,127.12986,60,과속단속,312
36.81346,127.37704,50,과속단속,-1
37.86246,127.14911,70,과속단속,-1
36.81017,128.63489,60,과속단속,-1
36.91212,128.56638,70,과속단속,-1
36.08482,128.35968,50,과속단속,40
36.10199,128.36200,50,과속단속,-1
36.10612,128.41966,50,과속단속,324
36.40187,128.15981,50,과속단속,-1
36.40450,128.16079,50,과속단속,-1
36.39370,128.15272,50,과속단속,343
36.39281,128.15237,50,과속단속,180
35.81269,128.76391,50,과속단속,-1
36.11869,128.14853,50,과속단속,99
37.61389,127.03805,50,과속단속,-1
37.51170,127.00516,30,보호구역,-1
37.50019,127.11139,50,과속단속,-1
37.50061,127.11179,50,과속단속,-1
37.49775,127.11439,50,과속단속,62
37.49761,127.11360,50,과속단속,237
35.54471,129.26431,70,과속단속,-1
35.54401,129.29528,60,과속단속,86
35.54413,129.29527,60,과속단속,269
35.50841,129.32325,70,과속단속,245
35.54638,129.28241,50,과속단속,-1
35.53449,129.35096,60,과속단속,21
35.55226,129.26042,70,과속단속,129
35.55274,129.27014,50,과속단속,62
35.55915,129.27121,50,과속단속,-1
35.58824,129.35872,60,과속단속,351
35.62561,129.35112,70,과속단속,342
35.55285,129.31704,60,과속단속,-1
35.56845,129.26646,50,과속단속,-1
35.60389,129.34805,70,과속단속,191
35.00264,126.81293,70,과속단속,63
34.98714,126.72425,60,과속단속,-1
37.62915,126.79782,60,과속단속,-1
37.69495,126.74659,50,과속단속,-1
34.97462,127.84758,70,과속단속,294
35.22064,128.79131,60,과속단속,-1
35.27898,128.68897,60,과속단속,78
35.37771,127.14376,30,보호구역,-1
35.37771,127.14357,30,보호구역,-1
35.61640,126.75224,80,과속단속,-1
35.61669,126.75204,80,과속단속,-1
35.76297,127.06463,40,과속단속,-1
35.52815,126.72017,70,과속단속,-1
36.04539,126.89392,80,과속단속,200
36.12793,126.98632,70,과속단속,243
35.95578,126.94574,40,보호구역,-1
36.43866,127.73595,60,보호구역,169
36.81899,127.59566,60,과속단속,-1
37.01772,127.82229,60,과속단속,45
37.07386,127.94555,80,과속단속,251
36.45585,127.44530,70,과속단속,269
36.45555,127.44564,70,과속단속,-1
36.41079,128.11896,60,과속단속,-1
36.40805,128.10961,60,과속단속,-1
36.50835,127.24572,50,보호구역,-1
37.40741,126.68283,60,과속단속,37
37.40752,126.68267,60,과속단속,217
36.79178,127.07929,60,과속단속,69
36.79204,127.07869,60,과속단속,-1
37.49483,127.10498,50,과속단속,249
37.49517,127.10611,50,과속단속,249
37.45967,126.98782,50,과속단속,346
37.98813,127.70697,30,과속단속,-1
38.13761,128.61631,70,과속단속,-1
38.13812,128.61607,70,과속단속,-1
37.36316,127.91390,60,과속단속,76
37.21029,128.81529,40,과속단속,-1
37.21401,128.81541,40,과속단속,-1
37.91896,127.75046,60,과속단속,-1
37.46548,126.88635,60,과속단속,324
37.50457,126.96087,30,보호구역,-1
35.97606,129.40997,50,과속단속,-1
36.54934,127.32621,50,과속단속,24
36.64288,126.66444,60,과속단속,180
36.56514,126.49161,50,과속단속,-1
36.15666,127.39470,60,과속단속,-1
35.72419,127.37845,50,과속단속,-1
35.83767,127.34798,80,과속단속,-1
35.70164,127.57757,30,보호구역,-1
35.62538,127.50650,30,보호구역,-1
35.72645,127.59843,40,과속단속,-1
35.67001,127.52224,60,과속단속,-1
35.62452,126.66854,60,과속단속,-1
35.63036,126.66781,40,과속단속,-1
35.66068,126.67187,60,과속단속,-1
35.69324,126.68673,40,과속단속,-1
35.69362,126.68727,40,과속단속,-1
35.94911,126.99900,50,과속단속,-1
35.16315,126.67416,80,과속단속,-1
35.64438,129.36193,70,과속단속,150
35.64458,129.36197,70,과속단속,330
35.43394,129.31220,50,과속단속,-1
35.50678,129.40195,60,과속단속,-1
35.54620,129.33983,50,과속단속,185
36.65345,128.25735,30,보호구역,-1
36.60947,128.25331,30,보호구역,-1
36.63395,128.20560,30,보호구역,-1
36.63965,128.16868,30,보호구역,-1
36.62557,128.15708,30,보호구역,-1
36.75282,128.15192,30,보호구역,-1
36.63973,128.14960,80,과속단속,28
36.57308,127.98868,30,보호구역,-1
36.58187,128.18094,80,과속단속,115
36.06950,129.20370,70,과속단속,127
36.06760,129.20990,70,과속단속,239
36.05173,129.25609,70,과속단속,-1
36.05149,129.25588,70,과속단속,-1
35.87733,128.82925,60,과속단속,-1
35.87497,128.81876,60,과속단속,62
36.16342,128.43447,50,과속단속,179
36.16364,128.43440,40,보호구역,181
36.58208,128.75284,60,과속단속,-1
36.01033,129.34782,50,과속단속,282
36.07312,129.39790,50,과속단속,-1
35.98512,129.25519,70,과속단속,-1
35.98442,129.27040,70,과속단속,232
35.99036,129.28015,70,과속단속,51
35.98149,129.24964,70,과속단속,-1
35.72849,129.32084,60,과속단속,-1
35.68379,129.33150,60,과속단속,301
35.74424,129.31721,60,과속단속,-1
35.74446,129.31680,60,과속단속,-1
35.79111,129.44032,50,과속단속,153
35.79153,129.44017,50,과속단속,151
36.61968,128.32059,80,과속단속,-1
36.26575,127.26140,60,과속단속,153
36.26603,127.26164,60,과속단속,333
36.43370,127.07000,50,과속단속,-1
36.84584,127.10929,50,과속단속,-1
36.83933,127.13115,60,과속단속,237
36.83910,127.13116,60,과속단속,91
36.14303,127.04736,70,과속단속,-1
36.43370,127.07000,70,과속단속,-1
36.86670,126.21532,40,과속단속,-1
36.49155,126.35812,60,과속단속,-1
36.50817,126.49451,50,과속단속,-1
36.25670,126.58575,60,과속단속,165
36.45432,126.59350,70,과속단속,221
35.83370,128.55471,50,과속단속,-1
35.84422,128.49166,60,과속단속,179
35.83946,128.54162,50,과속단속,-1
35.82096,128.63964,50,과속단속,127
35.82442,128.63333,50,과속단속,115
35.84064,128.63328,50,과속단속,-1
35.84046,128.61209,50,과속단속,185
35.88910,128.58663,50,과속단속,-1
35.88732,128.57628,50,과속단속,113
35.93625,128.56678,50,과속단속,-1
35.89599,128.61333,50,과속단속,-1
35.90177,128.59601,50,과속단속,-1
35.85523,128.55000,60,과속단속,244
35.86905,128.60424,50,과속단속,-1
35.86973,128.60396,50,과속단속,-1
35.78155,128.43585,50,보호구역,69
35.85028,128.50741,50,과속단속,-1
35.85700,128.56580,30,과속단속,-1
35.91457,128.54828,50,과속단속,-1
35.88954,128.58250,50,과속단속,-1
35.86495,128.54644,50,과속단속,-1
35.86998,128.69227,60,과속단속,163
37.41864,126.62327,60,과속단속,180
37.42620,126.62309,60,과속단속,180
37.45592,126.41835,80,과속단속,322
37.48308,126.42109,70,과속단속,324
37.47898,126.42404,70,과속단속,146
37.49597,126.43393,80,과속단속,-1
37.49613,126.43596,80,과속단속,-1
37.48810,126.46007,60,과속단속,325
37.45689,126.63600,50,과속단속,120
37.45749,126.63531,50,과속단속,-1
37.47907,126.64540,30,과속단속,-1
37.47911,126.64515,30,과속단속,-1
37.48340,126.65100,50,과속단속,-1
37.48594,126.65071,50,과속단속,-1
33.35304,126.82347,70,과속단속,-1
33.49892,126.50194,50,과속단속,-1
33.48069,126.47195,50,과속단속,-1
33.49725,126.89286,70,과속단속,325
35.73112,127.85327,60,과속단속,-1
35.30731,128.71856,60,과속단속,258
35.35737,127.14495,60,과속단속,2
35.35698,127.14455,60,과속단속,173
35.98459,127.11726,80,과속단속,88
37.20649,127.06854,60,과속단속,353
37.64286,126.67829,60,과속단속,303
37.63892,126.63601,60,과속단속,242
35.22368,129.00941,50,과속단속,17
35.24141,129.01744,30,과속단속,-1
35.13457,128.86483,60,과속단속,62
35.10910,129.01567,50,과속단속,-1
35.13621,129.05619,50,과속단속,215
36.71626,126.43708,50,과속단속,-1
36.71703,126.44369,50,과속단속,-1
35.46088,127.25604,60,과속단속,-1
35.46615,127.62764,60,과속단속,-1
35.42729,127.42556,60,과속단속,-1
36.04314,126.95791,70,과속단속,208
35.98250,126.74176,50,과속단속,-1
35.97557,126.73795,50,과속단속,-1
35.97583,126.73781,50,과속단속,-1
35.42564,126.69191,60,과속단속,180
35.44848,126.69667,60,과속단속,256
35.51665,126.70565,70,과속단속,-1
35.44725,126.91732,70,과속단속,-1
35.44722,126.91764,70,과속단속,8
35.48703,127.26527,40,과속단속,-1
35.57628,127.31319,60,과속단속,201
35.63218,127.28939,60,과속단속,-1
36.02169,127.25007,40,과속단속,-1
35.81013,126.79137,30,보호구역,-1
35.75356,126.96321,40,과속단속,-1
35.87584,127.00186,60,과속단속,112
35.87610,127.00160,60,과속단속,292
35.76337,126.79929,80,과속단속,-1
36.29191,126.58210,60,과속단속,-1
36.41668,126.58482,70,과속단속,167
36.31891,126.51189,30,보호구역,-1
36.30037,126.61093,60,과속단속,-1
36.29687,126.60232,70,과속단속,221
36.26494,126.88297,70,과속단속,83
37.31091,127.09294,30,보호구역,-1
36.83118,126.50010,50,과속단속,118
35.08566,128.99413,70,과속단속,249
35.08522,128.99390,60,과속단속,69
35.15097,129.00598,50,과속단속,267
35.15052,129.00632,50,과속단속,-1
37.15894,127.09894,50,과속단속,89
37.02576,126.83680,60,과속단속,-1
37.07981,126.98373,60,과속단속,-1
37.07898,126.92152,70,과속단속,201
37.15765,127.12197,70,과속단속,8
37.02444,127.07790,70,과속단속,271
37.02428,127.06104,70,과속단속,82
37.55912,126.75840,30,과속단속,-1
37.57464,126.66348,60,과속단속,357
37.44197,126.62005,60,과속단속,26
37.25869,126.48455,50,과속단속,-1
37.23965,126.52968,50,과속단속,-1
35.77977,126.87050,50,과속단속,-1
35.77728,126.86874,50,과속단속,-1
35.76966,126.81668,40,과속단속,-1
35.80355,126.87238,60,과속단속,210
37.46503,127.09572,60,과속단속,72
37.56419,127.02436,30,보호구역,-1
37.56156,126.81042,50,보호구역,275
37.55718,126.84936,50,과속단속,297
37.48765,126.99414,50,과속단속,-1
37.49065,127.00446,50,과속단속,-1
37.48844,126.99552,50,과속단속,-1
38.03409,127.06387,60,과속단속,-1
38.03924,127.08673,80,과속단속,-1
34.89816,126.33326,60,과속단속,-1
34.71328,125.93645,60,과속단속,-1
36.99657,127.12264,30,보호구역,73
35.35326,128.63127,50,과속단속,276
35.27100,128.66170,80,과속단속,249
35.21519,128.70444,60,보호구역,-1
35.21471,128.67557,60,과속단속,128
37.80118,126.78818,60,과속단속,38
37.72412,127.09678,60,과속단속,135
37.76853,126.96297,40,과속단속,-1
37.95760,127.06237,60,과속단속,182
37.65567,127.34775,80,과속단속,63
37.58706,127.14557,50,과속단속,282
37.81414,127.51493,30,과속단속,-1
37.84542,126.96567,60,과속단속,-1
37.81816,127.09964,50,과속단속,-1
37.60061,127.13056,60,과속단속,188
37.64100,127.12660,60,과속단속,106
37.65744,127.17228,60,과속단속,354
37.64962,127.18925,50,과속단속,-1
37.03186,127.04079,50,과속단속,180
35.22703,128.58749,50,과속단속,-1
34.89222,127.87699,70,과속단속,-1
35.24849,128.61644,60,과속단속,125
35.24862,128.61639,60,과속단속,-1
35.38053,127.13849,60,과속단속,90
35.38645,127.14101,70,과속단속,-1
35.37154,127.14917,50,과속단속,155
35.37171,127.14939,50,과속단속,6
35.54460,129.26401,70,과속단속,187
35.52285,129.24373,70,과속단속,14
35.54934,129.16091,50,과속단속,-1
35.53303,129.41298,60,과속단속,-1
35.52344,129.33712,30,보호구역,-1
35.56570,129.33882,60,과속단속,54
35.60365,129.34814,70,과속단속,11
35.64031,129.34820,30,보호구역,-1
35.64031,129.34830,30,보호구역,-1
35.64236,129.34975,30,보호구역,-1
35.64248,129.35004,30,보호구역,-1
38.04276,127.07455,80,과속단속,105
37.72029,126.73670,60,과속단속,-1
37.71804,126.73732,60,과속단속,52
37.71764,126.73434,60,과속단속,-1
37.71000,126.75871,60,과속단속,180
37.71027,126.75663,50,보호구역,-1
37.86431,126.77248,50,과속단속,-1
37.95680,126.92615,60,과속단속,-1
37.71135,126.75521,30,보호구역,-1
37.72557,126.73515,50,과속단속,-1
37.67304,127.19737,50,보호구역,-1
37.65898,127.14541,50,과속단속,-1
37.64815,127.12638,60,과속단속,228
37.58682,127.33127,50,과속단속,-1
37.64453,127.36155,30,보호구역,-1
37.64951,127.18964,50,과속단속,-1
37.56460,127.31900,50,과속단속,-1
37.61802,127.27472,50,과속단속,-1
37.93809,127.22277,70,과속단속,-1
37.67972,126.76354,40,보호구역,298
37.62992,126.78174,60,과속단속,9
37.63115,126.83030,50,과속단속,-1
37.16798,127.10658,60,과속단속,180
37.31609,126.84527,70,과속단속,95
37.63555,126.71494,60,과속단속,29
37.63418,126.71368,60,과속단속,208
35.61129,128.16550,60,과속단속,-1
35.61125,128.16548,60,과속단속,-1
36.98767,126.36546,60,과속단속,89
36.98758,126.36587,60,과속단속,-1
36.28159,127.24018,70,과속단속,231
36.28217,127.24204,70,과속단속,82
37.42595,126.63656,60,과속단속,350
37.43421,126.63421,60,과속단속,180
35.05841,126.60257,30,과속단속,-1
34.93132,126.82933,60,과속단속,-1
34.95062,126.59814,60,과속단속,-1
35.02254,126.75494,60,과속단속,-1
34.93707,126.56521,30,보호구역,-1
34.99497,126.71503,30,보호구역,-1
35.03417,126.80473,30,보호구역,-1
35.02908,126.71919,30,보호구역,-1
35.02630,126.71676,30,보호구역,-1
35.01634,126.71423,60,과속단속,-1
38.27315,128.54834,60,보호구역,1
37.51240,129.12537,70,과속단속,-1
37.97551,128.08319,80,과속단속,244
37.93694,128.06240,80,과속단속,196
37.93705,128.06268,80,과속단속,17
37.47145,127.97757,60,과속단속,195
37.39572,128.40605,70,과속단속,-1
37.43511,128.42094,60,과속단속,160
37.18533,128.44047,80,과속단속,56
37.18001,128.31129,80,과속단속,108
37.34991,128.94171,40,보호구역,-1
37.32498,127.84293,80,과속단속,52
37.28955,127.91535,60,과속단속,157
35.23375,128.83803,30,보호구역,86
35.16748,128.82662,40,보호구역,227
35.31066,129.01052,50,과속단속,-1
35.15476,128.11387,50,과속단속,-1
35.13077,128.78134,80,과속단속,280
34.35349,126.77785,60,과속단속,-1
34.34490,126.78628,60,과속단속,-1
35.05395,126.38224,60,과속단속,283
35.05340,126.38267,60,과속단속,-1
36.06550,129.36421,30,과속단속,-1
36.15780,128.43005,30,과속단속,-1
36.12159,128.38557,50,과속단속,-1
36.13496,128.09525,50,과속단속,316
36.13043,128.05552,70,과속단속,103
36.05833,129.36155,30,과속단속,-1
36.08621,129.39428,50,보호구역,-1
37.38917,126.99698,60,과속단속,283
37.31185,127.64641,30,보호구역,-1
37.17560,127.10550,30,보호구역,159
37.18153,127.10305,60,과속단속,9
37.18947,127.12302,30,보호구역,161
37.27817,126.82253,30,보호구역,317
37.27771,126.82279,30,보호구역,136
37.31341,126.79630,50,과속단속,252
37.31596,126.85641,70,과속단속,162
37.14615,126.73855,60,과속단속,-1
37.14338,126.73530,60,과속단속,-1
37.18325,127.11917,60,과속단속,103
37.18130,127.12243,60,과속단속,13
37.53427,126.65635,30,과속단속,-1
34.83734,127.32984,70,과속단속,118
34.83756,127.32975,70,과속단속,-1
34.84124,127.40287,80,과속단속,-1
35.62450,127.29690,50,과속단속,-1
35.36634,127.09996,70,과속단속,46
35.99446,126.70597,40,과속단속,204
37.69381,126.76430,40,보호구역,-1
37.69733,126.83848,60,과속단속,-1
37.67654,126.78100,60,과속단속,118
37.68275,126.80936,50,과속단속,-1
36.27609,126.91557,50,과속단속,99
36.77532,126.98243,50,과속단속,132
36.83157,127.05233,90,구간단속,343
36.93401,126.99404,90,구간단속,-1
37.47046,126.70788,50,과속단속,-1
37.53017,126.72282,50,과속단속,92
37.40436,126.88020,100,과속단속,60
37.48599,126.50485,50,과속단속,-1
37.41372,126.67529,50,과속단속,-1
37.42060,126.64654,50,과속단속,299
37.47922,126.68325,50,과속단속,-1
37.48481,126.67070,50,과속단속,-1
37.51709,126.74310,50,과속단속,-1
37.52090,126.70051,30,과속단속,-1
37.51157,126.72883,50,과속단속,93
37.44832,126.73674,50,과속단속,274
37.42140,126.73151,60,과속단속,274
37.46403,126.70837,50,과속단속,357
37.52971,126.63841,50,과속단속,90
37.53649,126.74404,50,과속단속,-1
37.65238,126.43647,30,과속단속,-1
35.13465,128.86401,60,과속단속,241
35.32918,129.24628,70,과속단속,201
35.90720,126.99372,80,과속단속,100
36.01655,126.94319,70,과속단속,167
36.04382,126.99068,60,과속단속,-1
35.99223,126.70838,50,과속단속,310
37.65516,126.61687,60,과속단속,-1
37.65482,126.61670,60,과속단속,159
37.63692,126.62696,60,과속단속,258
37.39258,127.22984,30,보호구역,-1
37.27748,127.19617,60,과속단속,-1
37.28727,127.23380,70,과속단속,-1
37.20024,127.20876,50,과속단속,-1
37.24697,127.18988,60,과속단속,-1
37.25018,127.16789,50,과속단속,111
37.32879,127.11520,30,보호구역,-1
37.33157,127.11791,60,과속단속,-1
37.32690,127.06620,30,과속단속,-1
37.29512,127.14998,30,보호구역,-1
37.28314,127.10581,60,과속단속,351
37.32305,127.10074,60,과속단속,53
37.28558,127.10333,50,과속단속,-1
37.24139,127.10216,60,과속단속,-1
37.28472,126.98588,50,과속단속,-1
37.28196,127.01665,50,과속단속,-1
37.29339,126.99166,50,과속단속,-1
37.27155,127.06321,50,과속단속,235
37.14923,127.20299,80,과속단속,207
37.17958,127.20273,80,과속단속,175
37.06059,127.05626,50,과속단속,91
35.31242,129.11122,70,과속단속,360
35.31074,129.11121,70,과속단속,180
37.49031,127.23523,70,과속단속,148
37.26749,126.94248,50,과속단속,-1
37.61970,126.62574,40,보호구역,88
37.35701,126.93196,50,과속단속,-1
37.01148,126.99430,70,과속단속,250
37.28252,127.15152,60,과속단속,173
37.29048,126.82818,70,과속단속,168
37.25164,127.34322,100,과속단속,90
37.29672,127.05891,100,과속단속,103
37.33628,126.96455,50,과속단속,-1
37.21879,127.52945,60,과속단속,300
37.54140,127.69355,80,과속단속,235
37.39714,126.93098,50,과속단속,-1
36.99809,127.16230,70,과속단속,-1
37.32972,126.82914,50,과속단속,123
37.45073,127.12690,60,과속단속,359
37.50372,126.77192,50,과속단속,-1
37.53261,126.80216,60,과속단속,251
37.39636,127.23563,70,과속단속,129
37.19408,127.04303,60,과속단속,148
37.15654,126.91139,70,과속단속,106
37.23988,127.42252,70,과속단속,-1
37.29451,127.09582,60,과속단속,84
37.38564,126.95132,60,과속단속,336
37.08710,127.45645,70,과속단속,264
37.44907,126.81952,50,과속단속,-1
37.30866,126.99629,50,과속단속,-1
35.03854,127.77307,60,과속단속,127
35.11194,127.85390,60,과속단속,-1
35.11651,127.89645,60,과속단속,-1
35.10073,126.88383,30,보호구역,30
37.74801,127.06740,30,보호구역,-1
37.75579,127.03801,50,과속단속,-1
37.73677,127.06642,50,과속단속,70
37.86416,126.78840,50,과속단속,208
37.69224,127.16280,60,과속단속,351
37.56460,127.31894,30,과속단속,-1
37.79044,127.16542,40,과속단속,-1
37.48686,126.62206,50,과속단속,75
37.48703,126.62154,50,과속단속,-1
37.48396,126.63175,30,과속단속,-1
37.48417,126.63163,30,과속단속,-1
37.41228,126.62922,30,과속단속,-1
36.38862,126.65689,30,보호구역,-1
36.38861,126.65646,30,보호구역,247
36.35763,126.61353,50,과속단속,225
36.21002,126.67587,30,보호구역,-1
36.78228,126.50235,60,과속단속,-1
36.78213,126.50233,60,과속단속,-1
36.78312,126.49208,60,과속단속,107
36.76996,126.47233,60,과속단속,36
36.76992,126.47213,60,과속단속,129
36.79930,126.46530,40,과속단속,-1
36.79502,126.53745,80,과속단속,236
36.77569,126.56986,60,과속단속,-1
36.78777,126.44608,40,과속단속,-1
36.73325,127.00994,30,보호구역,-1
36.76770,127.07860,30,보호구역,-1
36.76730,127.07840,30,보호구역,-1
36.81960,127.08430,30,보호구역,-1
36.81960,127.08400,30,보호구역,-1
36.85720,126.86050,30,보호구역,-1
36.85720,126.86070,30,보호구역,-1
34.98636,128.24934,60,과속단속,278
35.26123,128.62648,60,과속단속,-1
35.26126,128.62650,60,과속단속,-1
35.28631,128.52976,60,과속단속,340
35.11224,127.84758,60,구간단속,-1
35.08678,127.79877,60,구간단속,-1
35.08679,127.79877,60,구간단속,-1
35.11225,127.84758,60,구간단속,-1
37.85436,127.16673,60,과속단속,210
37.84832,127.19222,70,과속단속,77
35.17110,129.12618,60,과속단속,-1
35.11489,128.95884,70,과속단속,195
36.94517,126.78339,70,과속단속,145
36.97256,126.75769,70,과속단속,317
36.73210,127.00900,30,보호구역,-1
36.51439,127.25556,30,보호구역,-1
36.51813,127.26193,30,보호구역,-1
36.51801,127.26218,30,보호구역,-1
36.52756,127.36743,30,보호구역,-1
36.52749,127.36748,30,보호구역,-1
36.51371,127.28735,50,과속단속,223
36.49830,127.25854,50,과속단속,290
36.49803,127.25832,50,과속단속,110
36.49859,127.25820,50,과속단속,208
36.75790,126.95849,80,과속단속,126
36.87367,126.89099,70,과속단속,-1
36.46889,126.60446,70,과속단속,-1
37.17230,127.10213,30,보호구역,90
37.17218,127.11427,30,보호구역,102
37.17259,127.11377,30,보호구역,277
37.17161,127.11943,60,과속단속,13
37.23655,126.95489,30,보호구역,180
37.21465,126.96285,30,보호구역,-1
37.21565,126.85107,60,과속단속,-1
37.20139,126.82502,50,과속단속,-1
37.20935,126.83292,50,과속단속,-1
37.24196,127.44056,70,과속단속,-1
37.26831,127.44572,60,과속단속,144
37.27792,127.45433,40,과속단속,-1
37.31023,127.43731,60,과속단속,-1
37.29426,127.39113,60,과속단속,-1
37.30277,127.44787,70,과속단속,-1
37.17971,127.47919,60,과속단속,-1
37.27599,127.11623,60,과속단속,85
37.39287,126.94549,30,보호구역,-1
37.32274,126.93393,50,과속단속,-1
37.36247,126.94163,50,과속단속,56
37.36039,126.92928,50,과속단속,15
37.02116,127.10377,50,과속단속,-1
37.02329,127.12018,60,과속단속,-1
37.02351,127.12106,60,과속단속,-1
37.01783,127.10072,50,과속단속,-1
37.01626,127.10139,30,과속단속,-1
37.06085,127.04841,50,과속단속,263
35.23454,128.84406,60,과속단속,116
35.23716,128.83417,60,과속단속,263
35.23036,128.84201,60,과속단속,137
35.19965,128.81529,40,과속단속,-1
37.46234,126.50149,70,과속단속,45
37.46233,126.50127,70,과속단속,45
37.42109,126.66756,60,과속단속,-1
37.42123,126.66760,60,과속단속,-1
36.84629,127.45747,50,과속단속,-1
36.89842,127.53550,60,과속단속,66
36.17751,127.77129,60,과속단속,124
36.20765,127.70255,60,과속단속,71
36.91829,127.55750,60,과속단속,52
36.90956,127.54028,50,과속단속,-1
36.45882,127.42728,70,과속단속,137
37.24133,127.04627,30,보호구역,-1
37.24108,127.04615,40,보호구역,-1
36.45582,127.13374,50,과속단속,-1
37.39145,126.99730,30,보호구역,-1
37.14599,127.01087,50,과속단속,-1
37.03723,127.05065,50,과속단속,321
37.03222,127.04114,50,과속단속,360
37.12553,126.89837,60,과속단속,-1
37.11291,126.88166,60,과속단속,-1
37.16014,127.10465,60,과속단속,28
37.20921,127.10365,60,과속단속,90
37.16486,127.09656,40,과속단속,270
37.26410,127.13351,80,과속단속,322
37.25004,127.14490,80,과속단속,304
37.23836,127.16370,80,과속단속,322
37.22897,127.18412,80,과속단속,297
37.22965,127.18221,80,과속단속,118
37.23775,127.16408,80,과속단속,133
37.26586,127.13011,80,과속단속,119
37.42579,127.14522,70,과속단속,278
37.97200,127.20466,50,과속단속,-1
37.83026,127.08794,50,과속단속,-1
37.83507,127.09200,50,과속단속,-1
37.80405,127.08264,50,과속단속,-1
37.74888,127.07133,50,과속단속,-1
37.71447,126.75406,30,보호구역,-1
35.11674,126.92786,90,과속단속,289
35.11635,126.92821,90,과속단속,109
35.14819,126.84314,30,보호구역,-1
35.16638,126.85945,30,보호구역,-1
35.14599,126.88163,30,보호구역,-1
35.15461,126.87691,30,보호구역,-1
34.82979,126.47432,70,과속단속,-1
35.03298,127.44463,80,과속단속,156
35.03174,127.44593,80,과속단속,-1
35.02066,127.35945,60,과속단속,-1
35.27380,127.41522,80,과속단속,-1
35.27405,127.41568,80,과속단속,17
35.03949,128.46958,50,과속단속,-1
34.99319,128.21973,70,과속단속,113
35.99033,127.62014,50,과속단속,-1
35.99024,127.62016,50,과속단속,-1
35.87910,127.46685,60,과속단속,-1
34.98732,128.24371,60,과속단속,105
35.17052,128.13490,50,과속단속,-1
35.25512,128.63592,60,과속단속,-1
35.25516,128.63592,60,과속단속,-1
35.25377,128.62083,50,과속단속,-1
35.25367,128.62075,50,과속단속,-1
37.45517,127.06525,50,과속단속,-1
37.47376,126.99736,60,과속단속,264
37.47087,127.04304,30,보호구역,-1
37.45455,127.06169,30,보호구역,-1
37.01999,127.10576,50,과속단속,-1
37.01809,127.10262,30,보호구역,-1
37.01797,127.09932,50,과속단속,-1
37.01616,127.10014,30,과속단속,-1
36.99592,127.11865,50,과속단속,149
37.34617,126.97978,30,보호구역,-1
37.40029,126.98618,30,보호구역,-1
37.38717,126.97551,30,보호구역,-1
37.17148,127.12603,60,과속단속,-1
37.71964,126.63299,30,보호구역,-1
37.69288,126.59519,30,보호구역,-1
37.62449,126.71842,30,보호구역,-1
37.26998,127.12138,80,과속단속,297
34.86077,126.15391,60,구간단속,-1
34.86081,126.23374,60,구간단속,-1
36.97941,127.25892,50,과속단속,-1
36.97932,127.25925,50,과속단속,-1
37.40750,127.30862,30,보호구역,-1
37.37197,127.24732,30,보호구역,-1
37.33408,127.31301,30,보호구역,-1
37.41926,127.24686,30,보호구역,-1
37.44665,127.26754,30,보호구역,-1
37.47152,127.31632,30,보호구역,-1
37.01289,127.10230,50,과속단속,-1
37.02690,126.79529,60,과속단속,202
37.09593,126.81508,60,과속단속,-1
37.91004,127.00616,40,보호구역,-1
35.55684,129.13124,70,과속단속,132
35.55553,129.13399,70,과속단속,296
35.63887,129.32882,30,보호구역,-1
35.63869,129.32417,30,과속단속,-1
35.92045,127.82688,40,구간단속,-1
35.89308,127.83402,40,구간단속,-1
35.90220,126.95721,60,과속단속,144
35.90263,126.95711,60,과속단속,325
35.85725,126.80625,60,과속단속,-1
36.01670,127.71801,60,과속단속,-1
35.93100,127.65654,70,과속단속,45
35.88990,127.81928,60,과속단속,-1
34.93072,127.61229,80,과속단속,321
34.93851,127.59250,80,과속단속,273
34.93832,127.59360,80,과속단속,92
36.47322,127.27778,30,보호구역,230
36.47310,127.27817,30,보호구역,-1
35.28670,127.04389,50,과속단속,-1
35.28675,127.04383,50,과속단속,-1
35.29339,127.03159,50,과속단속,-1
35.35048,127.03631,50,과속단속,-1
35.32365,126.98538,50,과속단속,-1
35.30953,126.98100,50,과속단속,184
35.31277,126.97409,50,과속단속,-1
35.31860,126.97230,50,과속단속,352
35.31990,126.98265,30,보호구역,-1
35.31996,126.98243,30,보호구역,-1
34.97888,126.35956,70,과속단속,-1
34.99795,126.36289,70,과속단속,-1
34.91454,126.42846,50,과속단속,345
34.90782,126.43055,50,과속단속,-1
34.89022,126.43051,70,과속단속,18
34.85774,126.42731,70,과속단속,349
34.84717,126.42578,70,과속단속,197
35.89553,128.52640,50,과속단속,21
35.84999,128.47329,60,과속단속,-1
35.88906,128.56559,40,보호구역,100
35.81068,128.52609,30,과속단속,-1
35.87757,128.72043,50,과속단속,-1
36.66941,127.45570,50,과속단속,-1
36.95606,129.00221,60,구간단속,197
37.03509,128.99542,60,구간단속,218
36.04903,128.47001,50,과속단속,79
36.03871,128.44318,70,과속단속,-1
35.75080,129.46642,70,과속단속,108
36.74011,128.08623,60,과속단속,-1
36.74338,128.08309,60,과속단속,-1
35.82314,128.52138,50,보호구역,-1
36.07244,129.37945,50,과속단속,248
36.14237,128.33202,30,보호구역,-1
36.14249,128.33216,30,보호구역,-1
37.32368,127.12242,50,과속단속,334
37.32538,127.12138,50,과속단속,334
37.03685,127.06980,60,과속단속,175
37.52913,127.16494,50,과속단속,-1
37.53781,127.17056,50,과속단속,-1
37.52096,127.17574,50,과속단속,210
37.52037,127.15998,50,과속단속,-1
37.23925,126.87994,70,과속단속,25
37.11292,126.91600,50,과속단속,-1
37.16796,126.93478,60,과속단속,223
37.10587,126.90092,60,과속단속,-1
37.11205,126.92006,30,보호구역,-1
37.18282,126.99354,50,과속단속,-1
37.20327,127.11174,50,과속단속,84
37.17246,126.94990,60,과속단속,-1
34.94214,127.66762,30,과속단속,260
37.51505,127.37926,70,과속단속,150
37.60764,127.34902,30,보호구역,-1
36.35387,127.34196,50,과속단속,333
36.34443,127.37976,50,과속단속,-1
36.35411,127.36409,50,과속단속,-1
36.35790,127.39504,50,과속단속,270
36.35799,127.37977,50,과속단속,300
36.34912,127.40208,50,과속단속,270
36.33858,127.39327,50,과속단속,316
36.30744,127.36477,60,과속단속,-1
36.32629,127.39259,50,과속단속,-1
36.31003,127.41079,50,과속단속,-1
36.05183,128.52496,80,과속단속,-1
36.04941,128.51240,50,과속단속,106
36.00370,128.42496,70,과속단속,-1
35.80094,128.77210,60,과속단속,-1
35.81129,128.78795,70,과속단속,-1
35.22976,128.56735,50,과속단속,-1
35.22946,128.56758,50,과속단속,-1
37.76801,126.45100,70,과속단속,313
37.77226,126.42291,70,과속단속,-1
37.77221,126.42314,70,과속단속,348
36.37436,127.62672,70,과속단속,304
36.39253,127.66097,70,과속단속,201
36.48476,127.71087,50,과속단속,-1
36.66182,127.43560,60,과속단속,-1
36.65836,127.43577,60,과속단속,3
36.65836,127.43577,70,과속단속,3
37.00762,127.11214,30,보호구역,-1
37.00837,127.10739,50,과속단속,316
37.01249,127.10212,50,과속단속,136
37.36759,126.93595,30,보호구역,-1
37.28359,126.80487,70,과속단속,1
34.63513,126.76873,50,과속단속,-1
36.46630,126.87120,70,과속단속,-1
36.31280,127.05870,30,보호구역,-1
36.85100,127.18340,60,과속단속,24
36.82820,127.11390,60,과속단속,16
36.80880,127.10747,30,보호구역,193
36.92210,127.23530,70,과속단속,28
36.86265,127.15028,60,과속단속,62
36.92570,127.11400,80,과속단속,99
36.75320,127.30200,60,과속단속,138
36.77630,127.17810,50,과속단속,-1
36.79840,127.15380,50,과속단속,87
36.75410,127.17110,80,과속단속,0
36.80900,127.15850,50,과속단속,180
36.80740,127.13280,60,과속단속,8
36.67800,127.16320,80,과속단속,262
36.73280,127.12990,90,과속단속,121
36.70890,127.27410,60,과속단속,-1
36.57493,126.33420,60,과속단속,-1
36.75945,126.33970,70,과속단속,59
37.32536,126.69954,50,과속단속,218
37.31923,126.70942,50,과속단속,217
37.42571,127.28757,50,과속단속,-1
37.41198,126.62871,30,과속단속,12
37.70765,126.60396,50,과속단속,330
37.02944,126.94646,50,과속단속,177
37.02742,126.94691,50,과속단속,356
37.22776,127.17151,50,과속단속,-1
37.26991,126.99671,50,과속단속,108
37.28776,126.81916,30,보호구역,-1
37.28779,126.81855,30,보호구역,-1
37.20030,127.03090,30,보호구역,215
37.20397,127.04396,50,과속단속,-1
37.23023,127.06883,50,과속단속,-1
37.22159,127.07572,50,과속단속,-1
37.19453,127.08123,60,과속단속,103
37.20933,127.06116,50,과속단속,-1
37.16417,126.98074,60,과속단속,-1
37.20021,127.00550,50,과속단속,-1
37.21115,127.07979,50,과속단속,162
37.22413,127.06358,50,과속단속,359
37.19817,127.06782,40,과속단속,55
37.19858,127.06807,40,과속단속,2
37.21992,127.05175,50,과속단속,-1
36.93824,126.88292,60,과속단속,-1
36.98675,126.89176,70,과속단속,253
37.07782,127.06307,30,보호구역,-1
36.98000,126.93582,70,과속단속,199
37.00085,127.14619,30,보호구역,-1
36.94862,126.86677,70,과속단속,121
36.79724,127.06308,30,보호구역,-1
36.79738,127.06325,30,보호구역,-1
36.79577,127.06296,60,과속단속,281
36.84101,127.06631,60,과속단속,292
36.68196,126.99063,60,과속단속,-1
36.73625,127.01192,50,과속단속,-1
37.44362,126.79566,30,구간단속,-1
37.43996,126.79295,30,구간단속,-1
34.62742,126.90210,60,과속단속,-1
34.65203,126.88728,60,과속단속,340
34.88144,126.90039,60,과속단속,-1
37.01049,127.91530,70,과속단속,-1
36.97306,127.82602,70,과속단속,111
36.99137,127.94570,60,과속단속,-1
36.70401,127.45665,80,과속단속,282
36.63469,127.46001,50,과속단속,131
36.48627,127.42363,60,과속단속,175
36.58832,127.50781,60,과속단속,-1
36.57478,127.51170,60,과속단속,273
36.59213,127.47007,60,과속단속,-1
36.59873,127.47294,60,과속단속,212
36.73775,127.45780,70,과속단속,290
35.06584,127.74864,30,보호구역,194
35.00275,128.18690,70,과속단속,-1
34.97559,128.33468,70,과속단속,152
34.97907,128.33250,70,과속단속,149
35.04996,128.36243,70,과속단속,231
35.05759,128.36742,70,과속단속,-1
35.25533,128.65083,50,과속단속,-1
35.26964,128.33614,50,과속단속,-1
35.17311,128.14895,30,보호구역,-1
35.17304,128.14899,30,보호구역,-1
35.10483,128.92095,50,과속단속,-1
35.09805,128.91781,50,과속단속,-1
35.09986,128.90482,50,과속단속,-1
37.23337,127.21961,70,과속단속,269
37.32751,127.68198,60,과속단속,352
37.17406,127.11979,60,과속단속,193
37.57225,127.18248,30,보호구역,-1
37.57185,127.18246,30,보호구역,-1
37.57579,127.19438,70,과속단속,164
37.56476,127.19953,70,과속단속,329
37.59091,126.61955,60,과속단속,-1
37.59034,126.61985,60,과속단속,-1
37.59448,126.62893,50,과속단속,-1
37.59441,126.64036,50,과속단속,-1
37.60349,126.63912,60,과속단속,-1
37.52209,126.66928,30,과속단속,-1
37.50355,126.67825,30,과속단속,-1
37.53005,126.66446,30,과속단속,270
37.58286,126.65832,60,과속단속,-1
37.58301,126.65869,60,과속단속,-1
37.58421,126.67162,60,과속단속,-1
37.58760,126.68106,60,과속단속,-1
37.58755,126.68050,60,과속단속,-1
37.58539,126.69684,50,과속단속,-1
36.59641,127.29899,30,과속단속,11
36.60403,127.30393,60,구간단속,313
36.62366,127.29037,60,구간단속,174
36.60403,127.30397,60,구간단속,313
36.88962,127.05759,60,과속단속,-1
36.89321,127.04580,60,과속단속,-1
35.20987,126.86419,30,보호구역,-1
35.16036,126.92447,30,보호구역,-1
35.15762,126.92892,30,보호구역,-1
35.16086,126.93532,30,보호구역,-1
36.28930,126.85981,70,과속단속,156
35.18991,128.56247,50,구간단속,-1
35.19597,128.56701,50,구간단속,-1
35.31700,128.26235,60,과속단속,261
35.34634,127.93743,80,과속단속,135
35.23376,128.58091,50,과속단속,4
34.97355,127.88962,70,과속단속,-1
34.98897,128.23672,60,과속단속,-1
35.50165,128.81110,80,과속단속,106
34.86426,128.42576,70,과속단속,125
35.15365,128.69112,50,과속단속,-1
35.15256,128.66170,50,과속단속,-1
34.86131,128.58254,70,과속단속,170
34.89648,128.64215,60,과속단속,209
35.31857,129.02940,70,과속단속,29
35.20494,128.83940,60,과속단속,60
35.29874,128.87312,70,과속단속,210
35.18526,128.11714,50,과속단속,-1
35.22266,128.59222,50,과속단속,-1
35.26805,128.53102,50,과속단속,50
35.28260,128.50505,100,과속단속,259
35.37747,128.10775,80,과속단속,37
35.33647,128.00975,60,과속단속,-1
34.83813,127.89914,60,과속단속,176
34.98347,128.34576,50,과속단속,-1
35.22933,128.97138,80,과속단속,86
35.18844,128.08931,50,과속단속,-1
34.96856,127.74783,50,과속단속,-1
34.97645,127.66910,60,과속단속,-1
34.94737,127.75844,60,과속단속,-1
34.92612,127.69333,60,과속단속,236
37.50688,126.95142,30,보호구역,-1
37.54742,126.84352,30,과속단속,-1
37.52948,127.14298,30,보호구역,-1
37.50976,126.85803,50,보호구역,-1
37.52414,126.92199,50,과속단속,322
37.58849,127.00659,50,과속단속,45
37.56411,127.02971,50,과속단속,119
37.56919,126.91534,50,과속단속,302
37.54647,126.95266,50,과속단속,-1
37.50370,126.97573,50,과속단속,141
37.48267,126.98175,50,과속단속,183
37.57864,127.07033,50,과속단속,-1
37.66638,127.07827,40,과속단속,-1
37.45948,126.89890,50,과속단속,343
37.50152,126.84666,30,과속단속,338
37.53946,127.08333,50,과속단속,-1
37.63506,127.03024,50,과속단속,-1
36.77815,127.59470,50,과속단속,-1
36.83533,127.87418,60,과속단속,-1
36.98284,127.80635,60,과속단속,-1
36.95786,127.94041,60,과속단속,-1
37.00838,127.86777,70,과속단속,322
35.77976,127.47321,40,과속단속,-1
35.98840,126.78047,50,과속단속,323
35.97461,126.74595,50,과속단속,-1
35.94319,126.76973,90,과속단속,290
35.97484,126.67776,50,과속단속,227
35.96252,126.69321,50,과속단속,76
35.08611,128.79739,60,과속단속,123
34.78603,128.04985,60,과속단속,-1
34.78590,128.04979,60,과속단속,-1
34.93896,128.07635,50,과속단속,187
35.29533,128.53374,60,과속단속,-1
35.51700,128.50533,80,과속단속,324
35.46187,128.75437,60,과속단속,30
35.07953,128.08929,50,보호구역,-1
34.86021,128.42439,50,과속단속,-1
34.86435,128.70089,60,과속단속,299
35.37673,129.15569,70,과속단속,-1
35.10507,128.75584,50,보호구역,-1
35.17517,128.81167,40,보호구역,-1
35.19667,128.56201,30,보호구역,-1
35.23445,128.57950,60,과속단속,-1
35.24566,128.64451,60,과속단속,163
35.23622,128.67094,30,보호구역,-1
35.96410,126.71582,50,과속단속,270
35.86428,127.14931,60,과속단속,141
36.77106,127.07530,50,과속단속,265
36.77112,127.07773,50,과속단속,84
36.78889,127.05355,60,과속단속,276
36.78791,126.96996,30,보호구역,-1
36.80290,127.06306,30,보호구역,-1
36.80177,127.06322,30,보호구역,-1
36.77398,126.99675,30,보호구역,-1
36.77535,126.99725,30,보호구역,-1
36.47200,127.12510,60,과속단속,-1
36.68497,126.81579,60,과속단속,271
36.53732,126.77030,70,과속단속,301
36.67220,126.68690,50,과속단속,78
36.68020,126.70890,60,과속단속,-1
36.67300,126.69400,60,과속단속,101
36.68694,126.84386,50,과속단속,116
36.35186,126.61893,40,과속단속,-1
36.35333,126.59951,30,보호구역,-1
34.98840,127.50800,50,과속단속,-1
34.54650,127.14090,80,과속단속,12
34.96000,127.61770,80,과속단속,-1
35.23617,127.20839,30,보호구역,-1
35.30043,127.29938,80,과속단속,132
35.27844,127.29401,40,과속단속,-1
36.62487,127.46648,50,과속단속,-1
36.61275,127.48536,50,과속단속,-1
36.59661,127.49908,60,과속단속,216
36.62468,127.48876,50,과속단속,-1
36.72007,126.53465,80,과속단속,341
36.75383,127.30993,50,과속단속,90
36.75434,127.30383,50,과속단속,123
36.92741,127.13417,60,과속단속,177
36.88833,127.20777,60,과속단속,38
36.83375,127.13822,50,과속단속,-1
35.47060,127.46017,100,과속단속,263
35.91647,127.74208,50,과속단속,269
35.72142,127.52636,40,과속단속,-1
35.38642,127.14078,70,과속단속,213
35.57891,126.69201,60,과속단속,-1
35.76218,127.21554,60,과속단속,-1
35.90253,127.04437,80,과속단속,-1
35.74712,127.12619,80,과속단속,293
35.44565,127.41622,60,과속단속,-1
36.04810,126.93704,60,과속단속,-1
35.97326,127.03274,70,과속단속,-1
35.82180,126.47679,80,과속단속,187
35.98663,126.83055,80,과속단속,230
35.95655,126.79054,50,과속단속,103
35.86303,127.06227,60,과속단속,176
35.82695,127.10582,50,과속단속,180
35.79597,127.11019,50,과속단속,-1
35.77423,127.39315,70,과속단속,-1
35.51371,126.68506,80,과속단속,-1
35.59429,126.87045,60,과속단속,-1
36.02666,127.09347,80,과속단속,345
37.82850,127.07210,50,과속단속,-1
37.79588,127.08087,50,과속단속,-1
37.82239,127.09145,50,과속단속,-1
37.81706,127.04600,40,보호구역,-1
37.90552,126.96273,60,과속단속,-1
36.71264,127.14876,80,구간단속,200
36.72913,127.16565,80,구간단속,226
36.74581,126.24697,60,과속단속,-1
36.41178,126.80319,60,과속단속,-1
36.12910,127.49844,70,과속단속,-1
36.02028,126.73847,60,과속단속,293
36.08346,126.68258,70,과속단속,179
36.28676,126.77015,70,과속단속,308
36.68951,126.79038,60,과속단속,16
36.76118,126.81272,80,과속단속,320
36.56648,126.64948,60,과속단속,194
36.59700,126.58359,70,과속단속,328
36.79599,126.76544,70,과속단속,126
36.95829,126.77189,70,과속단속,298
36.34215,126.59075,50,과속단속,240
36.47615,127.15261,50,과속단속,-1
36.47342,127.13523,50,과속단속,-1
36.16938,127.10367,60,과속단속,-1
36.24531,127.22801,70,과속단속,190
36.92359,127.06321,60,과속단속,3
36.83975,126.96632,80,과속단속,-1
36.87978,126.92829,80,과속단속,109
36.83920,126.46940,30,보호구역,-1
36.76818,126.46105,30,보호구역,-1
37.88131,127.30115,70,과속단속,187
37.91582,127.29878,70,과속단속,180
37.38304,127.24256,70,과속단속,-1
37.48795,126.86997,50,과속단속,-1
37.14863,126.89200,70,과속단속,183
37.53952,127.24631,70,과속단속,290
37.53709,127.35297,70,과속단속,277
37.43267,127.16033,60,과속단속,-1
37.42600,127.09440,80,과속단속,120
37.63762,126.69867,80,과속단속,256
37.60876,126.84241,70,구간단속,214
37.63520,126.86788,70,구간단속,-1
37.63526,126.86885,70,구간단속,-1
37.60863,126.84281,70,구간단속,35
37.69941,126.75252,50,과속단속,-1
37.68678,126.72805,60,과속단속,-1
37.64140,126.79439,60,과속단속,-1
37.72220,126.78974,60,과속단속,-1
37.63476,126.83097,50,과속단속,-1
37.62891,126.83581,60,과속단속,-1
37.02272,127.10338,70,과속단속,93
36.33080,129.37832,60,과속단속,343
36.35750,129.38021,60,과속단속,-1
36.11856,128.14868,50,과속단속,111
36.10906,128.17236,80,과속단속,122
36.15394,128.27987,60,과속단속,133
36.11952,128.17226,50,과속단속,-1
36.11114,128.12263,50,과속단속,-1
36.13019,128.11263,60,과속단속,125
36.12955,128.10103,60,과속단속,69
37.14649,127.01066,60,과속단속,-1
37.12815,127.06899,50,과속단속,62
37.28029,127.43346,60,과속단속,151
37.10126,127.13871,30,보호구역,-1
37.17054,127.06352,60,과속단속,170
37.21087,127.54166,60,과속단속,-1
37.47599,127.51846,60,과속단속,359
37.33597,126.86500,30,보호구역,295
37.32081,126.83710,30,보호구역,-1
37.29747,126.99789,60,과속단속,-1
37.27131,127.01349,50,과속단속,-1
37.25144,127.01572,50,과속단속,124
37.35922,127.11900,50,과속단속,-1
37.50675,126.80585,50,보호구역,-1
37.66196,126.71287,90,과속단속,-1
37.67882,126.68141,90,과속단속,142
37.48786,126.78349,50,과속단속,-1
37.47529,126.79556,50,과속단속,-1
37.48820,126.75980,50,과속단속,-1
37.47047,126.80921,30,보호구역,-1
37.52032,126.77168,50,과속단속,-1
37.50706,126.77240,30,보호구역,-1
37.53260,126.80316,50,과속단속,66
37.53180,126.76872,50,과속단속,90
37.33957,126.74780,50,과속단속,38
37.35289,126.72641,50,과속단속,128
37.64831,126.62243,30,보호구역,-1
37.10739,126.98851,70,과속단속,270
37.10711,126.98857,70,과속단속,99
37.22603,126.93895,50,과속단속,164
37.22642,126.93892,50,과속단속,341
37.02290,127.10639,70,과속단속,269
35.87360,128.58227,40,보호구역,360
35.85805,128.49574,30,보호구역,-1
37.43259,126.75188,100,과속단속,272
37.43238,126.75118,100,과속단속,93
35.17211,126.82137,50,과속단속,-1
35.12044,126.92192,50,과속단속,-1
35.11910,126.93111,30,보호구역,-1
35.12447,128.85123,60,과속단속,48
35.14179,128.86162,50,과속단속,0
35.09331,128.91716,50,보호구역,-1
35.13409,129.05985,50,보호구역,45
35.16610,129.16294,50,과속단속,-1
35.26606,129.22818,60,과속단속,18
35.60559,126.92238,40,과속단속,-1
35.53180,126.81157,60,과속단속,-1
35.53342,126.81237,60,과속단속,-1
35.65826,126.93259,60,과속단속,-1
35.65860,126.93275,60,과속단속,-1
35.57161,126.80296,80,과속단속,-1
35.57166,126.80265,80,과속단속,188
35.96637,127.12871,80,과속단속,338
36.02799,127.70291,40,과속단속,-1
35.88330,127.68431,70,과속단속,179
36.01246,127.68839,30,보호구역,-1
35.92969,127.71625,70,과속단속,105
35.96758,127.83492,60,과속단속,-1
35.42754,126.48744,60,과속단속,-1
36.65745,128.05562,60,과속단속,-1
35.83291,129.07745,60,과속단속,-1
34.73980,127.68270,30,보호구역,18
34.84640,127.69660,60,과속단속,-1
34.84630,127.69630,60,과속단속,-1
35.39629,128.83281,60,과속단속,-1
35.15869,128.66254,30,보호구역,-1
35.23358,128.84804,60,과속단속,291
35.19496,128.81794,60,과속단속,160
35.74137,128.47127,30,구간단속,-1
35.74509,128.48351,30,구간단속,-1
35.87203,128.49724,30,보호구역,-1
35.67824,128.45929,60,과속단속,61
35.85302,128.47382,60,과속단속,92
35.82544,128.63188,50,과속단속,308
35.86641,128.62404,30,보호구역,-1
35.93374,128.55840,30,보호구역,-1
35.90538,128.61914,30,보호구역,-1
35.84003,128.59837,30,보호구역,-1
35.83958,128.59845,30,보호구역,-1
35.86592,128.54975,30,보호구역,-1
35.86607,128.54996,30,보호구역,-1
35.87199,128.71097,50,보호구역,-1
35.88303,128.61259,30,보호구역,-1
35.88686,128.61976,30,보호구역,-1
35.87733,128.61598,40,보호구역,-1
35.83991,128.70733,60,과속단속,119
36.84678,128.63919,80,과속단속,79
36.45528,128.35380,70,과속단속,-1
36.41810,128.39204,70,과속단속,-1
36.64552,128.19191,80,과속단속,-1
35.76777,129.18884,80,과속단속,322
35.98538,128.98869,70,과속단속,-1
35.93337,128.94534,70,과속단속,339
35.97973,128.39883,60,과속단속,-1
35.94421,128.48933,80,과속단속,137
35.69527,128.25522,60,과속단속,-1
36.45946,128.70174,60,과속단속,-1
36.45957,128.70173,60,과속단속,-1
36.55852,128.68535,60,과속단속,-1
36.58212,128.73500,50,과속단속,-1
36.42597,128.15148,50,과속단속,186
36.37720,128.14743,60,과속단속,173
36.42372,128.16592,50,과속단속,-1
36.87129,128.83696,60,과속단속,-1
35.82367,128.45598,60,과속단속,346
35.73376,128.27015,30,보호구역,-1
35.79392,128.37857,50,과속단속,-1
36.02676,128.37682,60,과속단속,-1
35.93813,128.40311,80,과속단속,337
35.94825,128.41877,50,과속단속,-1
36.62283,128.37812,80,과속단속,57
36.57071,128.28343,60,과속단속,-1
36.28509,128.95428,60,과속단속,-1
35.11436,128.88652,60,보호구역,41
35.20348,129.12950,30,보호구역,-1
35.27908,129.23284,60,과속단속,-1
35.21672,128.91344,80,과속단속,252
35.13309,129.05170,70,과속단속,127
35.25901,129.09158,50,과속단속,0
35.12676,128.85505,60,과속단속,53
37.65041,127.29572,30,보호구역,-1
37.90445,127.21065,70,과속단속,158
38.10145,127.28076,70,과속단속,-1
37.93429,127.22734,70,과속단속,22
37.82204,127.26289,70,과속단속,45
36.09360,128.43690,50,과속단속,-1
36.07314,128.35039,50,과속단속,-1
36.81484,128.60832,40,과속단속,-1
36.83071,128.61247,50,과속단속,101
36.86690,128.53530,50,과속단속,-1
36.11533,128.17695,70,구간단속,229
36.12675,128.18577,70,구간단속,181
36.12594,128.18596,70,구간단속,7
36.11487,128.17650,70,구간단속,44
36.06797,128.90102,60,과속단속,-1
35.71239,128.91011,60,과속단속,-1
35.64114,128.66347,70,과속단속,99
36.00650,129.37782,60,과속단속,334
36.84618,128.61595,80,과속단속,-1
35.74470,129.20898,80,구간단속,306
36.14706,128.41847,50,과속단속,164
36.38951,129.36947,80,과속단속,185
36.41578,128.39771,70,과속단속,70
36.53054,128.36995,60,과속단속,-1
35.93993,128.92976,60,과속단속,-1
36.03697,128.36362,60,과속단속,139
37.04788,129.40626,80,과속단속,355
36.52402,129.10715,60,과속단속,-1
35.83193,128.33927,70,과속단속,195
36.32381,127.37048,30,보호구역,-1
37.50050,126.53806,60,과속단속,98
37.45827,126.68560,50,과속단속,-1
37.53589,126.63893,50,과속단속,91
37.53619,126.62970,50,과속단속,275
37.44844,126.72871,50,과속단속,94
37.52803,126.70059,50,과속단속,244
37.73776,126.51232,60,과속단속,-1
35.09411,129.03680,50,과속단속,-1
35.18807,129.09742,50,과속단속,-1
35.07946,129.02140,50,과속단속,-1
35.09783,129.02500,50,과속단속,-1
35.08426,129.02474,50,과속단속,-1
35.10492,128.96542,50,보호구역,242
35.14609,128.98483,30,보호구역,-1
35.17467,129.06766,50,과속단속,5
35.20753,129.08194,30,보호구역,-1
35.11958,129.11194,50,과속단속,-1
36.98749,126.96985,60,과속단속,-1
36.98851,127.08982,50,과속단속,143
37.42599,127.28780,50,과속단속,-1
37.34304,127.09681,30,보호구역,-1
37.36149,126.71238,30,보호구역,-1
37.36183,126.71210,30,보호구역,-1
37.39234,126.93586,30,보호구역,-1
37.39240,126.93557,30,보호구역,-1
33.44249,126.88460,50,구간단속,-1
33.44648,126.90685,50,구간단속,-1
33.51720,126.58086,50,과속단속,-1
33.49011,126.48618,50,과속단속,237
33.30910,126.30758,60,과속단속,-1
33.46301,126.45263,70,과속단속,76
33.48227,126.48130,50,과속단속,-1
33.26040,126.61766,50,과속단속,-1
33.42422,126.27769,60,과속단속,173
33.55186,126.79139,70,과속단속,282
37.47950,126.88991,50,과속단속,287
37.47921,126.88984,50,과속단속,-1
35.83248,127.85303,40,과속단속,-1
35.85799,127.83400,40,과속단속,-1
35.34863,127.92954,100,구간단속,125
35.39778,127.88248,100,구간단속,301
35.95206,129.36644,80,구간단속,127
35.99143,129.31934,80,구간단속,147
35.71305,129.27455,80,구간단속,95
37.25594,127.64752,60,과속단속,292
37.54501,127.19249,50,과속단속,-1
37.55626,127.18426,30,보호구역,-1
37.56407,127.18324,30,보호구역,-1
37.57321,127.19385,30,보호구역,-1
37.57544,127.18511,30,보호구역,-1
37.53541,127.21463,50,과속단속,152
37.55982,127.18752,50,과속단속,-1
37.56028,127.18768,50,과속단속,-1
37.55939,127.20278,50,과속단속,-1
37.56881,127.19574,50,과속단속,-1
37.34279,127.09272,30,과속단속,-1
35.49864,126.99031,40,과속단속,-1
35.87058,126.82458,40,과속단속,-1
35.86878,126.82374,40,과속단속,-1
35.71853,127.00421,50,과속단속,-1
35.81789,126.95329,70,과속단속,-1
35.80177,126.90891,60,과속단속,-1
35.80356,126.89982,50,과속단속,216
35.81373,127.10579,50,과속단속,271
35.81348,127.10580,50,과속단속,180
37.34424,127.09483,30,보호구역,-1
37.20567,127.02280,50,과속단속,332
37.37029,127.30315,70,과속단속,317
36.99428,127.11341,60,과속단속,162
37.01426,126.91671,60,과속단속,346
36.98432,126.85632,50,과속단속,151
34.95432,127.52140,50,과속단속,68
34.89526,127.55129,80,구간단속,310
34.82167,127.61343,80,구간단속,311
34.80963,126.43298,60,과속단속,126
34.78712,126.39389,50,과속단속,-1
34.81018,126.38081,30,보호구역,-1
34.81135,126.41806,50,과속단속,33
36.75915,127.48429,80,과속단속,-1
36.60583,127.50096,50,과속단속,91
36.69581,127.42045,60,과속단속,44
36.94673,127.52979,100,과속단속,65
36.24359,127.65961,60,과속단속,320
36.97773,127.52998,70,과속단속,-1
36.96097,127.76970,70,과속단속,34
36.68809,127.51124,70,과속단속,48
36.53258,127.42470,80,과속단속,76
35.59436,126.67818,40,과속단속,-1
35.72946,126.65452,40,과속단속,-1
35.73210,126.65318,40,과속단속,-1
35.73485,126.65350,40,과속단속,-1
35.73546,126.62452,40,과속단속,-1
35.73953,126.62532,40,과속단속,-1
35.72377,126.65685,40,과속단속,-1
35.74041,126.64722,40,과속단속,-1
36.08192,126.96710,60,과속단속,178
37.40514,127.44385,50,과속단속,3
37.28887,127.63430,50,과속단속,259
34.59906,127.30423,60,과속단속,-1
34.58086,127.25525,60,과속단속,-1
34.57929,127.19971,80,과속단속,271
34.58336,127.25629,80,과속단속,228
36.57830,128.47937,30,보호구역,-1
35.97154,129.49606,60,과속단속,-1
35.95379,129.50642,60,과속단속,-1
35.96281,129.49589,60,과속단속,-1
35.94919,129.51117,60,과속단속,-1
37.32820,127.13839,50,과속단속,266
37.25927,127.63811,50,과속단속,-1
37.21499,127.53488,60,과속단속,-1
35.04116,126.52541,100,과속단속,78
35.20028,127.60259,60,과속단속,306
34.38551,126.64563,80,과속단속,-1
35.22923,126.95651,80,과속단속,-1
34.55186,126.80449,50,과속단속,-1
35.30868,126.79037,80,과속단속,29
34.80700,126.68594,60,과속단속,-1
35.11391,126.49177,80,과속단속,-1
35.26054,126.48808,60,과속단속,-1
34.79315,127.22276,80,과속단속,54
34.67217,126.94715,60,과속단속,-1
34.63928,127.02444,60,과속단속,353
34.60955,127.28891,30,보호구역,-1
34.99012,127.69624,30,보호구역,-1
34.98517,126.70394,60,과속단속,113
34.94640,127.49401,50,과속단속,-1
37.53674,127.12893,50,과속단속,112
37.51956,127.02829,50,과속단속,345
33.49328,126.53170,50,구간단속,-1
33.49322,126.50185,50,구간단속,-1
34.93170,127.59520,80,과속단속,1
35.01350,127.71820,50,과속단속,-1
34.94720,127.76560,60,과속단속,-1
34.93180,127.73350,60,과속단속,-1
34.93450,127.70690,80,과속단속,68
34.91110,127.65360,70,과속단속,-1
34.95640,127.58100,80,과속단속,-1
34.96210,127.57160,60,과속단속,-1
34.70587,127.35331,80,과속단속,325
34.59168,127.41354,60,과속단속,-1
34.52615,127.42396,60,과속단속,-1
35.98983,127.08260,80,과속단속,-1
37.62735,126.87145,30,보호구역,-1
37.64820,126.87647,50,과속단속,-1
37.65784,126.79377,60,과속단속,336
37.64910,126.89214,50,과속단속,-1
37.64971,126.89345,50,과속단속,-1
37.71431,126.90720,30,보호구역,-1
37.71728,126.91346,60,과속단속,266
37.90503,127.20926,50,과속단속,-1
35.24700,128.65413,40,보호구역,-1
37.32474,126.95790,50,과속단속,6
37.33861,126.97983,60,과속단속,349
37.31793,126.95759,50,과속단속,178
37.35058,126.98037,50,과속단속,-1
37.39105,126.98087,30,보호구역,-1
37.38879,126.98124,30,보호구역,-1
37.70732,126.60410,50,과속단속,149
37.68446,126.60788,30,보호구역,28
37.61973,126.62539,40,보호구역,87
37.22300,127.04970,30,보호구역,-1
37.20155,127.05584,30,보호구역,-1
37.20611,127.10348,30,보호구역,-1
37.20665,127.06004,30,보호구역,-1
37.21271,127.04625,30,보호구역,-1
37.19982,127.07412,60,과속단속,-1
37.24945,127.07458,50,과속단속,-1
37.25981,127.07961,30,보호구역,-1
37.26739,127.05405,30,보호구역,-1
37.26756,127.05392,30,보호구역,-1
37.27612,126.97963,60,과속단속,135
37.26474,127.00803,30,보호구역,-1
37.24593,126.96312,50,과속단속,-1
37.27909,126.96917,60,과속단속,2
37.03333,127.23042,50,과속단속,310
37.32026,126.95925,30,보호구역,-1
35.98951,127.08282,80,과속단속,51
35.16180,126.88317,60,과속단속,223
35.15867,126.85543,50,과속단속,-1
35.15204,126.91799,50,과속단속,-1
36.92572,128.29459,60,과속단속,-1
36.90434,128.30961,50,과속단속,-1
36.97198,128.34295,70,과속단속,168
36.94866,128.33238,70,과속단속,-1
36.64498,127.35367,70,과속단속,108
37.76882,127.03619,30,과속단속,-1
37.47055,126.70675,30,과속단속,-1
37.59808,126.69899,30,과속단속,-1
37.54170,126.75719,60,과속단속,-1
37.54135,126.75752,60,과속단속,94
35.74561,127.58749,60,과속단속,-1
35.52153,127.53507,40,과속단속,-1
36.03066,126.94811,70,과속단속,-1
36.02479,126.97444,70,과속단속,187
36.09824,126.96330,70,과속단속,-1
35.91494,126.92994,30,보호구역,112
37.22649,127.29466,60,과속단속,-1
37.27387,127.11571,50,과속단속,280
37.46803,127.27269,60,과속단속,-1
37.49795,127.28217,60,과속단속,-1
37.48281,127.28138,60,과속단속,-1
35.31951,128.58278,30,보호구역,-1
35.26500,128.61865,30,보호구역,-1
35.24699,128.65441,40,보호구역,-1
36.39095,127.39393,50,과속단속,-1
36.31933,127.45667,40,보호구역,-1
35.99547,128.61198,40,보호구역,-1
36.36070,127.30523,50,과속단속,253
34.46447,126.35867,60,과속단속,-1
34.43227,126.32218,60,과속단속,-1
34.47959,126.25533,60,과속단속,250
36.60400,127.28958,30,보호구역,173
36.60300,127.28910,30,보호구역,-1
37.27999,127.05936,30,보호구역,-1
37.25830,127.01387,30,보호구역,-1
37.24383,127.06397,30,보호구역,243
37.37987,126.97359,50,과속단속,285
37.37937,126.97392,50,과속단속,103
36.99484,127.12682,30,과속단속,-1
36.99483,127.12696,30,과속단속,-1
37.39541,127.25956,50,과속단속,-1
35.54487,126.75313,80,과속단속,175
35.44214,126.60426,70,과속단속,234
36.81950,126.44010,70,과속단속,8
36.47281,127.14953,50,과속단속,-1
35.13020,126.89454,30,보호구역,-1
35.21805,126.84178,60,과속단속,-1
35.21744,126.84230,60,과속단속,91
35.17894,126.82488,50,과속단속,-1
35.17818,126.89730,50,과속단속,-1
35.16918,126.90326,60,과속단속,243
35.17103,126.89603,50,과속단속,334
35.88401,128.60640,50,과속단속,-1
35.88654,128.60011,50,과속단속,218
35.85709,128.59055,50,과속단속,272
35.86070,128.55654,50,과속단속,-1
35.86896,128.53793,60,과속단속,-1
35.87869,128.55466,50,과속단속,-1
35.86031,128.56439,60,과속단속,249
35.88115,128.61357,50,과속단속,-1
35.91406,128.59331,60,과속단속,70
35.91372,128.60008,60,과속단속,0
35.84843,128.62446,60,과속단속,184
36.87146,127.46908,60,과속단속,-1
36.88587,127.36605,50,과속단속,-1
36.88281,127.37663,30,보호구역,-1
36.82483,127.41089,50,과속단속,102
36.82580,127.40621,30,보호구역,-1
36.91750,127.48288,80,과속단속,143
36.90250,127.53425,50,과속단속,-1
36.85679,127.46359,60,과속단속,322
36.86239,127.45101,60,과속단속,-1
36.86047,127.43335,50,과속단속,106
37.33675,126.69206,50,과속단속,-1
37.33533,126.69157,50,과속단속,-1
36.30540,127.35286,60,과속단속,183
36.35346,127.36874,50,과속단속,307
36.34975,127.43755,50,과속단속,209
36.33391,127.41971,50,과속단속,279
36.37469,127.32578,60,과속단속,158
37.40874,127.25541,30,보호구역,-1
37.38555,127.23550,70,과속단속,2
37.43105,127.30796,50,과속단속,-1
35.25275,128.62796,50,보호구역,88
35.25296,128.62913,50,보호구역,269
34.85333,127.89329,70,과속단속,346
34.87990,127.88839,70,과속단속,144
35.17451,128.06128,50,과속단속,-1
37.74608,127.20796,30,보호구역,-1
37.66184,127.17956,50,과속단속,-1
37.57622,127.21976,60,과속단속,138
35.90389,127.15695,30,보호구역,356
35.96218,127.12184,30,보호구역,270
35.75658,126.77098,80,과속단속,84
35.55824,127.34277,50,과속단속,-1
35.52743,127.16039,50,과속단속,-1
35.67794,127.26734,80,과속단속,-1
35.95357,128.56552,50,과속단속,-1
35.94691,128.55109,50,과속단속,-1
35.86145,128.45553,60,과속단속,243
35.84969,128.57155,50,과속단속,-1
35.83971,128.54485,40,과속단속,-1
35.84954,128.53020,60,과속단속,260
35.85339,128.54628,60,과속단속,64
35.81575,128.50713,60,과속단속,310
35.83689,128.55305,50,과속단속,-1
35.85628,128.65061,60,과속단속,122
37.75449,127.07474,50,과속단속,71
37.00287,127.65089,70,과속단속,270
37.00228,127.55590,60,과속단속,-1
36.97852,127.58879,60,과속단속,-1
35.63276,129.21933,50,과속단속,-1
35.49086,129.22943,70,과속단속,184
35.61253,129.07088,80,과속단속,124
35.38976,129.33426,40,과속단속,-1
35.52729,129.25585,80,과속단속,295
35.49404,129.41826,50,과속단속,-1
35.59779,129.42823,80,과속단속,231
35.53771,129.41935,60,과속단속,-1
35.54168,129.32598,60,과속단속,160
35.57162,129.37417,70,과속단속,168
35.57776,129.37363,60,과속단속,-1
35.57792,129.38936,70,과속단속,262
37.58467,126.87947,40,보호구역,-1
37.58518,126.87913,40,보호구역,310
37.59634,126.91954,50,과속단속,-1
35.15079,128.98221,70,구간단속,282
35.15047,129.06223,70,구간단속,89
37.41628,126.88621,50,과속단속,22
37.41509,126.88153,50,보호구역,-1
37.41027,127.24839,30,보호구역,-1
37.39786,127.24792,30,보호구역,-1
37.39765,127.27694,30,보호구역,-1
35.39266,126.66632,80,과속단속,8
35.52818,126.71971,70,과속단속,-1
35.51105,126.67155,80,과속단속,211
37.41973,126.78940,50,과속단속,177
37.34157,127.17525,30,보호구역,-1
37.28926,127.06871,50,과속단속,-1
37.38590,127.22972,30,보호구역,-1
37.21395,127.04187,50,과속단속,61
37.28422,126.98993,50,과속단속,155
37.29259,127.00887,50,과속단속,-1
37.25359,126.99091,50,과속단속,69
37.25861,126.95706,30,보호구역,-1
37.25985,126.99005,50,과속단속,-1
37.25984,126.98971,50,과속단속,-1
37.25695,127.35281,50,과속단속,-1
37.24831,127.49140,70,과속단속,165
37.25925,127.47937,60,과속단속,113
37.24351,127.42317,70,과속단속,270
37.16790,127.57449,70,과속단속,-1
37.26279,127.36941,50,과속단속,-1
37.25672,127.35393,50,보호구역,-1
37.24255,127.41461,50,과속단속,-1
37.24263,127.41413,50,과속단속,-1
37.29415,127.39622,70,과속단속,-1
37.59418,126.89072,30,보호구역,-1
37.64739,126.89319,30,보호구역,-1
37.70508,127.04805,30,보호구역,-1
36.92420,127.05110,30,보호구역,-1
36.85020,127.00790,30,보호구역,-1
36.88520,126.96830,30,보호구역,-1
36.88600,126.96740,30,보호구역,-1
36.87772,127.15859,30,보호구역,84
36.78011,127.15249,30,보호구역,-1
36.82622,127.11620,30,보호구역,15
36.79027,127.13139,30,보호구역,-1
36.80338,127.11439,30,보호구역,-1
36.79067,127.13680,30,보호구역,-1
36.82091,127.12118,30,보호구역,-1
36.80423,127.11926,30,보호구역,101
36.81540,127.16147,30,보호구역,-1
36.83103,127.17728,30,보호구역,-1
37.71345,126.48026,30,과속단속,-1
37.74925,126.48500,30,과속단속,-1
37.51342,126.67088,30,과속단속,-1
37.35024,126.81270,100,과속단속,91
37.35087,126.80586,100,과속단속,279
36.75000,127.04190,30,보호구역,-1
36.77150,127.06460,30,보호구역,-1
36.77140,127.06250,30,보호구역,-1
36.91860,127.00060,30,보호구역,-1
36.91880,127.00110,30,보호구역,-1
36.75695,126.87559,30,보호구역,-1
36.75702,126.87539,30,보호구역,-1
36.69120,126.98920,30,보호구역,-1
36.69180,126.98920,30,보호구역,-1
36.77667,127.00237,30,보호구역,-1
36.77665,127.00254,30,보호구역,-1
36.77970,127.01841,30,보호구역,-1
36.76155,127.01774,30,보호구역,-1
36.80778,126.92807,30,보호구역,-1
36.78200,127.00724,30,보호구역,-1
36.84880,127.01258,30,보호구역,-1
36.84827,127.01126,30,보호구역,-1
36.75096,127.04020,30,보호구역,-1
36.79262,127.09023,30,보호구역,-1
36.79272,127.09037,30,보호구역,-1
36.78619,127.09509,30,보호구역,86
36.78634,127.09578,30,보호구역,266
36.77087,127.01004,30,보호구역,-1
36.77100,127.00980,30,보호구역,-1
36.87920,127.07380,30,보호구역,-1
36.78790,126.96930,30,보호구역,-1
36.84350,126.87930,30,보호구역,-1
36.84330,126.87940,30,보호구역,-1
36.92490,127.05100,30,보호구역,-1
35.25537,128.62460,50,과속단속,-1
34.97767,128.30503,50,과속단속,-1
36.86659,126.89240,30,과속단속,-1
36.78240,127.01080,30,과속단속,-1
36.77151,127.08126,50,과속단속,240
36.77884,127.05167,30,보호구역,-1
36.77920,127.05211,30,보호구역,-1
36.78799,126.98846,30,과속단속,-1
36.78752,126.98803,30,과속단속,-1
36.76087,126.96420,30,보호구역,-1
36.78736,127.10881,60,과속단속,167
36.82962,127.09408,60,과속단속,99
36.77120,127.04780,30,과속단속,-1
36.77110,127.04790,30,과속단속,-1
36.78035,127.16538,50,과속단속,180
36.80191,127.15891,50,과속단속,177
36.82137,127.16265,50,과속단속,326
36.74528,127.12612,50,과속단속,-1
36.81463,127.13017,50,과속단속,12
36.82121,127.16238,50,과속단속,48
36.90382,127.13583,60,과속단속,179
36.85704,127.13708,60,과속단속,241
36.87716,127.19974,60,과속단속,284
36.81845,127.14305,50,과속단속,89
36.81920,127.13108,50,과속단속,140
36.81877,127.11721,50,과속단속,11
36.82867,127.15248,50,과속단속,351
36.78850,126.95510,30,보호구역,-1
35.85446,127.08901,50,과속단속,215
37.45334,126.60737,30,과속단속,-1
35.57414,128.21620,50,과속단속,-1
35.57410,128.21624,50,과속단속,-1
35.61366,128.23810,50,과속단속,-1
35.55905,128.26359,30,보호구역,-1
35.55906,128.26360,30,보호구역,-1
35.55717,128.26793,50,보호구역,-1
35.55715,128.26798,50,보호구역,-1
35.25537,128.62461,50,과속단속,-1
37.65200,126.88823,60,과속단속,-1
37.73050,126.73677,30,보호구역,-1
37.73064,126.73682,30,보호구역,-1
36.46780,127.27530,50,과속단속,305
36.46810,127.27480,50,과속단속,176
37.59320,126.91308,30,보호구역,-1
35.93575,129.23341,80,구간단속,78
35.85993,129.12721,80,구간단속,81
35.76953,129.33778,70,구간단속,297
35.77871,129.38283,70,구간단속,207
35.81716,128.51334,50,과속단속,-1
35.87586,128.56284,30,과속단속,-1
35.87764,128.61616,40,보호구역,-1
35.87506,128.62358,50,과속단속,-1
37.49530,127.12338,50,과속단속,-1
37.49498,127.12300,50,과속단속,-1
37.50137,127.14795,50,과속단속,253
37.49323,127.14464,50,과속단속,20
37.54469,127.09757,30,보호구역,-1
37.48785,127.11838,50,과속단속,159
37.48771,127.11885,50,과속단속,-1
36.58586,127.28661,30,보호구역,-1
36.55806,127.32481,30,보호구역,-1
36.79850,127.15330,50,과속단속,269
36.88850,127.14120,60,과속단속,329
37.83629,128.84432,80,과속단속,326
35.79795,127.10209,50,과속단속,329
37.45127,126.62854,30,과속단속,-1
37.53028,126.66294,60,과속단속,327
37.45609,126.71909,50,과속단속,-1
37.44952,126.70831,50,과속단속,55
37.43917,126.70658,50,과속단속,327
37.48382,126.72910,60,과속단속,3
37.25326,126.46659,30,과속단속,-1
37.79569,126.47704,60,과속단속,-1
37.80320,126.46491,60,과속단속,-1
35.17191,128.56151,30,보호구역,-1
35.17167,128.56203,30,보호구역,-1
35.17187,128.82238,60,과속단속,-1
35.16639,128.82126,60,과속단속,10
34.90652,128.35794,70,과속단속,134
34.90614,128.35866,70,과속단속,294
35.22547,128.57093,40,과속단속,65
35.31772,128.50912,60,과속단속,-1
35.28121,128.41869,60,과속단속,276
35.19820,128.09924,50,과속단속,-1
35.19799,128.09894,50,과속단속,-1
35.26500,128.61880,30,보호구역,-1
34.87928,128.41258,60,과속단속,175
35.15296,128.11694,50,과속단속,-1
35.25378,128.90747,30,보호구역,-1
35.30810,129.01713,50,과속단속,-1
35.30807,129.01709,50,과속단속,-1
34.97923,127.79505,70,과속단속,42
34.74486,126.38690,70,과속단속,-1
34.78003,126.45220,60,과속단속,-1
35.82535,127.10581,50,과속단속,268
35.79473,127.10491,50,과속단속,125
35.80190,127.09917,50,과속단속,72
35.55000,127.49501,40,과속단속,-1
35.55003,127.49511,40,과속단속,-1
35.74584,127.56779,60,과속단속,-1
35.72900,127.59376,60,과속단속,-1
35.50236,127.52059,40,과속단속,-1
35.72841,127.64400,60,과속단속,-1
35.58879,127.50453,60,과속단속,-1
35.58885,127.50482,60,과속단속,-1
35.72744,126.61895,40,과속단속,-1
35.64975,126.70600,40,과속단속,-1
35.68382,126.67731,30,보호구역,-1
35.31684,127.29366,40,과속단속,-1
35.41285,127.36834,50,과속단속,95
35.41989,127.39544,50,과속단속,-1
35.39833,127.43429,60,과속단속,-1
36.28330,126.91720,40,과속단속,-1
36.28180,126.92090,50,과속단속,52
35.95856,126.98187,50,과속단속,-1
35.96089,127.00111,50,과속단속,-1
35.83010,127.14151,50,과속단속,224
35.80183,127.10586,30,보호구역,-1
35.79863,127.10625,30,보호구역,-1
34.52684,126.95343,30,보호구역,-1
34.47693,126.93683,30,과속단속,-1
34.47730,126.88135,60,과속단속,-1
35.32809,129.16494,60,과속단속,-1
35.33232,129.16226,60,과속단속,-1
35.31834,129.26220,50,과속단속,-1
35.09923,128.98621,50,보호구역,-1
35.08705,128.83138,50,과속단속,45
35.21512,129.03256,30,보호구역,-1
35.20101,128.99802,50,과속단속,177
35.17284,129.10270,50,과속단속,-1
37.62392,127.06839,50,과속단속,-1
37.62315,127.09007,50,과속단속,198
37.62324,127.09057,50,과속단속,26
37.54804,126.97783,30,보호구역,-1
35.07716,127.23275,40,과속단속,-1
34.95668,127.49648,50,과속단속,-1
34.95790,127.52119,50,과속단속,176
34.94201,127.54586,50,과속단속,-1
34.95438,127.52147,50,과속단속,68
34.93861,127.54669,30,보호구역,-1
34.92461,127.54372,50,과속단속,-1
34.91811,127.48797,70,과속단속,-1
34.93281,127.51682,50,과속단속,-1
34.94588,127.49946,50,과속단속,-1
34.96834,127.48410,50,과속단속,-1
34.97340,127.49430,50,과속단속,-1
34.85209,126.69099,80,과속단속,159
37.09288,126.89217,60,과속단속,-1
37.13083,126.95074,60,과속단속,-1
37.13516,126.92164,50,과속단속,-1
37.13502,126.92167,50,과속단속,-1
37.11616,126.88733,60,과속단속,-1
37.11846,126.88960,60,과속단속,-1
37.14311,126.91798,60,과속단속,208
37.06426,126.79522,60,과속단속,-1
37.02568,126.80770,70,과속단속,-1
37.20407,126.87359,60,과속단속,-1
37.23616,126.86985,30,보호구역,-1
37.20506,126.78372,70,과속단속,-1
37.20319,126.80012,70,과속단속,84
37.12798,126.93025,70,과속단속,186
37.10644,126.86827,60,과속단속,-1
37.17265,126.89146,60,과속단속,-1
37.11764,126.87206,30,보호구역,-1
37.17201,126.70738,50,과속단속,-1
37.12102,126.69034,60,과속단속,-1
37.23530,126.87185,50,과속단속,-1
37.22193,126.95517,30,보호구역,-1
37.24492,126.91805,70,과속단속,283
37.19842,126.78926,60,과속단속,-1
37.44613,126.79065,30,보호구역,-1
34.78509,126.87385,60,과속단속,-1
34.79379,126.90312,60,과속단속,-1
34.60182,126.92724,60,과속단속,-1
35.11656,129.08127,50,보호구역,-1
35.09913,128.98824,50,보호구역,-1
35.09643,128.96032,50,보호구역,357
36.42737,127.40241,50,과속단속,-1
36.34144,127.31994,60,과속단속,185
36.31469,127.31558,60,과속단속,161
36.35856,127.36416,50,과속단속,-1
36.35123,127.37802,50,과속단속,114
36.35958,127.37912,50,과속단속,90
36.35815,127.45126,50,과속단속,-1
36.36307,127.43088,50,과속단속,-1
36.45115,127.42895,50,과속단속,250
36.29330,127.32816,50,과속단속,-1
36.31306,127.38040,50,과속단속,7
36.31966,127.46184,40,과속단속,-1
36.34573,127.44594,50,과속단속,286
36.33911,127.43749,50,과속단속,-1
36.31914,127.43170,50,과속단속,21
36.30538,127.39755,50,과속단속,-1
37.44639,126.79090,30,보호구역,-1
37.46287,126.81207,30,보호구역,-1
36.95190,126.85400,50,과속단속,137
36.95230,126.85410,50,과속단속,320
36.94890,126.85510,50,과속단속,62
36.95170,126.85330,40,과속단속,-1
37.41041,126.89204,50,과속단속,-1
37.12971,126.91954,50,과속단속,-1
37.12615,126.91634,30,보호구역,-1
36.80299,127.00692,80,과속단속,349
36.90141,126.63456,60,구간단속,241
36.90384,126.65941,60,구간단속,267
37.39044,126.52050,30,보호구역,-1
37.65138,126.91060,50,과속단속,-1
37.59503,126.89179,30,보호구역,-1
37.60350,126.89643,30,보호구역,-1
37.60305,126.89631,30,보호구역,-1
34.58930,126.55805,60,과속단속,-1
34.58863,126.50074,50,과속단속,-1
34.57408,126.59977,30,과속단속,-1
34.57135,126.43766,80,과속단속,78
34.57140,126.43777,80,과속단속,259
34.53835,126.56192,80,과속단속,19
34.56117,126.58883,60,과속단속,-1
34.60830,126.31382,70,과속단속,189
34.69587,126.36670,70,과속단속,58
35.19453,126.58864,80,과속단속,314
35.12321,126.62780,60,과속단속,-1
35.08243,126.50297,80,과속단속,-1
35.03251,126.58468,80,과속단속,103
35.04995,126.53310,80,과속단속,343
35.11161,128.88761,60,보호구역,-1
35.23209,129.00780,50,보호구역,-1
35.23058,129.01678,30,보호구역,-1
35.21684,129.11723,50,과속단속,-1
37.62760,126.82820,60,과속단속,292
37.68158,126.81311,50,과속단속,-1
35.42819,129.34246,50,과속단속,-1
35.45573,129.34489,60,과속단속,-1
35.45573,129.34500,60,과속단속,-1
35.52943,129.33043,60,과속단속,181
35.57522,129.35660,50,과속단속,-1
35.61062,127.28311,50,과속단속,-1
35.62023,127.29430,50,과속단속,-1
35.66169,127.27577,30,과속단속,143
35.63694,127.28217,60,과속단속,-1
35.64115,127.28066,60,과속단속,-1
35.57648,127.31359,60,과속단속,22
35.58841,127.31615,60,과속단속,202
36.10319,127.49964,50,과속단속,175
36.11023,127.56022,60,과속단속,-1
37.49746,126.74215,50,과속단속,-1
37.38599,126.66504,30,과속단속,128
37.41887,126.41314,50,과속단속,-1
37.40929,126.41350,50,과속단속,138
36.48019,127.30787,50,과속단속,265
36.47982,127.30602,50,과속단속,83
36.48239,127.30720,50,과속단속,160
36.47675,127.28430,50,보호구역,63
36.47695,127.28455,50,보호구역,241
36.47898,127.29455,30,보호구역,-1
36.47940,127.29458,30,보호구역,-1
36.80818,126.98192,80,과속단속,299
35.15420,126.91509,50,과속단속,-1
35.18067,126.93677,50,과속단속,-1
35.72332,128.00188,60,과속단속,-1
35.72336,128.00188,60,과속단속,-1
35.64853,127.91172,60,과속단속,-1
35.65128,127.93773,30,보호구역,-1
35.40087,128.03225,60,과속단속,-1
35.26929,127.88108,60,과속단속,-1
35.43491,127.84742,60,과속단속,-1
35.37832,128.00995,30,보호구역,-1
35.56476,128.16278,30,보호구역,-1
35.56517,128.16290,30,보호구역,-1
35.37234,129.16299,50,과속단속,-1
35.37283,129.16315,50,과속단속,-1
35.17732,128.81089,40,과속단속,-1
35.23670,128.69807,50,과속단속,-1
35.28309,128.72144,60,과속단속,204
35.29474,128.81422,100,과속단속,100
37.59320,127.22080,50,과속단속,137
38.00326,127.06576,60,과속단속,137
37.74393,127.10228,50,과속단속,-1
37.83879,127.09088,50,과속단속,-1
37.93259,127.05628,50,과속단속,-1
37.60110,127.14112,50,과속단속,233
37.68574,126.76657,30,보호구역,297
37.39334,127.23264,30,보호구역,-1
37.40842,127.23659,30,보호구역,-1
37.35814,127.21746,30,보호구역,-1
37.37917,127.25484,30,보호구역,-1
37.35894,127.16084,30,보호구역,236
37.34961,127.33922,30,보호구역,-1
37.36568,127.40960,30,보호구역,-1
37.37102,127.29913,30,보호구역,-1
37.37763,127.31699,30,보호구역,-1
37.30334,127.33091,30,보호구역,-1
37.47806,127.18465,30,보호구역,-1
37.46354,127.25205,50,보호구역,293
37.49575,127.30107,30,보호구역,-1
37.35672,127.32682,30,보호구역,-1
37.17576,126.87080,70,과속단속,155
37.20302,127.09267,40,과속단속,180
37.09494,127.21223,60,과속단속,-1
37.68259,126.88781,60,과속단속,-1
37.69615,126.84461,30,보호구역,-1
37.70656,126.81295,30,보호구역,-1
37.67330,126.73028,50,과속단속,-1
37.61331,126.85095,30,보호구역,-1
37.61352,126.85032,30,보호구역,-1
37.61822,126.83907,50,과속단속,-1
37.54125,127.01606,30,보호구역,-1
37.56768,127.02574,30,보호구역,-1
36.92216,129.38371,80,과속단속,171
36.76074,129.46030,80,과속단속,20
36.08558,129.38052,50,과속단속,-1
36.09482,129.34312,60,과속단속,27
37.17155,126.87675,70,과속단속,313
36.98586,126.93068,50,보호구역,206
37.20458,127.08839,60,과속단속,1
37.21473,127.10161,60,과속단속,231
37.01035,127.28831,50,과속단속,-1
37.01036,127.28870,50,과속단속,-1
37.32713,127.11809,30,보호구역,-1
37.33156,127.11164,30,보호구역,-1
37.32613,127.07109,50,과속단속,-1
37.30766,127.08422,50,과속단속,-1
37.30317,127.07417,50,과속단속,236
37.15779,127.17404,30,보호구역,27
37.33729,127.24376,60,과속단속,-1
37.31232,127.24081,50,과속단속,-1
37.26253,127.09911,50,과속단속,-1
37.27154,127.12067,30,보호구역,-1
37.14090,127.39260,70,과속단속,-1
37.26928,127.09841,50,과속단속,351
37.25916,127.20189,50,과속단속,-1
37.25898,127.20272,50,과속단속,-1
37.36999,127.30334,70,과속단속,139
37.40813,127.30795,30,보호구역,-1
37.39540,127.29135,30,보호구역,-1
38.14580,127.30109,70,과속단속,359
38.12123,128.20859,70,과속단속,193
38.35669,128.50768,80,과속단속,146
37.46561,127.97425,60,과속단속,15
37.34127,128.47406,60,과속단속,-1
37.65262,127.81896,70,과속단속,52
37.21522,128.83296,80,과속단속,160
37.11735,128.77739,60,과속단속,-1
37.45023,129.17819,50,과속단속,145
38.16572,128.58624,60,구간단속,-1
38.17792,128.58083,60,구간단속,-1
37.17170,128.99424,60,과속단속,-1
37.16115,128.99098,60,과속단속,-1
37.47498,129.12521,60,과속단속,-1
37.59444,129.08497,60,과속단속,125
37.35648,127.92208,60,과속단속,268
37.38538,127.89060,50,과속단속,156
37.89334,128.82120,80,과속단속,158
37.73970,128.93081,80,과속단속,-1
37.86064,127.75918,50,과속단속,-1
37.82460,127.65915,80,과속단속,79
35.80065,128.77253,60,과속단속,-1
35.81528,128.80990,60,과속단속,-1
35.91004,128.81753,60,과속단속,237
35.95884,128.79268,60,과속단속,-1
36.57273,128.67895,50,과속단속,-1
36.46086,128.66391,80,과속단속,349
35.67749,129.46144,60,과속단속,-1
35.80409,126.89528,50,과속단속,-1
35.53268,126.92292,60,과속단속,-1
35.52998,126.90474,60,과속단속,-1
35.94204,127.16904,60,과속단속,-1
37.27549,127.09068,50,과속단속,-1
37.26493,127.15541,50,과속단속,325
37.26376,127.10500,60,과속단속,203
37.25434,127.13520,60,과속단속,-1
37.27455,127.10438,60,과속단속,356
37.28554,127.11199,50,과속단속,-1
37.17758,127.29536,60,과속단속,-1
37.22762,127.27136,70,과속단속,232
37.19442,127.08787,40,보호구역,270
37.18706,127.08785,40,과속단속,274
37.18685,127.08853,40,과속단속,94
37.21141,127.09903,60,과속단속,5
37.21591,127.09412,60,과속단속,-1
37.20937,127.09029,60,과속단속,270
37.20931,127.09029,60,과속단속,90
37.77468,126.25480,60,과속단속,-1
37.77294,126.41386,30,과속단속,-1
37.76327,126.49541,50,과속단속,-1
37.51608,126.67920,30,구간단속,-1
37.50335,126.67844,30,구간단속,-1
37.56228,128.35583,100,구간단속,275
37.53180,128.29023,100,구간단속,227
38.05454,127.56194,60,과속단속,-1
38.02807,127.04410,80,과속단속,223
38.02838,127.04481,80,과속단속,44
35.19884,126.84123,30,보호구역,-1
35.18833,126.82886,30,보호구역,-1
35.18300,126.82281,30,보호구역,-1
35.18902,126.92250,50,과속단속,-1
35.21543,126.88283,30,보호구역,-1
35.18735,126.89078,50,과속단속,-1
35.21246,126.89764,30,보호구역,-1
35.20784,126.89776,30,보호구역,-1
35.20984,126.85854,30,보호구역,-1
35.20641,126.87092,30,보호구역,-1
35.18001,126.91382,30,보호구역,-1
35.17385,126.93272,30,보호구역,-1
35.16375,126.92438,30,보호구역,288
35.24431,126.91524,30,보호구역,-1
35.15904,126.85952,50,과속단속,-1
35.15536,126.84723,50,과속단속,-1
35.14611,126.87247,50,과속단속,-1
35.16621,126.86960,50,과속단속,-1
35.14486,126.86683,30,보호구역,-1
35.15179,126.84727,30,보호구역,270
35.12435,126.87620,30,보호구역,-1
35.12631,126.88274,30,보호구역,-1
35.12460,126.85666,30,보호구역,-1
35.15281,126.89892,30,보호구역,-1
35.13213,126.94576,30,보호구역,-1
35.94995,126.97389,50,과속단속,-1
35.72520,126.72093,60,과속단속,156
35.58090,129.36729,60,과속단속,-1
35.58108,129.36688,60,과속단속,-1
35.58628,129.31697,60,과속단속,-1
35.58631,129.31650,60,과속단속,-1
35.13047,126.91081,30,보호구역,-1
35.13860,126.91853,30,보호구역,-1
35.11209,126.89873,30,보호구역,-1
35.10808,126.90421,50,과속단속,-1
37.98224,126.96847,70,과속단속,233
37.98963,126.97840,70,과속단속,-1
37.86009,126.78929,50,과속단속,328
37.71632,126.68857,50,과속단속,-1
35.14801,126.89159,30,보호구역,-1
35.12307,126.91261,50,과속단속,-1
35.13892,126.90152,30,보호구역,270
35.13485,126.92053,30,보호구역,-1
35.12778,126.90508,50,과속단속,-1
37.85977,126.78954,50,과속단속,-1
35.19699,126.82385,30,보호구역,-1
35.18766,126.83717,30,보호구역,-1
35.17177,126.81464,30,보호구역,-1
35.16621,126.80675,30,보호구역,-1
35.17190,126.79820,50,과속단속,-1
35.20861,126.84262,50,과속단속,-1
35.17495,126.80887,30,보호구역,347
35.15786,126.79181,50,과속단속,-1
37.75908,126.77683,50,과속단속,-1
37.75979,126.77778,50,과속단속,-1
34.72738,127.64129,50,과속단속,-1
34.69368,127.61238,70,과속단속,-1
34.73573,127.62320,70,과속단속,19
34.74033,127.68279,30,보호구역,199
34.74037,127.73130,50,과속단속,274
34.74388,127.72161,40,과속단속,112
34.77584,127.64544,50,과속단속,-1
34.79019,127.65431,60,과속단속,142
34.76109,127.65569,50,과속단속,-1
34.85131,127.60262,70,과속단속,317
34.73692,127.72196,50,과속단속,46
34.73106,127.71737,30,보호구역,213
34.73120,127.71776,30,보호구역,33
34.72418,127.70887,50,과속단속,48
34.77925,127.66255,60,과속단속,1
34.83978,127.69479,60,과속단속,-1
34.84014,127.65629,70,과속단속,-1
35.18784,128.79029,70,과속단속,-1
34.88785,128.57622,70,과속단속,172
35.27707,128.42996,60,과속단속,129
34.97569,128.31873,30,보호구역,-1
35.45743,129.19237,50,과속단속,-1
35.39681,129.33482,60,과속단속,97
35.47399,129.29399,60,과속단속,-1
35.64433,129.35736,50,과속단속,-1
35.64433,129.35717,50,과속단속,-1
35.66196,129.33920,50,과속단속,-1
35.66199,129.33945,50,과속단속,13
36.53482,127.33243,60,과속단속,238
37.48135,126.96611,30,보호구역,-1
37.45380,127.05959,30,보호구역,-1
37.51644,127.01185,30,보호구역,-1
37.47465,127.03265,30,보호구역,-1
37.47470,127.03221,30,보호구역,-1
37.48624,127.02129,50,과속단속,-1
37.48156,127.00518,50,과속단속,-1
37.46422,127.02668,30,보호구역,-1
37.49085,127.00394,50,과속단속,-1
37.48476,127.02201,20,보호구역,-1
37.49911,127.02307,30,보호구역,-1
37.50236,127.02177,30,과속단속,-1
37.50071,127.01771,30,보호구역,-1
37.57255,126.98783,30,과속단속,190
37.57257,126.98775,30,과속단속,190
37.47569,127.12837,30,과속단속,190
37.47555,127.12838,50,과속단속,102
37.50681,126.73103,50,과속단속,94
37.59485,126.60680,30,과속단속,-1
37.59478,126.60620,30,과속단속,-1
37.60053,126.61320,50,과속단속,-1
37.60096,126.61307,50,과속단속,-1
37.52525,126.66321,60,과속단속,79
37.60246,126.65041,30,과속단속,-1
34.76090,127.64565,50,과속단속,-1
34.74460,127.72838,50,과속단속,188
36.77154,127.61286,70,과속단속,75
36.77317,127.62499,70,과속단속,232
36.61886,127.34396,70,과속단속,24
36.62632,127.34586,70,과속단속,192
36.64455,127.36387,70,과속단속,44
37.10435,128.19875,60,과속단속,-1
36.47506,127.72263,50,과속단속,-1
36.47474,127.72244,50,과속단속,-1
36.92322,128.09348,60,과속단속,-1
35.76886,128.38464,60,과속단속,-1
36.09237,128.45159,50,보호구역,-1
36.09234,128.45181,50,보호구역,-1
35.83594,128.81352,80,구간단속,-1
35.86717,128.81883,80,구간단속,-1
36.14108,128.30234,50,과속단속,-1
36.22733,129.35902,70,과속단속,231
36.40239,129.06585,60,과속단속,-1
36.27525,128.89352,40,과속단속,-1
35.76362,128.28360,80,과속단속,194
35.76298,128.28373,80,과속단속,19
35.97676,129.36111,50,과속단속,-1
36.60494,126.66690,50,과속단속,-1
36.53833,126.73928,70,과속단속,108
36.59058,126.64383,50,과속단속,-1
36.64743,126.66968,50,과속단속,310
36.60555,126.65367,50,과속단속,247
37.71442,128.99040,60,구간단속,-1
37.68384,129.00772,60,구간단속,-1
37.18167,128.45938,50,과속단속,-1
37.40002,127.08279,100,구간단속,47
37.40004,127.08276,100,구간단속,47
37.39568,127.04752,100,구간단속,78
37.39571,127.04750,100,구간단속,259
35.34805,127.05898,70,과속단속,-1
35.34791,127.05941,70,과속단속,-1
35.33103,127.02694,70,과속단속,-1
35.84367,127.16515,60,과속단속,143
35.92751,126.96258,50,과속단속,-1
35.93763,126.95822,50,과속단속,-1
35.93672,126.97863,50,과속단속,-1
35.94114,126.93739,50,과속단속,-1
35.99604,127.06355,80,과속단속,54
34.84388,126.50157,70,과속단속,292
34.84305,126.50240,70,과속단속,106
34.87631,126.51698,70,과속단속,-1
34.87669,126.51722,70,과속단속,239
34.43424,126.82256,60,과속단속,-1
34.39681,126.80744,60,과속단속,-1
34.31232,126.75981,30,보호구역,-1
34.35037,126.72991,80,과속단속,146
37.85038,126.87077,30,과속단속,-1
36.99377,127.93073,50,보호구역,-1
36.97424,127.81862,70,과속단속,263
37.66386,126.67815,80,구간단속,122
37.66388,126.67818,80,구간단속,122
37.66395,126.67825,80,구간단속,122
37.66393,126.67822,80,구간단속,122
37.66390,126.67820,80,구간단속,122
37.61138,126.77409,80,구간단속,306
37.61135,126.77407,80,구간단속,306
37.61133,126.77404,80,구간단속,306
37.01130,127.25750,50,과속단속,-1
37.00562,127.25240,30,보호구역,-1
37.00904,127.25019,60,과속단속,-1
37.48894,126.77751,50,과속단속,-1
36.80643,127.11367,50,과속단속,14
36.27621,126.91545,30,보호구역,272
35.97799,128.96305,50,과속단속,-1
35.99299,128.96653,70,과속단속,-1
36.01020,128.97319,70,과속단속,-1
36.01014,128.97303,70,과속단속,-1
37.61333,127.05049,30,보호구역,-1
37.61611,127.04855,30,보호구역,-1
37.55610,127.18716,50,과속단속,21
37.55522,127.19240,30,과속단속,-1
37.56990,127.18980,30,보호구역,-1
37.57148,127.18110,30,보호구역,-1
37.35522,126.72304,50,과속단속,308
37.47570,126.64441,30,과속단속,133
37.48560,126.63049,50,과속단속,106
37.47991,126.63699,40,과속단속,61
37.47986,126.63648,30,과속단속,220
37.47311,126.64723,50,과속단속,-1
37.47286,126.64715,50,과속단속,-1
37.47456,126.64871,50,과속단속,-1
37.47413,126.64868,50,과속단속,-1
35.33409,129.17788,70,구간단속,124
35.35224,129.15331,70,구간단속,127
34.86420,126.68940,80,과속단속,355
37.61124,126.77395,80,구간단속,126
37.61127,126.77398,80,구간단속,126
37.61129,126.77401,80,구간단속,126
37.66551,126.67087,80,구간단속,-1
37.54995,127.03100,50,과속단속,-1
37.54054,127.04816,30,보호구역,-1
37.56121,127.04942,40,과속단속,128
37.56669,127.04352,50,과속단속,-1
37.61189,126.82158,60,과속단속,205
37.54653,127.02492,30,보호구역,-1
37.56591,126.67756,50,과속단속,336
35.70054,129.47049,30,과속단속,-1
34.97568,128.31875,30,보호구역,-1
35.08822,128.33471,30,보호구역,-1
35.05402,128.20632,30,보호구역,-1
35.04544,128.44445,30,보호구역,-1
34.99299,128.40513,30,보호구역,-1
35.10525,128.21680,30,보호구역,-1
35.01479,128.29803,30,보호구역,-1
35.09792,128.25980,30,보호구역,-1
35.05555,128.33618,30,보호구역,-1
35.17573,128.56285,50,과속단속,-1
35.17452,128.56148,50,과속단속,-1
35.37652,129.16396,80,과속단속,181
35.39884,129.17213,80,과속단속,213
37.52844,127.14234,30,보호구역,-1
36.79124,127.16482,50,과속단속,360
36.74050,127.28524,60,과속단속,-1
36.79019,127.12880,50,과속단속,182
36.78454,127.14939,30,보호구역,-1
36.82298,127.12523,50,과속단속,304
35.09973,128.90526,50,과속단속,-1
37.47672,126.98173,50,과속단속,2
37.47064,127.12607,50,과속단속,236
37.57605,126.97215,50,과속단속,279
37.46789,127.09347,30,보호구역,305
36.80147,127.10562,50,과속단속,5
36.80231,127.16754,50,과속단속,-1
36.78467,127.11410,70,과속단속,79
36.81199,127.13195,30,보호구역,-1
36.83677,127.14195,30,보호구역,-1
36.82585,127.15465,30,보호구역,-1
36.80708,127.13624,30,보호구역,-1
36.86004,127.14221,30,보호구역,-1
36.78081,127.14042,30,보호구역,-1
36.79765,127.11488,30,보호구역,-1
36.78941,127.12329,30,보호구역,-1
36.80659,127.14568,30,보호구역,273
35.31019,128.99008,30,보호구역,-1
35.16292,128.10636,50,과속단속,-1
34.97780,128.32627,40,과속단속,-1
35.18030,128.55841,50,과속단속,-1
37.48549,126.95598,50,과속단속,-1
36.42122,127.38945,30,보호구역,292
36.42317,127.38823,30,보호구역,-1
36.42229,127.38545,30,보호구역,113
36.42935,127.38303,30,보호구역,-1
36.43362,127.38296,30,보호구역,-1
36.43999,127.38201,30,보호구역,-1
36.33458,127.33801,30,보호구역,-1
36.34007,127.34293,30,보호구역,-1
36.34969,127.34408,30,보호구역,-1
36.35005,127.34438,30,보호구역,-1
36.34715,127.33548,30,보호구역,-1
36.34288,127.33241,30,보호구역,180
36.34253,127.30381,30,보호구역,-1
36.31459,127.32282,30,보호구역,-1
36.29994,127.31577,30,보호구역,-1
34.89589,127.87759,30,보호구역,-1
34.89590,127.87761,30,보호구역,-1
35.18361,128.55979,50,과속단속,-1
37.54447,127.03181,80,과속단속,226
37.54914,126.87655,50,과속단속,-1
37.58175,126.99712,50,과속단속,224
36.39332,127.31099,30,보호구역,-1
36.39067,127.31223,30,보호구역,-1
36.37983,127.30246,30,보호구역,360
36.36956,127.32022,30,보호구역,-1
36.36709,127.31250,50,과속단속,253
36.35862,127.30171,30,보호구역,-1
36.36065,127.33592,30,보호구역,35
36.36148,127.34745,50,과속단속,-1
36.41940,127.39479,30,보호구역,295
36.37749,127.39364,30,보호구역,-1
36.39777,127.40476,30,보호구역,-1
36.41625,127.39722,30,보호구역,-1
36.47320,127.14840,30,보호구역,-1
37.51384,127.03069,50,과속단속,70
37.59802,127.09292,50,과속단속,358
37.58022,126.90568,50,과속단속,220
36.97831,126.68175,70,구간단속,91
36.47480,127.13750,30,보호구역,-1
36.43310,127.14970,80,구간단속,189
35.62161,129.35560,30,보호구역,-1
35.55693,129.45711,30,보호구역,-1
35.55691,129.45712,30,보호구역,-1
35.48068,129.41507,30,과속단속,-1
35.53226,129.31876,30,보호구역,-1
35.53228,129.31879,30,보호구역,-1
35.57915,129.31908,30,보호구역,-1
35.57454,129.31057,30,보호구역,-1
35.19290,129.06697,50,보호구역,167
35.10511,129.02129,50,과속단속,-1
35.20204,129.08356,50,과속단속,231
35.13460,129.08410,50,과속단속,86
37.74862,127.11311,50,과속단속,277
36.33406,127.31244,30,보호구역,-1
36.30517,127.31761,30,보호구역,-1
36.41865,127.39579,30,보호구역,-1
36.39955,127.40044,30,보호구역,-1
36.41208,127.33737,30,보호구역,-1
36.38801,127.32055,30,보호구역,-1
36.36461,127.35292,30,보호구역,-1
36.36993,127.33435,30,보호구역,-1
36.36987,127.33462,30,보호구역,-1
36.37609,127.32229,30,보호구역,-1
36.37585,127.32295,30,보호구역,-1
36.37997,127.31824,30,보호구역,-1
36.38963,127.34887,30,보호구역,-1
36.38895,127.33110,30,보호구역,-1
37.48900,127.01645,30,보호구역,-1
37.50968,127.00289,30,보호구역,-1
37.50170,127.01558,30,보호구역,-1
37.47337,127.03360,30,보호구역,-1
37.47954,127.00910,30,보호구역,-1
34.96089,127.51460,30,보호구역,-1
34.95818,127.52276,30,보호구역,-1
34.94735,127.52870,30,보호구역,-1
34.94345,127.49715,50,과속단속,163
34.95734,127.52979,50,과속단속,40
35.25876,127.11591,100,구간단속,283
35.22902,127.21813,100,구간단속,302
35.98425,126.70804,30,보호구역,-1
35.98908,126.81925,50,과속단속,-1
35.95840,126.78043,50,과속단속,282
35.48796,129.42584,30,보호구역,-1
35.50324,129.30867,70,과속단속,99
35.52012,129.34330,60,과속단속,277
35.55422,129.32406,60,과속단속,17
35.67061,129.08494,30,보호구역,-1
35.59174,129.09413,30,보호구역,-1
35.65412,129.20196,30,보호구역,-1
35.64259,129.15914,30,보호구역,-1
35.53567,129.10850,30,보호구역,-1
35.53638,129.10792,30,보호구역,-1
35.52379,129.15854,30,보호구역,-1
35.33919,128.70891,60,보호구역,181
35.33895,128.70895,60,보호구역,1
35.21193,128.70694,30,보호구역,-1
35.21198,128.70723,30,보호구역,-1
35.22291,128.68843,60,과속단속,305
35.22528,128.68425,50,과속단속,-1
37.52729,127.04383,30,과속단속,-1
37.65883,127.04841,30,보호구역,-1
37.66411,127.05048,30,보호구역,-1
37.50459,126.96540,30,보호구역,-1
37.50994,126.95952,30,보호구역,-1
37.50908,126.92859,30,보호구역,-1
37.50619,126.95541,30,보호구역,-1
37.50818,126.94350,30,보호구역,-1
37.51095,126.92645,30,보호구역,-1
37.48617,126.97495,30,보호구역,-1
37.47192,127.04573,30,보호구역,-1
37.47120,127.04145,30,보호구역,-1
37.51609,127.01214,30,보호구역,-1
37.49151,127.02503,30,보호구역,-1
34.90417,128.64581,60,과속단속,357
34.97948,128.68830,80,과속단속,177
34.89545,128.68592,60,과속단속,164
34.87083,128.63544,50,과속단속,53
35.19388,128.81617,60,과속단속,51
35.30155,127.83213,60,과속단속,-1
35.26313,127.89808,60,과속단속,-1
35.35061,128.65675,30,보호구역,-1
35.35061,128.65677,30,보호구역,-1
35.28668,128.67931,30,보호구역,-1
35.32074,128.69854,30,보호구역,-1
37.51158,127.04845,50,과속단속,-1
37.51037,127.03679,50,과속단속,142
37.50927,127.00448,30,보호구역,-1
37.50065,127.01803,30,보호구역,-1
37.45590,127.01689,30,보호구역,-1
37.45734,127.02247,30,과속단속,50
37.46200,127.02384,30,보호구역,-1
37.51460,127.01075,30,보호구역,-1
37.49326,127.02127,30,보호구역,-1
37.47366,127.03062,30,보호구역,-1
37.47164,127.04838,30,보호구역,-1
37.47134,127.02461,30,보호구역,-1
37.46499,127.02575,50,보호구역,-1
37.45451,127.06198,30,보호구역,-1
37.44789,127.05754,30,보호구역,-1
35.32078,128.69857,30,보호구역,-1
35.05474,128.13983,70,과속단속,-1
37.50495,126.93959,50,과속단속,53
36.33000,127.12770,80,구간단속,177
37.49477,126.84115,50,과속단속,-1
37.57693,126.98646,50,과속단속,-1
37.54772,126.93155,60,과속단속,15
37.47297,126.80781,30,보호구역,-1
37.49309,126.78800,30,보호구역,-1
36.82884,126.79547,60,과속단속,-1
36.79607,126.76534,70,과속단속,126
37.00710,126.47134,70,과속단속,182
36.96753,126.68585,50,과속단속,182
37.51328,126.83172,30,보호구역,-1
37.52567,126.84112,30,보호구역,-1
37.53878,126.82424,20,보호구역,-1
37.52998,126.83102,20,보호구역,-1
37.58020,126.91950,30,보호구역,-1
37.55805,126.95179,30,보호구역,-1
37.55764,126.95187,30,보호구역,-1
37.25328,126.46675,30,과속단속,-1
37.52007,126.44171,30,과속단속,-1
35.79859,127.10588,30,보호구역,-1
35.79860,127.10813,50,과속단속,165
35.83109,127.12691,50,과속단속,-1
35.82904,127.12564,30,보호구역,-1
35.33728,129.03207,30,보호구역,-1
37.17466,127.89025,80,구간단속,1
37.68966,126.59786,70,과속단속,109
37.37356,126.81297,30,보호구역,-1
37.24322,127.07384,30,보호구역,-1
35.42750,129.18344,70,과속단속,214
35.39882,129.17218,80,과속단속,213
35.34048,128.19514,30,보호구역,-1
35.34035,128.19538,30,보호구역,-1
35.32999,128.22657,30,보호구역,-1
35.32986,128.22677,30,보호구역,-1
35.06121,128.07963,50,과속단속,-1
35.06121,128.07960,50,과속단속,-1
35.17694,128.14866,40,과속단속,-1
35.15308,128.11677,50,과속단속,-1
35.30156,127.96256,80,과속단속,24
35.30106,127.96228,80,과속단속,23
34.89668,128.50230,70,과속단속,228
37.19470,128.86992,60,구간단속,247
37.20732,128.93164,60,구간단속,275
38.07657,128.62223,30,보호구역,-1
38.02218,128.71885,80,과속단속,95
38.02230,128.71884,80,과속단속,-1
37.26181,127.90208,80,구간단속,17
37.71015,127.91442,30,보호구역,-1
37.73801,127.93940,30,보호구역,-1
34.83813,127.89249,30,보호구역,-1
37.53684,127.20417,30,보호구역,-1
37.37235,126.92739,50,과속단속,8
37.36769,126.92707,50,과속단속,151
37.32640,126.91923,60,과속단속,208
37.37153,126.92839,30,보호구역,-1
37.33020,126.79922,30,보호구역,-1
37.38589,127.60053,60,과속단속,-1
37.27271,127.58890,60,과속단속,-1
37.66691,126.77415,30,보호구역,-1
37.64470,126.83191,30,보호구역,-1
35.38549,128.56889,30,보호구역,-1
35.53620,128.50134,30,보호구역,-1
35.38826,128.47148,30,보호구역,-1
35.38828,128.47178,30,보호구역,-1
35.59938,128.37588,30,보호구역,-1
35.55537,128.46379,30,보호구역,324
34.88614,128.69369,60,과속단속,326
35.28110,128.61535,70,과속단속,330
35.60258,128.53689,60,과속단속,-1
35.60258,128.53687,60,과속단속,-1
35.70034,127.92965,50,과속단속,-1
34.83814,127.89246,30,보호구역,-1
37.65086,127.07675,50,보호구역,-1
36.45587,127.13432,50,과속단속,-1
36.45972,127.11782,30,보호구역,-1
36.55062,126.95814,30,보호구역,-1
36.45330,127.12424,30,보호구역,-1
36.47410,127.13720,30,보호구역,-1
36.60272,127.11822,30,보호구역,-1
36.44860,127.12028,30,보호구역,-1
36.44197,127.11901,30,보호구역,-1
36.36210,127.25249,30,보호구역,-1
37.52439,126.96811,50,과속단속,-1
37.62521,126.92902,30,보호구역,-1
37.64816,126.92769,50,과속단속,-1
36.45656,127.12136,30,과속단속,-1
37.54750,127.20920,30,보호구역,-1
37.54832,127.01591,50,과속단속,338
37.60263,127.03787,50,과속단속,293
37.57382,127.03848,50,과속단속,111
37.56665,126.99776,50,과속단속,266
35.18854,129.07342,50,과속단속,120
35.09785,129.02068,50,보호구역,-1
35.11589,128.96077,30,보호구역,-1
35.08926,128.99989,50,보호구역,80
35.18135,128.98597,50,과속단속,-1
35.23499,129.01402,50,과속단속,315
35.21224,129.01323,50,과속단속,253
35.16394,129.06376,50,과속단속,158
35.24512,129.21224,30,보호구역,-1
35.25612,129.21925,30,과속단속,-1
35.22822,129.07743,30,보호구역,-1
37.56084,126.85435,30,보호구역,-1
37.55247,126.85424,30,보호구역,-1
37.54419,126.84622,30,보호구역,-1
37.53884,126.83910,30,보호구역,-1
37.50445,126.72871,30,과속단속,-1
37.50699,126.70353,50,과속단속,-1
37.51029,126.70355,50,과속단속,-1
35.78963,126.90352,50,과속단속,305
35.35128,127.07387,40,과속단속,-1
35.35123,127.07393,40,과속단속,-1
35.35210,127.07621,40,과속단속,-1
35.35077,127.07666,40,과속단속,-1
36.70249,127.11424,50,과속단속,-1
36.80931,127.17345,50,과속단속,-1
36.21692,127.71511,30,보호구역,-1
36.14542,127.74785,30,보호구역,-1
36.21390,127.99602,30,보호구역,-1
36.17738,127.77707,30,보호구역,-1
36.17337,127.77851,30,보호구역,-1
36.16672,127.76770,30,보호구역,-1
37.01888,127.49591,30,보호구역,-1
37.00635,127.91971,30,보호구역,-1
36.94690,127.90106,50,보호구역,-1
36.98213,127.93426,50,과속단속,131
36.98576,127.90193,60,과속단속,74
36.99342,127.92818,60,과속단속,135
37.14894,127.07003,30,보호구역,272
37.14931,127.06541,30,보호구역,277
37.22266,127.11409,50,과속단속,-1
37.22140,127.10856,50,과속단속,-1
37.33805,126.81306,30,보호구역,-1
37.30386,126.81452,30,보호구역,4
37.30421,126.83578,30,보호구역,179
37.32928,126.79662,30,보호구역,-1
37.34127,126.82356,30,보호구역,-1
37.30346,126.81843,30,보호구역,-1
37.49054,126.79405,50,과속단속,-1
37.46798,126.82283,50,과속단속,-1
37.52568,126.76483,50,과속단속,-1
37.51604,126.80355,50,과속단속,-1
37.51935,126.79781,30,보호구역,-1
36.82518,128.61706,40,과속단속,-1
35.98855,129.09331,60,과속단속,139
35.97569,128.26187,30,보호구역,-1
35.90604,128.35249,30,보호구역,-1
36.06901,129.37248,30,보호구역,17
36.06027,129.37449,30,보호구역,-1
36.02151,129.35699,40,보호구역,213
35.94794,128.31249,30,보호구역,-1
35.91940,128.28605,30,보호구역,-1
36.15464,128.33113,40,보호구역,-1
36.21070,128.32787,60,과속단속,131
36.57489,128.50911,60,과속단속,192
36.24677,128.30573,50,과속단속,184
36.21668,128.31617,60,과속단속,-1
36.20004,128.33935,60,과속단속,128
36.90761,127.51284,30,보호구역,-1
36.90760,127.51284,30,보호구역,-1
36.23428,127.72386,30,보호구역,-1
37.57836,126.90152,50,과속단속,132
36.97664,126.61764,70,구간단속,94
35.31077,128.99064,30,보호구역,-1
36.43993,127.11920,40,과속단속,-1
36.46386,127.11967,30,과속단속,-1
37.49887,126.72240,50,과속단속,-1
37.70887,126.44976,50,과속단속,-1
37.72029,126.39032,30,과속단속,-1
37.63927,126.49151,30,과속단속,-1
37.76031,126.49037,30,과속단속,-1
35.19770,126.87426,30,보호구역,-1
35.18784,126.92471,50,과속단속,-1
35.16635,126.93725,50,과속단속,-1
36.36463,127.33798,60,과속단속,259
36.35738,127.40143,50,과속단속,49
36.35753,127.37975,50,과속단속,90
36.35204,127.36986,50,과속단속,-1
36.43730,127.38931,50,과속단속,-1
36.42457,127.39973,50,과속단속,298
36.42203,127.39741,50,과속단속,118
35.19268,128.72016,70,구간단속,296
35.24269,129.02765,80,구간단속,43
35.23518,129.11058,70,구간단속,292
35.23518,129.11058,80,구간단속,292
35.14257,129.07350,30,과속단속,-1
35.11533,129.09537,50,보호구역,343
35.17769,128.95003,40,과속단속,216
35.13675,128.85905,50,과속단속,228
35.18778,129.12065,50,과속단속,-1
35.16423,129.16047,50,과속단속,-1
35.06476,129.08089,50,보호구역,-1
35.18928,129.07189,50,과속단속,121
35.32779,128.99831,30,보호구역,-1
35.32745,128.99874,30,보호구역,-1
35.37980,129.14571,30,보호구역,-1
35.37983,129.14587,30,보호구역,-1
37.59731,126.91942,30,보호구역,-1
37.59807,126.90575,30,보호구역,140
37.59217,126.90635,30,보호구역,-1
37.58223,126.90527,30,보호구역,-1
37.60332,126.92703,30,보호구역,-1
37.60116,126.93379,50,보호구역,-1
38.11931,128.20074,30,보호구역,-1
38.07318,128.17963,30,보호구역,-1
37.68318,127.87701,30,보호구역,-1
37.69732,127.89244,30,보호구역,-1
36.80884,126.69129,60,과속단속,-1
37.53812,127.21759,30,보호구역,-1
36.45690,127.12487,40,과속단속,-1
36.26140,127.02390,30,보호구역,-1
36.29640,126.89370,30,보호구역,-1
35.96287,126.66112,50,과속단속,226
35.96281,126.66118,50,과속단속,226
35.93324,126.64454,60,과속단속,-1
35.93373,126.64483,60,과속단속,-1
35.94302,126.65436,50,과속단속,-1
37.60314,126.93737,30,보호구역,-1
37.61613,126.91393,30,보호구역,-1
37.63250,126.92967,30,보호구역,-1
37.58637,126.92272,30,보호구역,-1
37.58697,126.92016,30,보호구역,-1
37.59453,126.91959,30,보호구역,-1
37.63467,126.92099,30,보호구역,-1
37.64533,126.92970,30,보호구역,-1
37.60947,126.91527,30,보호구역,-1
37.60233,126.91507,30,보호구역,-1
37.62119,126.92878,30,보호구역,-1
37.61884,126.93272,30,보호구역,-1
37.64321,126.91888,30,보호구역,-1
37.61904,126.91525,30,보호구역,-1
37.62499,126.92877,30,보호구역,-1
37.64394,126.92470,30,보호구역,-1
37.58927,126.92131,30,보호구역,-1
37.60585,126.93510,30,보호구역,-1
37.59108,126.92459,30,보호구역,-1
36.21640,126.83890,30,보호구역,-1
36.30690,126.95750,30,보호구역,-1
36.18240,126.81450,30,보호구역,-1
36.12790,126.85810,30,보호구역,-1
36.26480,126.84550,30,보호구역,-1
36.28470,126.92300,30,보호구역,-1
36.25120,127.00100,30,보호구역,-1
36.22350,126.99030,30,보호구역,-1
36.25280,126.81560,30,보호구역,-1
36.28040,126.77860,30,보호구역,-1
36.31480,126.71580,30,보호구역,-1
36.17500,126.94650,30,보호구역,-1
36.31350,126.85560,30,보호구역,-1
37.47715,127.15182,30,보호구역,-1
37.53654,127.22206,30,보호구역,-1
37.54341,127.21476,30,보호구역,-1
36.61959,127.31494,60,과속단속,-1
36.62767,127.30347,50,과속단속,170
36.65969,127.38194,70,과속단속,344
36.61911,127.32832,30,과속단속,48
36.65907,127.47758,50,과속단속,-1
36.61202,127.49991,50,과속단속,-1
36.73623,128.10401,30,보호구역,-1
36.57530,128.14802,60,과속단속,-1
36.30757,127.87066,60,과속단속,-1
36.46819,128.21252,60,과속단속,-1
36.64435,126.88211,70,과속단속,-1
36.34552,126.54938,60,과속단속,-1
36.30699,126.51956,40,과속단속,-1
36.37786,126.53675,60,과속단속,144
36.78724,127.14692,30,과속단속,191
36.78751,127.14697,30,과속단속,191
36.82594,127.13725,50,과속단속,277
36.27035,127.24712,30,보호구역,-1
36.28270,127.23685,30,보호구역,-1
36.29934,127.24297,30,보호구역,-1
36.28659,127.23844,30,보호구역,-1
36.28845,127.24503,60,과속단속,336
36.28301,127.24922,60,과속단속,313
36.16300,126.97590,60,과속단속,-1
37.41998,126.67214,30,과속단속,-1
37.42334,126.67632,30,과속단속,-1
37.41243,126.68294,30,과속단속,-1
37.42430,126.70132,30,과속단속,-1
37.42160,126.68173,30,과속단속,-1
36.42120,127.66464,70,과속단속,34
36.42463,127.66873,70,과속단속,48
37.08678,127.62483,60,과속단속,-1
36.93493,127.69320,50,과속단속,-1
36.97777,127.54980,70,과속단속,-1
36.98734,127.59025,50,과속단속,-1
36.98872,127.59629,50,과속단속,-1
36.96782,127.48562,30,보호구역,-1
37.11596,127.64354,30,보호구역,-1
36.99138,127.59122,30,보호구역,-1
36.93030,127.68485,30,보호구역,-1
36.67210,127.45760,50,과속단속,-1
36.53286,127.42625,70,과속단속,78
36.62022,127.32056,50,과속단속,-1
36.61637,127.31106,30,과속단속,-1
36.74237,127.23644,30,보호구역,-1
36.78800,127.15030,30,보호구역,289
36.81420,127.15300,30,보호구역,-1
36.80440,127.15020,30,과속단속,-1
36.80440,127.15260,30,보호구역,-1
36.79120,127.16280,30,보호구역,-1
36.72710,127.11950,30,보호구역,-1
36.77128,127.12969,30,보호구역,-1
36.78750,127.12420,30,보호구역,-1
36.74470,127.10340,30,보호구역,-1
36.68790,127.15760,30,보호구역,-1
37.65468,126.77498,60,과속단속,246
37.65009,126.91483,50,과속단속,-1
37.67396,126.76729,30,보호구역,-1
37.44651,126.63791,50,과속단속,-1
37.44697,126.63774,50,과속단속,-1
37.45360,126.66370,50,과속단속,-1
37.45328,126.66393,50,과속단속,-1
37.41670,126.68494,30,과속단속,-1
37.42698,126.66079,50,과속단속,-1
37.42344,126.65460,30,과속단속,-1
37.38841,126.63024,30,과속단속,-1
37.39914,126.63908,30,과속단속,-1
37.41512,126.61429,30,과속단속,179
36.73230,127.28360,30,보호구역,-1
36.76490,127.30110,30,보호구역,-1
36.76490,127.29960,30,보호구역,-1
36.78763,127.25957,30,보호구역,-1
36.76050,127.17500,30,보호구역,-1
36.82290,127.15960,30,보호구역,-1
36.80680,127.14980,30,보호구역,-1
36.46845,127.13067,50,과속단속,126
37.54293,127.20730,30,보호구역,-1
37.56984,127.18981,30,보호구역,-1
37.55175,127.20398,50,과속단속,-1
36.80128,127.14006,30,보호구역,-1
36.80069,127.12924,30,보호구역,-1
36.91760,127.12795,30,보호구역,-1
36.91373,127.21918,30,보호구역,248
36.95142,127.11450,30,보호구역,-1
36.91542,127.22558,30,보호구역,-1
36.77374,127.21570,30,보호구역,-1
36.77781,127.34891,30,보호구역,-1
36.73871,127.15140,30,보호구역,-1
36.87132,127.20028,30,보호구역,-1
36.92846,127.08634,30,보호구역,-1
36.94770,127.16436,30,보호구역,-1
36.94920,127.14613,30,보호구역,-1
36.91798,127.13344,30,보호구역,-1
36.84414,127.10563,30,보호구역,-1
36.83575,127.13592,30,보호구역,-1
36.83592,127.14689,30,보호구역,-1
36.82905,127.12345,30,보호구역,-1
36.84165,127.13748,30,보호구역,-1
36.87690,127.14833,30,보호구역,-1
36.80679,127.11039,30,보호구역,-1
36.78782,127.11514,30,보호구역,-1
36.80133,127.12376,30,보호구역,-1
36.81533,127.14195,30,보호구역,-1
36.83050,127.13038,30,보호구역,-1
36.76930,127.20150,30,보호구역,-1
36.78690,127.23510,30,보호구역,-1
36.82330,127.27300,30,보호구역,-1
37.49996,126.78097,30,보호구역,-1
37.50771,126.76718,30,보호구역,-1
37.50804,126.77473,50,과속단속,-1
37.04500,127.04675,50,과속단속,-1
37.04485,127.04732,50,과속단속,-1
36.45532,127.10761,30,과속단속,-1
36.47439,127.14309,50,과속단속,-1
35.33765,129.03225,30,보호구역,-1
36.31026,127.34726,30,보호구역,-1
36.29902,127.34342,30,보호구역,-1
36.30952,127.33691,30,보호구역,1
36.29868,127.33510,30,과속단속,1
36.29650,127.33460,30,보호구역,180
36.29912,127.32955,30,보호구역,-1
36.29774,127.32579,30,보호구역,-1
36.29814,127.32724,30,보호구역,-1
36.33222,127.37149,30,과속단속,-1
36.31202,127.37422,30,보호구역,-1
36.25055,127.33640,60,과속단속,-1
36.32581,127.38621,30,보호구역,-1
36.32352,127.38472,30,보호구역,-1
36.30644,127.34084,30,보호구역,-1
36.33897,127.38610,30,과속단속,-1
36.36118,127.45047,30,보호구역,-1
36.36108,127.45117,30,보호구역,-1
36.44589,127.41290,30,보호구역,-1
36.36164,127.44071,30,보호구역,-1
36.44698,127.43568,30,보호구역,-1
36.41340,127.43784,30,보호구역,-1
36.39718,127.42276,30,과속단속,197
36.36819,127.42785,30,보호구역,-1
36.36682,127.42800,30,보호구역,-1
36.36460,127.41030,30,과속단속,-1
36.36986,127.43323,30,보호구역,-1
36.36545,127.44402,30,보호구역,-1
36.36557,127.44390,30,보호구역,-1
36.36891,127.43796,30,보호구역,-1
36.36525,127.43456,30,보호구역,-1
36.43221,127.42056,30,보호구역,-1
36.44965,127.42169,30,보호구역,65
36.45413,127.43730,40,과속단속,320
36.45311,127.43541,30,보호구역,-1
36.34880,127.42157,30,보호구역,-1
36.34811,127.41276,30,보호구역,-1
36.35653,127.41198,30,보호구역,-1
36.36506,127.42860,30,보호구역,-1
36.34064,127.37737,30,과속단속,-1
36.32100,127.34411,30,보호구역,-1
36.30486,127.34539,30,보호구역,-1
36.30460,127.34494,30,보호구역,-1
36.29526,127.34072,30,보호구역,-1
34.52986,127.13849,30,보호구역,-1
34.52292,127.24512,30,보호구역,-1
34.52298,127.24539,30,보호구역,-1
34.60290,127.45640,30,보호구역,-1
34.60275,127.45605,30,보호구역,-1
34.67886,127.35856,30,보호구역,-1
34.67887,127.35807,30,보호구역,-1
34.72820,127.35355,30,보호구역,-1
34.72845,127.35392,30,보호구역,-1
34.60801,127.29012,30,보호구역,-1
34.60810,127.28981,30,보호구역,-1
34.51471,127.32062,40,과속단속,-1
34.58621,127.39487,60,과속단속,-1
34.62238,127.27314,60,과속단속,-1
35.18138,126.83276,90,과속단속,359
35.09753,126.90675,50,과속단속,-1
35.19858,126.93395,70,과속단속,176
35.11776,126.89888,60,과속단속,16
35.15606,126.93631,30,보호구역,-1
35.15605,126.93631,30,과속단속,-1
37.61034,127.02652,30,보호구역,-1
37.61020,127.02664,30,보호구역,-1
37.61764,127.04808,30,보호구역,-1
37.62177,127.05183,50,과속단속,-1
37.66233,127.06171,30,보호구역,-1
37.51906,126.92637,50,과속단속,141
37.47616,126.75238,60,과속단속,140
36.35140,127.38267,50,과속단속,270
36.25433,127.34069,60,보호구역,-1
36.33941,127.37451,50,과속단속,80
36.33957,127.43328,50,과속단속,-1
36.32251,127.41208,50,과속단속,197
35.58221,127.22135,60,과속단속,-1
35.54253,127.32935,30,보호구역,-1
35.68388,127.22975,60,과속단속,-1
35.63001,127.30468,50,과속단속,-1
35.52099,127.28245,60,과속단속,-1
35.67517,127.27087,30,보호구역,-1
35.60866,127.27129,30,보호구역,-1
35.60813,127.27296,30,보호구역,-1
35.62922,127.29106,30,보호구역,-1
34.64657,127.27506,30,보호구역,-1
34.50302,127.46756,30,보호구역,-1
34.56958,127.34153,30,보호구역,-1
37.44855,126.90313,50,과속단속,-1
36.32015,127.26391,80,과속단속,11
36.29345,127.32034,60,과속단속,197
37.61862,126.91674,30,보호구역,-1
37.51662,126.85367,30,보호구역,-1
37.54271,126.88099,30,보호구역,-1
37.53937,126.87597,30,보호구역,-1
37.54324,126.87402,30,보호구역,-1
37.52313,126.86140,30,보호구역,-1
37.52038,126.86145,30,보호구역,-1
37.52278,126.87288,30,보호구역,-1
37.53301,126.88366,30,보호구역,-1
37.52359,126.84843,30,보호구역,-1
37.52577,126.85086,30,보호구역,-1
37.57237,126.96025,50,과속단속,241
37.62868,127.01789,30,보호구역,-1
37.56452,127.17521,50,과속단속,-1
37.56420,127.07637,50,과속단속,204
37.61445,126.90996,50,보호구역,-1
37.58040,127.02210,30,과속단속,-1
37.53146,126.89413,50,과속단속,212
37.47352,127.03845,50,과속단속,180
37.63487,126.93084,30,보호구역,-1
36.27971,127.25620,70,과속단속,321
36.36242,127.39333,30,보호구역,-1
36.35136,127.39651,30,보호구역,270
36.34562,127.39027,30,보호구역,-1
36.35569,127.40035,30,보호구역,-1
36.35568,127.36852,30,보호구역,-1
36.35445,127.36934,30,보호구역,-1
36.36747,127.37981,50,과속단속,-1
36.36722,127.37680,30,보호구역,-1
36.36747,127.37420,30,보호구역,-1
36.35342,127.39504,30,보호구역,-1
36.35347,127.39380,30,보호구역,-1
36.34502,127.36863,50,과속단속,-1
36.35501,127.35788,30,보호구역,-1
36.35864,127.39539,30,보호구역,-1
36.36106,127.37417,30,보호구역,-1
36.34912,127.38083,30,보호구역,178
36.35996,127.36694,30,보호구역,-1
36.35233,127.40848,30,보호구역,-1
36.45194,127.42390,30,보호구역,-1
34.90958,127.64367,70,구간단속,-1
34.91767,127.62322,70,구간단속,-1
35.02747,126.85561,60,구간단속,-1
35.00092,126.87864,60,구간단속,-1
36.42065,128.14705,50,과속단속,47
36.30516,128.58707,60,과속단속,246
36.29006,128.57557,60,과속단속,333
36.41898,128.17239,30,보호구역,-1
36.42156,128.16028,30,보호구역,-1
36.41571,128.15641,30,보호구역,-1
36.41144,128.15773,30,보호구역,-1
36.40901,128.15996,30,보호구역,-1
36.41600,128.16981,30,보호구역,-1
35.74983,128.36081,30,보호구역,-1
35.74974,128.36085,30,보호구역,-1
35.82480,128.45251,30,보호구역,-1
36.80842,128.61146,40,과속단속,-1
34.85769,126.12911,30,보호구역,-1
34.52460,126.79220,50,과속단속,-1
34.52430,126.79200,50,과속단속,-1
35.32817,127.43942,80,과속단속,-1
35.25394,126.94400,50,과속단속,-1
34.70250,126.70836,80,과속단속,353
35.25886,126.80869,80,과속단속,323
34.74944,126.47556,60,과속단속,335
35.08853,126.49539,80,과속단속,-1
35.34369,126.46467,80,과속단속,154
34.77686,127.12931,80,과속단속,-1
35.01333,126.43264,80,과속단속,301
34.42797,126.57617,80,과속단속,139
34.54375,127.34494,60,과속단속,-1
34.48797,127.12161,60,과속단속,-1
37.56708,126.74793,30,과속단속,-1
37.54164,126.71876,30,과속단속,-1
37.53922,126.71842,30,과속단속,-1
37.67286,126.74777,30,보호구역,29
37.68385,126.77238,30,보호구역,105
37.64544,126.90961,60,과속단속,121
37.64543,126.90951,60,과속단속,121
37.64728,126.89264,30,보호구역,-1
37.64278,126.88775,60,과속단속,-1
35.95623,128.48983,30,보호구역,-1
35.93630,128.49292,80,과속단속,29
36.58856,128.21064,40,과속단속,-1
36.77110,128.31581,30,보호구역,-1
36.68147,128.12632,30,보호구역,-1
36.68737,129.12310,60,과속단속,-1
36.89157,128.74041,30,보호구역,-1
36.70164,129.12468,40,과속단속,-1
35.97499,128.94795,40,과속단속,-1
36.57147,128.18204,30,보호구역,-1
35.91440,129.00989,40,보호구역,-1
35.96105,128.93300,30,보호구역,-1
35.96417,128.92112,30,보호구역,-1
37.55075,126.74350,30,과속단속,-1
37.57943,126.73452,30,과속단속,-1
37.57932,126.73368,30,과속단속,-1
37.54733,126.74035,30,과속단속,-1
37.54651,126.74228,30,과속단속,-1
37.54352,126.71908,50,과속단속,-1
37.54414,126.71885,30,과속단속,-1
37.55659,126.74580,30,과속단속,-1
37.53221,126.71743,30,과속단속,-1
37.57932,126.77929,30,과속단속,-1
37.52533,126.71944,30,과속단속,-1
37.52553,126.71921,30,과속단속,-1
37.53503,126.72787,30,과속단속,-1
37.53537,126.72806,30,과속단속,-1
37.52788,126.72982,30,과속단속,-1
37.52797,126.73019,30,과속단속,-1
37.52779,126.73634,30,과속단속,-1
37.52793,126.73611,30,과속단속,-1
37.52785,126.71695,30,과속단속,-1
37.52798,126.71654,30,과속단속,-1
37.53783,126.74185,30,과속단속,-1
37.53790,126.74399,50,과속단속,-1
37.53352,126.74156,30,과속단속,-1
37.53466,126.74116,30,과속단속,-1
37.54136,126.74206,30,과속단속,-1
37.54099,126.74180,30,과속단속,-1
37.56844,126.74776,30,과속단속,-1
37.57011,126.81915,30,보호구역,-1
37.57266,126.80577,30,보호구역,-1
37.56356,126.81073,30,보호구역,-1
37.57603,126.82010,30,보호구역,-1
37.57608,126.81427,30,보호구역,-1
37.56143,126.86028,30,보호구역,-1
37.56539,126.84974,30,보호구역,-1
35.85585,128.46796,60,과속단속,312
37.55903,126.75869,30,과속단속,-1
37.52719,126.74352,30,과속단속,-1
37.55055,126.74299,30,과속단속,-1
35.55347,126.86373,50,과속단속,-1
35.67175,126.84926,50,과속단속,-1
35.67118,126.84632,50,과속단속,-1
35.58416,126.85598,30,보호구역,-1
35.55859,126.86643,30,보호구역,-1
35.57859,126.84953,30,보호구역,-1
35.80782,127.14977,30,보호구역,-1
35.81656,127.12021,30,보호구역,-1
35.83752,127.11234,30,보호구역,-1
35.83350,127.10025,30,보호구역,-1
35.83562,127.11448,30,보호구역,-1
35.86881,127.07725,30,보호구역,-1
35.88314,127.10957,30,보호구역,328
35.84144,127.15490,30,보호구역,343
35.85753,127.15159,30,보호구역,-1
35.78476,127.13272,30,보호구역,-1
35.87687,127.13539,30,보호구역,-1
35.83087,127.16339,30,보호구역,-1
37.51023,126.90449,30,보호구역,-1
37.50864,126.91105,30,보호구역,357
37.50133,126.91647,30,보호구역,-1
37.48694,126.90243,30,보호구역,-1
37.52070,126.92297,30,과속단속,-1
37.49833,126.89863,50,과속단속,-1
37.50793,126.90596,30,보호구역,-1
37.52690,126.90549,50,과속단속,-1
35.19983,129.11098,30,보호구역,-1
35.21138,129.10078,30,보호구역,-1
35.20160,129.10436,30,보호구역,-1
35.20842,129.09887,30,보호구역,-1
35.19751,129.06901,30,보호구역,-1
36.55893,126.34554,60,과속단속,-1
36.50680,126.34997,60,과속단속,-1
36.88390,126.63860,30,보호구역,-1
36.13410,127.50210,30,보호구역,-1
36.06160,127.55600,30,보호구역,-1
36.05000,127.43740,30,보호구역,-1
36.10260,127.50400,50,과속단속,-1
36.10270,127.50390,50,과속단속,-1
36.18970,127.46660,40,과속단속,136
36.16510,127.39820,30,보호구역,-1
36.22480,127.50850,30,보호구역,-1
36.16790,127.52610,30,보호구역,-1
36.10265,127.48032,30,보호구역,-1
36.04299,127.50424,30,보호구역,-1
36.21010,127.37833,30,보호구역,-1
36.14472,127.37136,30,보호구역,-1
36.11129,127.54678,30,보호구역,-1
34.86745,126.30994,30,보호구역,-1
35.56126,126.87193,30,보호구역,-1
35.56136,126.87194,30,보호구역,-1
35.57132,126.84754,30,보호구역,-1
35.55379,126.86414,50,과속단속,-1
35.08306,128.09059,30,보호구역,-1
34.93500,128.08030,30,보호구역,-1
34.93026,128.06493,30,보호구역,-1
35.07529,128.08756,30,보호구역,-1
38.02025,127.18765,70,과속단속,109
38.01637,127.15500,70,과속단속,195
37.84699,127.08039,80,과속단속,123
37.82915,127.09871,30,보호구역,-1
35.26697,129.22405,30,보호구역,-1
35.31025,129.24094,30,보호구역,-1
35.34617,129.25439,30,보호구역,-1
35.25487,129.08782,30,보호구역,-1
35.24756,129.09709,30,보호구역,-1
35.21823,129.11005,30,보호구역,196
35.22287,129.09239,30,보호구역,-1
35.26253,129.08820,30,보호구역,-1
35.21400,129.02953,30,보호구역,-1
35.23149,129.01012,30,보호구역,-1
35.21101,129.03286,30,보호구역,-1
35.21041,129.01897,50,보호구역,-1
35.19782,128.99589,50,보호구역,-1
35.20462,129.11269,30,보호구역,-1
35.19000,129.11855,30,보호구역,-1
35.16546,129.16665,30,보호구역,-1
35.22930,129.15785,30,보호구역,-1
35.19098,129.12329,30,보호구역,-1
35.18608,129.12545,30,보호구역,-1
35.20887,129.11753,30,보호구역,-1
37.85772,128.82984,30,보호구역,-1
37.85762,128.82989,30,보호구역,-1
37.80339,127.77365,50,과속단속,-1
37.87017,127.75426,30,보호구역,-1
37.92222,127.72853,30,보호구역,270
37.91279,127.73251,30,보호구역,-1
37.87679,127.74736,30,보호구역,-1
37.90473,127.73909,30,보호구역,-1
37.88409,127.75892,30,보호구역,-1
37.85170,127.74121,30,보호구역,-1
37.89479,127.75342,30,보호구역,-1
37.85613,127.74294,30,보호구역,-1
37.84912,127.74392,30,보호구역,-1
35.51500,128.87576,30,보호구역,-1
35.48451,128.66435,80,과속단속,-1
35.48452,128.66430,80,과속단속,221
35.12611,128.55060,80,과속단속,180
35.17829,128.56692,60,과속단속,-1
35.17869,128.56713,60,과속단속,-1
35.52024,127.72614,30,보호구역,-1
35.50314,127.71792,40,보호구역,-1
35.52498,127.76533,70,과속단속,-1
35.52252,127.73144,30,보호구역,-1
35.62867,127.78527,60,과속단속,-1
35.03393,127.90002,30,보호구역,-1
34.97882,128.06256,50,보호구역,-1
34.94108,128.09898,30,보호구역,-1
35.08325,128.09070,30,보호구역,-1
37.77332,128.91420,30,보호구역,-1
37.78115,128.91505,30,보호구역,-1
37.75281,128.88832,30,보호구역,-1
37.67375,128.83731,30,보호구역,-1
37.82154,128.84962,30,보호구역,-1
37.88618,128.82548,30,보호구역,-1
37.34681,127.95824,30,보호구역,-1
37.31211,127.82214,30,보호구역,228
37.34131,127.95840,30,보호구역,-1
37.37941,127.87474,30,보호구역,355
37.34333,127.97956,50,보호구역,-1
37.33076,127.92869,30,보호구역,-1
37.37671,127.95023,30,보호구역,334
37.32173,127.96379,30,보호구역,318
37.34090,127.88046,60,과속단속,242
37.32245,127.93976,50,과속단속,189
37.30891,127.91666,60,과속단속,174
37.61108,129.03422,40,보호구역,-1
37.72564,128.96496,30,보호구역,146
37.73052,128.90071,30,보호구역,-1
37.76039,128.87032,30,보호구역,-1
37.75911,128.88614,30,보호구역,-1
37.75634,128.90944,30,보호구역,-1
37.75760,128.92197,30,보호구역,-1
37.68795,129.03394,30,보호구역,-1
37.74503,128.89114,30,보호구역,-1
37.74389,128.87695,30,보호구역,-1
37.71885,128.83266,30,보호구역,-1
37.77024,128.87913,30,보호구역,-1
37.77469,128.92885,30,보호구역,-1
37.76598,128.88254,40,보호구역,-1
37.49159,127.99200,30,보호구역,-1
37.56475,128.34834,30,보호구역,-1
37.66979,128.60002,40,보호구역,-1
37.68712,128.69278,40,보호구역,-1
37.42676,128.39150,30,보호구역,-1
37.64542,128.49201,30,보호구역,-1
37.57620,128.42162,40,보호구역,-1
37.21667,128.67225,30,보호구역,-1
37.47248,128.72731,30,보호구역,-1
37.26801,128.74015,30,보호구역,-1
37.49530,128.84865,30,보호구역,-1
37.27409,128.87171,30,보호구역,-1
37.22884,128.83448,30,보호구역,-1
37.22044,128.64576,30,보호구역,-1
37.38675,128.67091,30,보호구역,-1
37.38077,128.65986,30,보호구역,-1
37.70167,127.85207,50,과속단속,-1
37.34333,127.97956,50,과속단속,-1
38.14872,128.60483,30,보호구역,-1
38.14877,128.60482,30,보호구역,-1
38.05640,128.60809,40,보호구역,-1
38.19537,128.59705,30,보호구역,-1
38.19127,128.57819,30,보호구역,-1
38.18709,128.58786,30,보호구역,-1
38.20284,128.58110,30,보호구역,-1
38.20409,128.57774,30,보호구역,-1
37.19138,128.96063,60,과속단속,327
37.16681,129.02589,60,과속단속,-1
37.52775,126.80725,30,보호구역,-1
37.47483,126.80284,30,보호구역,-1
34.94744,128.34434,70,과속단속,173
38.06940,127.00417,50,과속단속,-1
38.06980,127.00408,50,과속단속,-1
37.88990,127.13369,70,과속단속,-1
37.89212,127.06078,30,보호구역,-1
37.91348,127.06428,30,보호구역,-1
37.90745,127.05832,40,보호구역,-1
37.60754,127.13430,40,보호구역,348
37.58769,127.13180,40,보호구역,269
37.62993,127.12019,30,보호구역,-1
38.07072,127.99217,30,보호구역,-1
38.19137,127.59781,30,보호구역,-1
38.11866,127.53082,30,보호구역,-1
38.05889,127.66499,30,보호구역,-1
38.21188,127.66238,30,보호구역,-1
38.21478,127.21347,30,보호구역,-1
38.21441,127.21375,30,보호구역,-1
38.22990,128.20738,40,보호구역,-1
38.06440,128.17032,30,보호구역,-1
38.12766,128.20722,30,과속단속,-1
38.37436,128.41404,40,보호구역,-1
38.37450,128.41418,40,보호구역,-1
37.38297,127.23311,50,과속단속,-1
37.06303,127.06636,30,보호구역,-1
37.23584,127.06436,30,보호구역,-1
37.23238,127.05869,30,보호구역,-1
37.16723,126.98411,30,보호구역,-1
37.31169,126.86712,30,보호구역,231
37.28707,126.86136,30,보호구역,-1
37.30009,126.84803,30,보호구역,326
37.33324,126.84462,30,보호구역,-1
37.33641,126.85530,30,보호구역,214
37.32931,126.86131,30,보호구역,-1
37.10764,127.48492,60,과속단속,-1
37.13432,127.49181,60,과속단속,-1
37.18295,126.86583,70,과속단속,160
37.19801,126.87580,50,과속단속,-1
37.24374,126.94790,50,과속단속,268
36.99080,127.10694,30,보호구역,104
37.10729,127.03514,30,보호구역,-1
37.01866,126.91312,30,보호구역,253
36.96469,127.05944,30,보호구역,-1
37.00277,127.08297,30,보호구역,-1
37.00223,127.07909,30,보호구역,-1
36.99694,127.10841,30,보호구역,-1
37.05637,127.02786,50,과속단속,41
37.05891,127.03277,50,과속단속,272
37.47516,126.79725,30,보호구역,-1
36.10498,128.51205,80,과속단속,134
36.00749,128.39854,70,과속단속,-1
36.11872,128.12273,30,보호구역,125
36.12151,128.17445,30,보호구역,-1
35.82616,128.71874,30,보호구역,-1
35.81531,128.73888,30,보호구역,-1
35.86158,128.77183,50,보호구역,-1
35.81240,128.77617,50,보호구역,-1
35.94920,128.83660,40,보호구역,-1
35.91169,128.81202,30,과속단속,-1
36.08181,129.40210,30,보호구역,-1
36.07912,129.39222,30,보호구역,-1
36.02583,129.34098,50,과속단속,-1
35.98430,129.40151,30,보호구역,-1
35.96044,129.40873,30,보호구역,-1
35.96916,129.41609,30,보호구역,-1
36.13252,128.13996,50,과속단속,-1
36.12512,128.17019,60,과속단속,38
36.11738,128.13973,30,보호구역,64
35.98620,128.42000,60,과속단속,-1
36.15951,128.42825,50,과속단속,-1
36.14753,128.42788,50,과속단속,-1
37.53622,126.63210,50,과속단속,-1
37.54766,126.62119,50,과속단속,188
37.54775,126.62186,50,과속단속,8
35.07100,128.83498,60,과속단속,360
35.07075,128.83454,60,과속단속,180
35.08328,128.83493,60,과속단속,359
36.17463,128.54788,100,구간단속,126
36.27063,128.41654,100,구간단속,111
36.65496,128.44924,30,보호구역,-1
36.66137,128.46059,30,보호구역,-1
36.64904,128.46016,30,보호구역,-1
36.10534,128.35364,50,과속단속,120
36.10569,128.35340,50,과속단속,300
36.07461,129.33257,80,과속단속,227
36.06661,129.37897,50,과속단속,-1
36.02948,129.37430,30,보호구역,-1
36.99434,129.40113,30,보호구역,-1
36.99492,129.40131,30,보호구역,-1
35.86767,129.22383,60,과속단속,21
35.86882,129.22422,60,과속단속,200
36.01505,129.34505,50,과속단속,211
36.06696,129.38676,40,보호구역,-1
36.10435,128.49065,30,보호구역,-1
36.53801,129.40999,30,보호구역,-1
36.41273,129.36976,30,보호구역,-1
35.90007,128.82453,60,과속단속,44
35.81309,128.76004,30,보호구역,-1
35.83439,128.72601,60,과속단속,106
35.84253,129.18907,30,보호구역,-1
35.99281,129.22082,30,보호구역,-1
35.82382,129.13193,30,보호구역,-1
35.67573,129.33339,30,보호구역,-1
35.88457,129.22847,30,보호구역,-1
35.69817,129.47173,30,보호구역,-1
35.43510,126.70403,30,보호구역,-1
35.43498,126.70403,30,보호구역,-1
35.40399,126.68516,30,보호구역,-1
34.56324,126.29739,70,과속단속,-1
34.43933,126.29736,50,과속단속,-1
34.46052,126.27744,60,과속단속,-1
36.63925,128.45388,60,과속단속,280
36.63842,128.45367,60,과속단속,-1
36.13826,128.42701,30,보호구역,-1
36.12484,128.33758,50,과속단속,-1
36.14376,128.41924,50,과속단속,17
36.14413,128.42405,30,보호구역,-1
36.09415,128.43730,30,보호구역,-1
36.13816,128.43358,50,보호구역,254
35.77790,129.29540,60,과속단속,-1
35.78169,129.44233,70,과속단속,-1
35.98603,129.15293,80,과속단속,238
35.93877,129.24767,80,과속단속,179
35.87114,129.21530,50,과속단속,-1
35.83908,129.08391,60,과속단속,-1
36.65110,128.45307,50,과속단속,-1
36.77781,128.64883,80,과속단속,109
35.84168,128.73311,60,과속단속,-1
35.80360,129.26306,50,보호구역,-1
36.06026,129.23485,70,과속단속,97
36.60670,129.41145,80,과속단속,25
36.56316,128.72853,40,보호구역,92
36.56394,128.69744,30,보호구역,-1
34.92149,127.66288,70,과속단속,-1
34.92290,127.61980,70,과속단속,-1
38.15770,127.10112,60,과속단속,-1
38.15818,127.10117,60,과속단속,-1
37.60206,126.65738,50,과속단속,-1
37.55234,126.67681,60,과속단속,-1
37.48067,126.63299,30,과속단속,-1
37.47437,126.64662,30,과속단속,-1
37.46191,126.68589,30,과속단속,-1
37.46215,126.68604,30,과속단속,-1
37.43926,126.65863,30,과속단속,-1
37.43929,126.65839,30,과속단속,-1
37.43927,126.67360,30,과속단속,-1
37.43989,126.67090,50,과속단속,254
37.75618,126.50244,70,과속단속,324
35.85803,126.79934,40,과속단속,-1
35.85811,126.79931,40,과속단속,-1
35.85710,126.77568,40,과속단속,-1
35.85717,126.77568,40,과속단속,-1
35.86207,126.74661,40,과속단속,-1
35.86214,126.74661,40,과속단속,-1
35.52483,126.55265,30,보호구역,-1
35.47760,126.73758,30,보호구역,-1
35.35642,126.64521,30,보호구역,-1
35.55751,126.62763,30,보호구역,-1
35.32802,126.56354,30,보호구역,-1
35.37714,126.51271,30,보호구역,-1
35.55582,129.32507,60,과속단속,216
35.51161,129.37075,70,구간단속,288
35.50979,129.41044,70,구간단속,294
35.50975,129.41025,70,구간단속,109
35.51150,129.37073,70,구간단속,108
35.18859,129.07429,50,과속단속,297
35.07173,128.97664,50,과속단속,-1
35.26021,129.09117,50,과속단속,-1
35.08885,128.91216,70,과속단속,91
35.15148,128.88114,60,과속단속,-1
35.17208,128.90011,70,과속단속,-1
35.15764,129.05040,50,과속단속,206
35.18325,129.05081,50,과속단속,225
35.05693,128.95688,70,과속단속,-1
35.08212,129.01241,50,과속단속,216
35.19777,128.89551,80,과속단속,29
35.12987,129.04964,50,과속단속,-1
35.20207,128.65385,80,구간단속,99
35.17206,128.61964,80,구간단속,62
35.06635,126.52568,60,과속단속,322
35.17729,127.62957,60,과속단속,-1
34.97740,127.57301,30,과속단속,-1
34.58230,127.34890,50,과속단속,-1
34.98900,127.74373,60,과속단속,-1
34.55440,127.37580,60,과속단속,-1
34.56260,127.41330,50,과속단속,-1
34.57070,127.43510,60,과속단속,-1
36.03266,127.05277,40,과속단속,-1
36.03180,127.05250,40,과속단속,-1
36.00950,127.05170,40,과속단속,-1
36.00957,127.05278,40,과속단속,-1
35.98790,126.97876,60,과속단속,360
35.99919,126.97657,60,과속단속,170
35.47035,127.59702,50,과속단속,-1
35.46961,127.59765,50,과속단속,-1
35.49202,127.47606,30,보호구역,-1
35.49208,127.47715,30,보호구역,-1
35.89917,127.09807,60,과속단속,-1
35.95837,128.71455,60,구간단속,-1
35.96313,128.73914,60,구간단속,-1
35.78728,128.63875,60,과속단속,139
35.85853,128.52091,50,과속단속,-1
35.83707,128.53089,60,과속단속,87
35.84314,128.69507,60,과속단속,273
35.85387,128.62570,60,과속단속,5
35.94174,128.56358,50,과속단속,-1
35.89255,128.60966,50,과속단속,-1
35.84438,128.58877,50,과속단속,-1
35.86887,128.57114,50,과속단속,-1
35.86139,128.56864,60,과속단속,-1
35.86253,128.60708,60,과속단속,-1
35.65660,128.45272,70,과속단속,6
35.87999,128.53332,60,과속단속,207
36.14510,127.16970,30,보호구역,-1
36.21290,127.06040,30,보호구역,-1
36.18210,127.20390,30,보호구역,-1
36.21710,127.21730,30,보호구역,-1
36.16960,127.06820,30,보호구역,-1
37.58691,127.13467,30,보호구역,-1
36.77947,127.57961,30,보호구역,-1
36.77905,127.57654,30,보호구역,-1
36.78351,127.58831,30,보호구역,-1
36.75282,127.61322,30,보호구역,-1
36.81669,127.61249,30,보호구역,-1
36.97535,127.80222,70,과속단속,-1
37.42835,126.76385,50,과속단속,-1
35.78113,127.40535,70,과속단속,-1
35.90066,127.56848,70,과속단속,-1
35.90084,127.56833,70,과속단속,-1
35.77997,127.35898,80,과속단속,305
35.73494,127.36889,30,보호구역,-1
35.96422,127.51919,30,보호구역,-1
35.96421,127.51911,30,보호구역,-1
35.92419,127.03090,40,과속단속,-1
35.92393,127.03154,40,과속단속,-1
35.93197,127.02304,40,과속단속,-1
35.93259,127.02096,40,과속단속,-1
36.00355,126.99134,40,과속단속,-1
36.00325,126.99093,40,과속단속,-1
35.42793,128.49584,100,과속단속,25
35.33861,129.01898,50,과속단속,-1
34.92996,128.08331,30,보호구역,-1
35.40689,128.80133,60,과속단속,-1
34.85875,127.89504,70,과속단속,208
35.10258,128.07048,100,과속단속,212
35.06615,127.99137,100,과속단속,227
35.17215,128.82000,50,과속단속,-1
35.23472,128.89015,50,과속단속,-1
34.96443,128.33442,70,과속단속,184
35.71487,127.85432,60,과속단속,-1
34.88796,128.62609,50,과속단속,339
34.88328,128.62060,50,과속단속,-1
36.20062,127.03234,30,보호구역,-1
36.12176,127.11638,30,보호구역,-1
36.12164,127.11634,30,보호구역,-1
36.24302,127.08155,30,보호구역,-1
36.16743,127.10598,30,보호구역,-1
36.27646,127.12268,30,보호구역,-1
36.20739,127.26722,30,보호구역,-1
36.21232,127.19597,30,보호구역,-1
36.16226,127.31634,30,보호구역,-1
36.21241,127.16130,30,보호구역,-1
36.12910,127.10220,30,보호구역,-1
36.29290,127.14190,30,보호구역,-1
37.38554,127.23515,70,과속단속,191
35.07729,128.37394,70,과속단속,167
35.06406,128.37296,70,과속단속,203
35.11005,127.80832,30,보호구역,-1
35.17938,127.88249,30,보호구역,-1
35.23686,128.54723,60,보호구역,106
35.25421,128.51998,30,보호구역,-1
35.25440,128.51957,30,보호구역,-1
35.68240,127.91520,30,보호구역,-1
35.75017,127.91408,30,보호구역,-1
35.65827,127.94588,40,보호구역,-1
35.68754,127.90998,30,보호구역,-1
35.68726,127.91003,30,보호구역,-1
35.17755,128.79954,40,보호구역,180
35.18848,128.80445,40,보호구역,248
35.23306,128.85885,40,보호구역,-1
35.23750,128.86133,40,보호구역,-1
35.46962,128.76269,60,과속단속,37
35.43500,128.14293,80,과속단속,177
35.55094,127.76639,60,과속단속,-1
35.07819,127.73964,50,과속단속,-1
34.84613,128.42387,40,과속단속,-1
35.12214,128.79580,80,과속단속,124
35.36670,128.70121,70,과속단속,-1
35.19954,128.55672,60,과속단속,205
35.55879,128.48168,70,과속단속,-1
35.18887,128.24396,50,과속단속,-1
37.08099,126.80056,30,보호구역,-1
37.14020,126.70238,30,보호구역,-1
37.16381,126.70803,60,과속단속,-1
37.21581,126.96929,30,보호구역,-1
37.23644,126.95525,30,보호구역,-1
37.11551,126.90501,30,보호구역,-1
37.13119,126.91300,30,보호구역,-1
37.13020,126.91531,30,보호구역,-1
37.17324,126.93383,30,보호구역,-1
37.11409,126.91198,50,과속단속,-1
37.11408,126.91277,50,과속단속,-1
37.08078,126.95055,30,보호구역,-1
37.20402,126.82252,50,과속단속,-1
37.20024,126.82315,30,보호구역,-1
37.21872,126.95479,30,보호구역,-1
37.24770,126.89135,70,과속단속,225
37.12807,126.93042,70,과속단속,6
37.10758,126.97006,30,보호구역,-1
37.10757,126.97008,30,보호구역,-1
37.11711,126.90653,60,과속단속,130
37.11753,126.90605,60,과속단속,292
37.09476,126.89461,30,보호구역,-1
37.19861,126.82699,50,과속단속,-1
37.73233,126.59123,30,보호구역,-1
37.40082,127.24723,70,과속단속,96
35.10891,128.92160,30,보호구역,-1
35.08577,128.87400,30,보호구역,-1
35.08052,128.97673,30,보호구역,94
35.09102,128.97809,50,보호구역,-1
35.10378,128.98159,30,보호구역,-1
35.08310,129.04280,30,보호구역,-1
35.07385,129.07177,30,보호구역,-1
35.11849,129.01432,50,보호구역,123
37.00022,127.13139,30,보호구역,-1
37.12172,127.48485,60,과속단속,-1
37.30437,127.00452,50,과속단속,123
37.30023,126.99620,30,보호구역,20
37.30637,127.01378,50,과속단속,-1
37.24841,127.06121,30,보호구역,-1
37.25600,127.07589,50,과속단속,38
37.27210,127.06303,30,보호구역,-1
37.64685,126.55276,30,보호구역,-1
37.65544,126.62326,30,보호구역,-1
37.64187,126.63356,30,보호구역,-1
37.59753,126.76578,30,보호구역,-1
37.12269,126.89403,60,과속단속,-1
37.10621,126.90366,50,과속단속,-1
37.10614,126.90418,50,과속단속,-1
37.13033,126.90230,30,보호구역,-1
37.16896,126.89423,60,과속단속,284
37.16878,126.89410,60,과속단속,-1
33.37693,126.87362,50,과속단속,211
33.48188,126.49607,50,과속단속,-1
33.48588,126.60400,50,과속단속,262
33.45992,126.44706,70,과속단속,38
33.46131,126.51250,80,과속단속,265
33.26058,126.49464,60,구간단속,69
33.26239,126.44910,60,구간단속,102
33.26393,126.55350,50,구간단속,-1
33.26068,126.51724,50,구간단속,-1
33.46628,126.65996,60,구간단속,-1
33.43436,126.67180,60,구간단속,-1
33.49397,126.45592,50,구간단속,-1
33.48275,126.46283,50,구간단속,-1
37.53051,126.78496,30,보호구역,-1
37.51175,126.80531,30,보호구역,-1
37.49297,126.76297,30,보호구역,-1
37.48999,126.74789,30,보호구역,-1
37.49886,126.76572,30,보호구역,-1
37.49804,126.77146,30,보호구역,-1
37.47808,126.77290,30,보호구역,-1
37.46811,126.79893,30,보호구역,-1
35.15330,129.00162,30,보호구역,-1
35.12846,128.97378,30,보호구역,-1
35.17341,128.98632,30,보호구역,-1
35.15617,128.98898,30,보호구역,-1
35.15803,128.98167,30,보호구역,-1
37.50515,128.10386,40,보호구역,-1
37.48994,127.99342,30,보호구역,-1
37.75783,128.01553,100,구간단속,272
37.78817,128.12143,100,구간단속,267
34.64215,126.31740,70,과속단속,23
34.64607,126.31818,70,과속단속,182
34.58962,126.64797,80,과속단속,322
34.69831,126.34636,70,과속단속,-1
35.23986,127.01905,30,보호구역,-1
35.30173,126.93108,30,보호구역,-1
35.22347,126.97471,30,보호구역,-1
35.29558,127.00783,50,과속단속,-1
35.29567,127.00715,50,과속단속,-1
35.33832,126.94808,80,과속단속,80
35.40368,126.90232,80,과속단속,-1
35.26488,126.80568,70,과속단속,341
37.50558,127.07503,30,보호구역,-1
37.51060,127.12108,30,과속단속,-1
37.50699,127.08350,30,보호구역,-1
37.50212,127.09211,30,보호구역,-1
37.50845,127.13060,30,보호구역,-1
37.52187,127.10729,30,보호구역,-1
37.50264,127.10397,30,보호구역,-1
37.53027,127.11389,30,보호구역,-1
37.53433,127.11700,30,보호구역,-1
37.51264,127.11983,30,보호구역,-1
37.48445,127.12625,30,보호구역,-1
37.55819,128.10764,30,보호구역,-1
37.42024,128.16499,40,보호구역,-1
36.90721,128.77256,60,과속단속,-1
36.88470,128.73342,50,과속단속,124
36.09036,128.35796,30,보호구역,-1
36.14140,128.31645,30,보호구역,-1
36.16201,128.34495,30,보호구역,-1
35.79997,128.40846,60,과속단속,-1
35.79417,128.26458,80,과속단속,113
35.70601,128.25167,60,과속단속,-1
35.74146,128.27417,60,과속단속,-1
37.52567,126.72250,50,과속단속,-1
37.52750,126.74377,30,과속단속,-1
36.66732,127.48550,50,보호구역,-1
36.64771,127.48912,50,보호구역,87
36.57892,127.57816,60,보호구역,-1
36.65522,127.48100,30,보호구역,-1
36.67012,127.48026,30,보호구역,-1
36.60742,127.48476,30,보호구역,-1
36.61704,127.45578,30,보호구역,-1
36.61981,127.44807,30,보호구역,-1
36.62654,127.50443,30,보호구역,-1
36.62377,127.51623,30,보호구역,-1
36.60766,127.50874,30,보호구역,-1
36.61254,127.50231,30,보호구역,-1
36.61415,127.50902,30,보호구역,-1
36.61986,127.49709,50,보호구역,-1
36.61142,127.49499,30,보호구역,-1
36.54730,127.49333,30,보호구역,-1
36.63130,127.44098,30,보호구역,-1
36.47557,127.42634,60,보호구역,1
36.89230,128.72461,50,과속단속,-1
36.07412,128.41744,30,보호구역,-1
36.28204,128.35440,30,보호구역,-1
36.28085,128.35237,50,과속단속,-1
36.11823,128.42792,30,보호구역,-1
36.11952,128.37400,40,보호구역,-1
36.40961,129.06545,60,과속단속,-1
35.52464,128.91259,30,보호구역,-1
35.04544,128.44421,30,보호구역,-1
34.99880,128.18667,30,보호구역,-1
35.08827,128.33470,30,보호구역,-1
35.05402,128.20634,30,보호구역,-1
35.01482,128.29799,30,보호구역,-1
35.37551,129.15238,30,보호구역,-1
35.12442,128.78487,30,보호구역,-1
35.15440,128.70232,30,보호구역,-1
35.15704,128.68611,30,보호구역,-1
34.94281,128.71681,30,보호구역,-1
34.89567,128.63015,30,보호구역,-1
34.82062,128.60957,30,보호구역,-1
34.82709,128.70588,50,보호구역,-1
34.91179,128.65235,50,보호구역,253
34.91200,128.65324,50,보호구역,255
34.86463,128.69044,30,보호구역,-1
34.86965,128.67929,30,보호구역,-1
35.33138,128.84741,30,보호구역,-1
35.30977,128.73532,30,보호구역,-1
35.27107,128.86337,30,보호구역,-1
35.16987,128.81947,30,보호구역,-1
35.23235,128.85176,50,과속단속,110
35.58539,128.88086,30,보호구역,-1
35.00087,128.40261,50,과속단속,-1
35.15910,128.57654,30,보호구역,-1
35.15551,128.58099,50,과속단속,-1
37.40436,126.74001,60,과속단속,-1
35.63083,129.35687,30,보호구역,-1
35.57915,129.31935,30,보호구역,-1
35.50466,129.42516,30,보호구역,-1
35.54149,129.42631,30,과속단속,-1
35.53141,129.32406,30,보호구역,336
35.52871,129.32547,30,보호구역,-1
35.51549,129.33816,30,보호구역,-1
35.55300,129.26445,30,보호구역,-1
35.56818,129.26627,50,과속단속,-1
35.55892,129.30650,30,보호구역,-1
35.55915,129.30566,30,보호구역,-1
35.55283,129.34860,30,보호구역,-1
35.57406,129.34600,30,보호구역,-1
35.48356,129.41537,30,보호구역,-1
35.49536,129.42131,30,과속단속,-1
35.54947,129.25465,30,보호구역,-1
35.55827,129.32979,30,보호구역,-1
37.49248,126.96302,50,과속단속,-1
37.47697,127.05540,30,보호구역,-1
37.47781,127.05549,30,보호구역,-1
37.48025,127.05252,30,보호구역,-1
37.47876,127.05609,50,과속단속,322
35.32229,129.22552,70,구간단속,113
35.32909,129.18805,70,구간단속,110
35.15995,128.98667,50,보호구역,-1
35.47234,128.65268,30,보호구역,-1
35.47232,128.65270,30,보호구역,-1
35.52464,128.91257,30,보호구역,-1
35.64939,129.35843,70,과속단속,277
35.64855,129.35448,30,과속단속,-1
35.64841,129.35482,30,과속단속,-1
35.65301,129.35176,30,보호구역,-1
35.65322,129.35183,30,보호구역,-1
35.65234,129.35390,30,보호구역,-1
35.65257,129.35357,30,보호구역,-1
35.50722,129.30229,50,과속단속,-1
35.50754,129.30228,50,과속단속,-1
35.51206,129.29440,50,과속단속,-1
35.51364,129.29789,50,과속단속,-1
35.55462,129.34854,30,보호구역,-1
35.55444,129.34860,30,보호구역,237
35.56350,129.23023,30,보호구역,-1
35.56347,129.23051,30,보호구역,-1
35.56186,129.22228,30,보호구역,-1
35.56917,129.24862,30,보호구역,-1
35.57626,129.24082,30,보호구역,-1
35.57559,129.24084,30,보호구역,-1
35.40649,129.29016,30,보호구역,-1
35.49212,129.23326,30,보호구역,-1
35.46468,129.20720,30,보호구역,-1
35.57218,129.12529,30,보호구역,-1
35.57161,129.12542,30,보호구역,-1
35.55591,129.12741,30,보호구역,-1
35.50696,129.09238,30,보호구역,-1
35.58827,129.36019,50,과속단속,-1
35.59050,129.36579,30,보호구역,-1
36.90170,126.63958,30,보호구역,-1
37.68977,127.66549,30,보호구역,-1
37.62821,127.64819,40,보호구역,-1
37.42933,126.99745,30,보호구역,-1
37.49740,127.48934,50,과속단속,240
37.49167,127.51485,50,과속단속,-1
37.48983,127.50227,50,과속단속,-1
37.27262,126.94540,30,보호구역,-1
37.27966,126.97844,30,보호구역,-1
37.26434,127.04382,30,보호구역,-1
37.28286,126.99608,30,보호구역,-1
37.37509,127.13037,50,과속단속,-1
37.41885,127.13380,30,보호구역,-1
37.41863,127.13254,30,보호구역,-1
37.41371,127.15820,30,보호구역,-1
37.44724,127.16949,30,보호구역,-1
37.01921,127.09629,30,보호구역,26
37.01899,127.09580,30,보호구역,208
37.01798,127.09546,50,과속단속,135
37.01774,127.09621,50,과속단속,315
37.45158,127.15030,30,보호구역,-1
35.30196,126.58068,30,보호구역,-1
35.27737,126.50710,30,과속단속,-1
35.63058,129.32542,50,과속단속,-1
35.63058,129.32540,50,과속단속,-1
35.65157,129.34791,70,과속단속,279
36.78500,126.47510,50,과속단속,43
36.90608,126.44205,70,과속단속,347
36.93840,126.43290,50,과속단속,137
36.77920,126.44230,40,과속단속,-1
36.77910,126.44210,40,과속단속,-1
36.77890,126.46800,50,과속단속,43
36.77890,126.46780,50,과속단속,220
36.77150,126.46020,50,과속단속,40
36.77150,126.46040,50,과속단속,-1
36.89799,126.64762,50,과속단속,360
36.89796,126.64754,50,과속단속,360
36.89098,126.64757,50,과속단속,325
36.90230,126.69928,30,보호구역,-1
36.90233,126.69308,30,보호구역,8
36.95976,126.76890,30,보호구역,-1
36.80436,126.77821,30,보호구역,-1
36.89155,126.63152,30,보호구역,-1
36.89772,126.62188,30,보호구역,332
36.89867,126.63720,30,보호구역,-1
36.83621,126.60347,30,보호구역,-1
36.82368,126.78878,30,보호구역,-1
36.90070,126.49961,30,보호구역,-1
36.90936,126.75023,30,보호구역,-1
36.76484,126.76290,30,보호구역,-1
36.84214,126.71191,30,보호구역,-1
36.84958,126.76348,30,보호구역,-1
36.81695,126.66365,30,보호구역,-1
36.93284,126.67972,30,보호구역,-1
36.79590,127.08765,60,과속단속,236
36.88043,126.90813,70,과속단속,48
36.78606,126.51513,80,과속단속,152
36.78604,126.51545,80,과속단속,65
36.70350,127.10645,30,보호구역,-1
36.68909,127.15912,80,과속단속,315
36.82274,127.13970,30,보호구역,-1
36.82286,127.11257,50,과속단속,276
36.88642,126.73968,70,과속단속,-1
36.96803,126.59512,60,과속단속,185
36.97997,126.71284,70,과속단속,259
35.55534,128.46368,30,보호구역,-1
35.53603,128.50148,30,보호구역,-1
34.80119,128.39056,30,보호구역,-1
36.31340,126.85570,30,보호구역,-1
36.27520,126.90370,50,과속단속,344
36.27600,126.90140,50,과속단속,89
36.29660,126.89380,30,보호구역,-1
36.27550,126.87950,30,보호구역,-1
36.28630,126.92330,30,보호구역,-1
36.13300,127.10310,50,과속단속,324
36.29650,127.07800,30,보호구역,-1
36.76802,126.46157,30,보호구역,-1
36.76754,126.46187,30,보호구역,-1
36.91665,126.44275,70,과속단속,4
36.91595,126.44240,70,과속단속,184
36.76310,126.43840,60,과속단속,278
36.76260,126.44040,60,과속단속,-1
36.78560,126.43620,60,과속단속,-1
35.14554,129.07317,30,보호구역,-1
35.13654,129.08341,30,보호구역,-1
35.11577,129.08118,50,보호구역,-1
35.17939,129.06814,30,과속단속,-1
35.15027,129.05551,50,보호구역,-1
35.16861,129.03595,30,보호구역,-1
35.14826,129.02430,30,보호구역,-1
35.15380,129.04432,30,보호구역,-1
35.12508,129.03887,30,보호구역,-1
36.77388,126.69758,110,구간단속,153
36.83718,126.62962,110,구간단속,136
36.63889,127.11458,110,구간단속,315
36.72007,127.13257,110,구간단속,251
36.75790,126.20170,70,과속단속,248
36.44513,126.73639,70,과속단속,209
36.12660,127.49809,70,과속단속,-1
36.00793,126.73454,70,과속단속,-1
36.03840,126.70878,70,과속단속,161
36.21043,126.76070,70,과속단속,-1
36.68997,126.70570,80,과속단속,-1
36.65862,126.76647,60,과속단속,217
36.64954,126.67968,50,과속단속,-1
36.98747,126.58562,60,과속단속,300
36.33970,126.61807,40,과속단속,286
36.33371,126.56543,70,과속단속,256
36.42606,127.21766,70,과속단속,317
36.51239,127.12310,70,과속단속,185
36.20795,127.19453,70,과속단속,278
36.18870,127.09032,50,과속단속,-1
34.74156,127.68664,30,보호구역,-1
34.74033,127.74419,30,보호구역,-1
34.75497,127.70279,30,보호구역,-1
34.73444,127.72669,30,보호구역,-1
34.79621,127.63195,30,보호구역,-1
34.79649,127.63187,30,보호구역,-1
36.68383,127.17127,70,과속단속,233
36.55252,127.27773,70,과속단속,24
36.49979,127.24071,50,과속단속,272
36.50751,127.24989,40,과속단속,-1
36.52944,127.29551,50,과속단속,-1
36.50076,127.28319,50,과속단속,-1
36.50078,127.28340,50,과속단속,-1
36.53710,127.30414,50,과속단속,253
36.53711,127.30454,50,과속단속,162
36.49754,127.31002,50,과속단속,261
36.50001,127.32735,50,과속단속,227
35.17672,129.08970,30,보호구역,-1
35.18455,129.10893,40,보호구역,-1
35.17375,129.11458,30,보호구역,-1
35.15531,129.11632,50,보호구역,-1
35.17639,129.04697,30,보호구역,-1
35.15177,129.06832,30,보호구역,-1
35.17396,129.06931,50,보호구역,-1
35.17565,129.03071,30,보호구역,-1
35.16470,129.05534,30,보호구역,246
35.13093,129.04667,30,보호구역,-1
35.12465,129.07902,50,보호구역,62
35.10229,129.11555,50,보호구역,156
35.87481,128.75230,50,보호구역,79
35.87345,128.69691,50,과속단속,-1
35.86501,128.72171,30,보호구역,-1
35.92523,128.63642,30,보호구역,-1
35.87052,128.61965,40,보호구역,-1
35.88356,128.65843,30,보호구역,-1
35.86577,128.60343,50,과속단속,-1
35.86886,128.60844,50,보호구역,-1
35.86858,128.60886,50,보호구역,-1
35.79891,128.50106,50,과속단속,88
35.82384,128.55387,60,보호구역,-1
35.80593,128.53174,30,보호구역,-1
34.77109,127.70225,50,과속단속,-1
34.74847,127.62805,70,과속단속,179
34.74850,127.62813,70,과속단속,358
34.76521,127.63798,30,보호구역,-1
34.76239,127.60852,30,보호구역,-1
34.63931,127.62774,30,보호구역,-1
34.74052,127.64610,30,보호구역,-1
34.74564,127.65255,30,보호구역,-1
34.76264,127.66768,30,보호구역,-1
34.76142,127.67580,30,보호구역,-1
34.76533,127.70739,30,보호구역,-1
34.61665,127.72963,30,보호구역,-1
34.73150,127.72143,30,보호구역,-1
35.85696,128.61719,40,보호구역,-1
35.85733,128.61765,40,보호구역,-1
35.84241,128.63874,50,보호구역,-1
35.84257,128.63915,50,보호구역,-1
35.83122,128.70693,30,보호구역,-1
35.83080,128.70704,30,보호구역,-1
35.89783,128.62372,40,과속단속,-1
35.90116,128.60757,50,과속단속,-1
35.88288,128.58134,40,보호구역,15
35.87953,128.59587,50,과속단속,-1
35.88503,128.59432,40,보호구역,-1
35.88497,128.59315,40,과속단속,-1
35.89097,128.58661,30,보호구역,-1
35.89088,128.58707,30,보호구역,-1
35.83004,128.56130,30,보호구역,-1
35.84746,128.60426,50,과속단속,-1
35.84767,128.60382,50,과속단속,-1
35.87916,128.56331,50,과속단속,-1
35.86277,128.55227,30,과속단속,-1
35.86291,128.55177,30,과속단속,-1
35.88180,128.57936,30,보호구역,-1
35.86902,128.54632,50,보호구역,-1
35.95585,128.69198,60,과속단속,-1
35.95579,128.69158,60,과속단속,-1
35.88321,128.61292,30,보호구역,-1
35.87867,128.62116,30,보호구역,-1
35.88367,128.64382,30,보호구역,-1
35.88339,128.64382,30,보호구역,-1
35.89234,128.64348,50,과속단속,270
35.85230,128.51812,30,보호구역,-1
35.84969,128.54706,30,보호구역,-1
35.84950,128.54670,30,보호구역,-1
35.84331,128.55108,40,보호구역,-1
35.83959,128.54649,40,보호구역,-1
35.83930,128.54708,40,보호구역,-1
35.84338,128.53980,30,보호구역,-1
35.82054,128.53189,30,보호구역,-1
35.82044,128.53219,30,보호구역,-1
35.83405,128.54435,40,보호구역,-1
35.83151,128.53140,30,보호구역,-1
35.83062,128.52716,30,보호구역,-1
35.83016,128.52625,50,보호구역,-1
35.81909,128.52147,50,보호구역,-1
35.81870,128.51537,50,보호구역,-1
35.83756,128.54102,50,과속단속,-1
35.80560,128.53147,30,보호구역,-1
35.81548,128.54343,30,보호구역,-1
35.81513,128.54357,30,보호구역,-1
35.86620,128.62387,30,보호구역,-1
35.81999,128.64487,30,보호구역,-1
35.84715,128.61257,50,과속단속,-1
35.84711,128.61010,50,과속단속,-1
35.83673,128.70847,30,보호구역,-1
35.83693,128.70879,30,보호구역,-1
35.84413,128.70382,30,보호구역,-1
35.84365,128.70637,30,과속단속,-1
35.94635,128.56734,30,보호구역,-1
35.92779,128.55888,40,보호구역,-1
35.92810,128.54170,30,보호구역,-1
35.92783,128.54173,30,보호구역,-1
35.87472,128.47855,50,과속단속,-1
35.87457,128.47943,50,과속단속,-1
35.79792,128.49641,40,과속단속,-1
35.77579,128.42394,50,보호구역,237
35.72881,128.44503,50,과속단속,-1
35.65893,128.41890,30,보호구역,-1
35.65872,128.42098,30,보호구역,-1
35.65784,128.42050,30,보호구역,-1
35.69483,128.45102,30,보호구역,-1
35.69498,128.45153,30,보호구역,-1
35.69714,128.45792,30,보호구역,-1
35.69665,128.45760,30,보호구역,-1
35.69701,128.46051,30,보호구역,-1
35.77043,128.64798,50,보호구역,340
35.77010,128.64779,50,보호구역,161
35.84367,128.53204,30,보호구역,-1
35.85413,128.52558,40,보호구역,-1
35.85385,128.52613,40,보호구역,-1
35.84985,128.48204,30,보호구역,-1
35.84972,128.48228,30,보호구역,-1
35.85345,128.49548,30,보호구역,-1
35.85378,128.49571,30,보호구역,-1
35.85701,128.51852,30,보호구역,-1
35.85722,128.51809,30,보호구역,-1
37.67896,126.68190,90,과속단속,321
37.66269,126.71279,90,과속단속,299
37.49501,126.49077,50,과속단속,2
37.44934,126.45458,30,과속단속,-1
37.42800,126.65721,50,과속단속,-1
37.40188,126.65352,60,과속단속,136
37.49788,126.68051,50,과속단속,-1
37.55076,126.69860,60,과속단속,-1
37.49115,126.71622,50,과속단속,-1
37.49154,126.74046,30,과속단속,-1
37.50613,126.74215,50,과속단속,-1
37.45869,126.68027,50,과속단속,-1
37.46860,126.69052,50,과속단속,-1
37.44955,126.74939,50,과속단속,232
37.44779,126.73380,50,과속단속,-1
37.53084,126.74233,60,과속단속,246
37.52566,126.74315,50,과속단속,-1
37.78211,126.39932,60,과속단속,305
37.44450,126.63583,80,과속단속,304
35.92125,128.59669,30,과속단속,-1
35.89740,128.51713,50,과속단속,-1
35.93628,128.56490,30,보호구역,-1
35.93601,128.56532,30,보호구역,-1
35.93055,128.54440,30,보호구역,-1
35.94867,128.57626,30,보호구역,-1
35.94662,128.56688,30,보호구역,-1
35.21742,128.68765,30,보호구역,-1
35.21024,128.71083,40,보호구역,-1
35.21012,128.71075,40,보호구역,-1
35.20683,128.70251,30,보호구역,-1
35.22628,128.69476,30,보호구역,-1
35.22640,128.69455,30,보호구역,-1
35.23472,128.68005,30,보호구역,-1
35.23476,128.68004,30,보호구역,-1
35.23283,128.67526,30,보호구역,-1
35.36789,128.68824,30,보호구역,-1
35.30575,128.65303,30,보호구역,-1
35.30575,128.65300,30,보호구역,-1
35.23431,128.65089,30,보호구역,-1
35.24999,128.64407,30,보호구역,-1
35.24968,128.64348,30,보호구역,-1
35.30093,128.58849,30,보호구역,-1
35.24676,128.67900,30,보호구역,-1
35.24690,128.67866,30,보호구역,-1
35.24616,128.66537,60,과속단속,267
37.60631,127.15863,50,과속단속,58
37.70864,127.05177,50,과속단속,-1
37.70701,126.74595,60,과속단속,91
37.71948,127.40290,80,과속단속,41
38.11884,127.09088,70,과속단속,153
38.02138,127.36460,80,과속단속,299
37.65016,126.79827,60,과속단속,157
37.58583,126.87702,60,과속단속,321
35.19921,128.08675,30,보호구역,-1
35.19641,128.11435,30,보호구역,-1
35.25702,128.17682,30,보호구역,-1
35.21461,128.14478,30,보호구역,-1
35.13624,128.14338,30,보호구역,-1
35.09006,128.18515,30,보호구역,-1
35.16910,128.22548,30,보호구역,-1
35.18772,128.26979,50,보호구역,-1
35.17271,128.32780,30,보호구역,-1
37.67382,127.05465,30,보호구역,-1
37.66637,127.07963,30,보호구역,-1
37.67151,127.05741,30,보호구역,-1
37.65738,127.07254,30,보호구역,-1
37.62447,127.08910,30,보호구역,-1
37.62807,127.05030,30,보호구역,-1
37.62793,127.06344,30,보호구역,-1
35.23835,128.70084,50,과속단속,-1
35.21911,128.57065,50,과속단속,-1
34.87431,128.63189,50,과속단속,318
34.86496,128.64170,50,과속단속,319
34.94343,128.19320,50,과속단속,-1
34.94342,128.19317,50,과속단속,-1
35.21557,128.68211,30,보호구역,-1
35.21536,128.68198,30,보호구역,-1
35.21677,128.68834,30,보호구역,-1
35.21788,128.68940,30,보호구역,-1
35.21695,128.68821,30,보호구역,-1
35.96259,126.98434,30,보호구역,-1
35.95713,126.98578,30,보호구역,-1
35.95723,126.98549,30,보호구역,-1
35.85749,126.81785,40,과속단속,-1
35.80463,127.10947,50,과속단속,73
35.81189,127.12295,60,과속단속,179
35.86351,127.12146,50,과속단속,137
37.66131,127.32161,50,과속단속,-1
37.68392,127.30672,30,보호구역,-1
37.64885,127.30581,30,보호구역,-1
37.54563,127.30373,30,보호구역,-1
37.64561,127.23912,30,보호구역,-1
37.60860,127.26194,30,보호구역,-1
37.71116,127.32248,30,보호구역,-1
37.69432,127.21345,30,보호구역,-1
37.69882,127.20242,30,보호구역,-1
37.65215,127.11625,30,보호구역,205
37.65247,127.11623,30,보호구역,-1
35.25744,128.76502,30,보호구역,-1
35.20914,128.85168,30,보호구역,-1
35.21799,128.04077,30,보호구역,-1
35.31800,128.08881,30,보호구역,-1
35.20050,127.93148,30,보호구역,-1
35.16585,128.04922,30,보호구역,-1
35.16819,128.04452,30,보호구역,-1
35.12429,128.09784,30,보호구역,-1
35.14957,128.10252,30,보호구역,-1
35.62575,127.34923,40,과속단속,-1
35.62421,127.35138,40,과속단속,-1
35.67932,127.27620,50,과속단속,-1
35.67875,127.27601,50,과속단속,-1
35.56025,127.19626,40,과속단속,-1
35.57206,127.20364,30,보호구역,-1
35.53103,127.16620,30,보호구역,-1
35.54712,127.18199,40,과속단속,-1
35.53124,127.15862,50,과속단속,-1
36.00253,126.93939,30,보호구역,-1
36.00246,126.93942,30,보호구역,-1
36.07775,126.96566,30,보호구역,-1
35.90258,127.01126,30,보호구역,-1
35.90270,127.01124,30,보호구역,-1
35.92191,126.96039,30,보호구역,-1
35.92189,126.96049,30,보호구역,-1
35.93069,126.97001,30,보호구역,-1
35.93070,126.97011,30,보호구역,-1
35.95723,126.97682,30,보호구역,-1
35.95650,126.97862,30,보호구역,-1
35.93180,126.96278,30,보호구역,-1
35.93426,126.97979,30,보호구역,-1
35.93436,126.97953,30,보호구역,-1
35.93755,126.94021,30,보호구역,-1
35.93734,126.94042,30,보호구역,-1
35.96233,126.98352,30,보호구역,-1
35.94606,126.93926,30,보호구역,-1
35.94588,126.93900,30,보호구역,-1
35.94600,126.95302,30,보호구역,-1
35.94572,126.95343,30,보호구역,-1
35.53754,126.74327,30,보호구역,-1
36.68733,127.48317,30,보호구역,-1
36.76252,127.55557,30,보호구역,-1
36.72639,127.53683,30,보호구역,-1
36.65793,127.49407,30,보호구역,-1
36.70683,127.42271,30,보호구역,-1
36.62699,127.49047,50,과속단속,267
34.96610,127.53900,80,과속단속,330
34.93200,127.56400,80,과속단속,358
34.88130,127.45970,80,과속단속,99
34.97207,127.52197,50,과속단속,126
34.96440,127.52170,50,과속단속,3
34.94500,127.51410,50,과속단속,16
34.94460,127.50370,50,과속단속,122
34.94820,127.52270,50,과속단속,358
35.72056,127.12037,30,보호구역,-1
35.96204,127.12563,30,보호구역,279
35.85604,127.23400,30,보호구역,-1
35.77188,127.20712,30,보호구역,-1
35.96799,127.17965,30,보호구역,-1
35.83030,127.13609,30,보호구역,-1
35.57945,126.85031,30,보호구역,-1
35.81890,127.11176,50,과속단속,90
35.89631,127.12510,60,과속단속,163
37.52601,127.87597,40,보호구역,-1
36.63753,127.28642,30,보호구역,-1
36.63908,127.45746,30,보호구역,-1
36.65311,127.46148,30,보호구역,-1
36.61470,127.42978,30,보호구역,-1
36.62789,127.32888,30,보호구역,22
36.66707,127.45597,30,보호구역,-1
36.62559,127.44044,30,보호구역,-1
36.62396,127.44389,30,보호구역,-1
36.64091,127.48608,30,보호구역,-1
36.72040,127.42472,30,보호구역,-1
36.63163,127.47483,30,보호구역,-1
36.53604,127.53131,30,보호구역,-1
36.62735,127.49505,30,보호구역,-1
36.62021,127.72266,30,보호구역,-1
36.62260,127.60215,30,보호구역,-1
36.61064,127.51206,30,보호구역,-1
36.56806,127.39653,30,보호구역,-1
36.63765,127.47391,30,보호구역,-1
36.70978,127.43022,30,보호구역,-1
36.63089,127.46427,30,보호구역,-1
36.73566,127.44967,30,보호구역,-1
36.66645,127.50032,30,보호구역,-1
36.71792,127.52715,30,보호구역,-1
36.75006,127.51506,30,보호구역,-1
36.71090,127.58233,30,보호구역,-1
36.71000,127.41683,50,보호구역,-1
35.97156,126.64806,60,과속단속,74
35.81560,127.09452,50,과속단속,179
35.78500,127.12927,60,과속단속,339
35.82704,127.10610,50,과속단속,0
35.79901,127.17898,60,과속단속,103
35.86465,127.14937,60,과속단속,321
35.87057,127.09933,60,과속단속,117
35.43358,126.69249,60,과속단속,2
35.94876,126.59519,80,과속단속,86
35.80399,127.14878,50,과속단속,-1
35.80677,127.11661,50,과속단속,260
36.62852,127.49124,30,보호구역,-1
36.64787,127.48939,50,보호구역,-1
36.66571,127.48211,30,보호구역,-1
36.61935,127.49697,50,보호구역,-1
36.61863,127.47165,30,보호구역,-1
36.61823,127.48423,30,보호구역,-1
36.57903,127.57784,60,보호구역,-1
36.64544,127.47446,30,보호구역,10
36.63003,127.43517,30,보호구역,-1
36.63948,127.43532,30,보호구역,-1
36.63462,127.42662,30,보호구역,-1
36.61240,127.44384,30,보호구역,-1
36.62358,127.36441,30,보호구역,-1
36.61239,127.32546,30,보호구역,-1
36.61799,127.44303,30,보호구역,-1
36.61770,127.44213,30,보호구역,-1
35.05870,126.36190,30,보호구역,-1
35.02030,126.41540,30,보호구역,-1
34.95640,126.44670,30,보호구역,-1
34.92500,126.42770,50,보호구역,26
34.84310,126.43320,30,보호구역,-1
34.81200,126.47350,30,보호구역,-1
37.07542,128.14339,100,과속단속,57
36.51706,127.79695,60,과속단속,-1
36.78832,127.56841,70,과속단속,213
37.13890,128.20149,50,과속단속,-1
36.66463,127.49287,60,과속단속,-1
36.60185,127.50356,60,과속단속,23
36.69199,127.41604,70,과속단속,69
36.61235,127.44047,60,과속단속,147
35.79432,126.90044,30,보호구역,-1
35.77176,126.81579,30,보호구역,-1
35.80117,126.89058,30,보호구역,-1
35.80557,126.89863,30,보호구역,-1
35.80542,126.89897,30,보호구역,-1
35.71739,126.99488,30,보호구역,-1
35.44973,127.23092,40,과속단속,-1
35.44364,127.21459,40,과속단속,-1
35.60339,126.62147,40,과속단속,-1
35.70792,126.77008,60,과속단속,-1
35.42643,127.43508,60,과속단속,-1
35.94207,126.99772,50,과속단속,-1
35.98527,126.72424,50,과속단속,-1
36.12337,128.13697,60,과속단속,85
36.12690,128.11813,50,과속단속,-1
35.64856,128.73232,30,보호구역,-1
35.64866,128.73220,30,보호구역,-1
36.35984,128.68573,80,과속단속,17
36.32717,128.70426,60,과속단속,-1
36.24060,128.70571,60,과속단속,-1
36.38892,128.43634,50,과속단속,-1
36.38615,128.44121,50,과속단속,-1
36.07590,128.41829,30,보호구역,-1
36.06339,128.34352,30,보호구역,-1
36.03236,128.36157,30,보호구역,-1
36.12671,128.07702,40,보호구역,288
36.15911,128.24664,30,보호구역,-1
36.66314,129.11989,30,보호구역,-1
36.08760,128.40265,50,과속단속,-1
35.92849,128.28504,60,과속단속,316
36.13365,128.10481,50,과속단속,-1
36.00998,128.38773,60,과속단속,198
36.00063,128.39086,60,과속단속,2
34.85180,126.50540,70,과속단속,-1
35.09030,126.33100,60,과속단속,-1
34.86990,126.42160,70,과속단속,159
35.08090,126.29380,30,보호구역,-1
35.01510,126.39180,30,보호구역,-1
34.95840,126.33810,30,보호구역,-1
34.88370,126.43780,30,보호구역,-1
34.92900,126.50250,30,보호구역,-1
35.68083,128.24268,30,보호구역,-1
35.77044,128.29060,30,보호구역,-1
35.77807,128.23519,30,보호구역,-1
36.66935,128.12641,70,구간단속,351
36.64767,128.14859,60,구간단속,328
36.39275,128.67820,80,과속단속,217
36.12845,128.46871,60,과속단속,-1
36.06437,128.40093,70,과속단속,25
36.15274,128.27887,60,과속단속,344
36.47532,128.66099,60,과속단속,345
36.00691,129.57108,80,과속단속,-1
36.71330,128.10802,110,구간단속,149
36.64774,128.14822,60,구간단속,148
36.66934,128.12626,70,구간단속,172
36.55731,128.75432,40,보호구역,128
36.38043,128.44413,30,보호구역,-1
36.35994,128.69145,40,보호구역,-1
36.42488,128.67020,30,보호구역,-1
36.26242,128.68051,30,보호구역,-1
36.67445,128.12531,70,과속단속,340
36.12857,128.06717,50,과속단속,102
36.52867,129.04781,30,보호구역,-1
36.65472,128.09009,60,과속단속,-1
36.04659,128.34235,70,과속단속,-1
36.13685,128.09064,50,과속단속,108
35.11909,126.93095,30,보호구역,-1
35.19863,126.83780,30,보호구역,-1
35.17452,126.82320,30,보호구역,-1
35.21647,126.84184,30,보호구역,-1
35.19599,126.81240,30,보호구역,-1
35.18863,126.83513,30,보호구역,-1
35.17508,126.82414,30,보호구역,-1
35.16590,126.81387,30,보호구역,-1
35.22001,126.83652,30,보호구역,-1
35.17712,126.81473,30,보호구역,-1
35.14899,126.77166,30,보호구역,-1
35.93465,128.87039,70,과속단속,69
35.93369,128.88070,30,보호구역,-1
35.88380,128.77402,60,보호구역,234
37.44498,127.14430,30,보호구역,46
37.44498,127.14388,30,보호구역,227
37.26445,127.06142,50,과속단속,-1
37.25210,127.01460,50,과속단속,305
37.25599,127.02167,50,과속단속,204
37.74292,127.09037,30,보호구역,-1
37.74382,127.05777,30,보호구역,-1
37.65822,126.83469,50,과속단속,-1
37.67204,126.80769,60,과속단속,-1
37.76981,128.89451,30,보호구역,-1
37.90599,128.82130,30,보호구역,-1
37.90596,128.82117,30,보호구역,-1
38.01493,127.24758,50,보호구역,25
37.95472,127.31589,30,보호구역,-1
37.70947,126.79026,60,과속단속,-1
37.66812,126.78801,60,과속단속,333
37.64822,126.77349,60,과속단속,334
37.65537,126.76900,60,과속단속,156
37.72575,126.79619,50,보호구역,-1
37.66586,126.78326,40,보호구역,155
37.66562,126.71862,80,과속단속,112
37.69697,126.70790,80,과속단속,-1
37.65646,126.84373,30,보호구역,-1
35.15482,126.93655,30,보호구역,-1
35.12728,126.89778,60,과속단속,351
35.16965,126.79865,50,과속단속,-1
35.18935,126.93326,50,과속단속,-1
35.15481,126.92429,30,보호구역,-1
35.16097,126.92203,30,보호구역,-1
35.15740,126.92888,30,보호구역,-1
35.16057,126.93514,30,보호구역,-1
35.14782,126.93494,30,보호구역,-1
35.14854,126.92264,30,보호구역,-1
35.13771,126.92123,30,보호구역,319
35.09411,126.93953,30,보호구역,-1
34.84278,128.64832,30,보호구역,-1
34.79546,128.66267,30,보호구역,-1
34.87367,128.69012,30,보호구역,-1
34.87387,128.68963,30,보호구역,-1
34.89865,128.69287,30,보호구역,90
34.85765,128.01159,30,보호구역,-1
34.85764,128.01161,30,보호구역,-1
34.77078,127.88984,30,보호구역,-1
34.77077,127.88984,30,보호구역,-1
34.80854,127.83766,30,보호구역,-1
34.80852,127.83768,30,보호구역,-1
34.80307,127.95255,30,보호구역,-1
34.80304,127.95255,30,보호구역,-1
34.92498,127.91444,30,보호구역,-1
34.92499,127.91442,30,보호구역,-1
35.23716,128.54596,60,보호구역,106
35.06449,128.37816,40,과속단속,55
35.06695,128.39342,40,과속단속,100
34.92902,128.17654,50,과속단속,-1
34.99444,128.18714,50,과속단속,-1
34.99542,128.18793,30,보호구역,-1
37.19570,128.60175,80,구간단속,78
37.18450,128.53035,80,구간단속,108
37.17727,129.33334,30,보호구역,-1
37.43866,129.15092,40,보호구역,-1
37.43441,129.16672,30,보호구역,-1
37.44766,129.16609,30,보호구역,-1
36.91677,128.95578,80,과속단속,-1
35.79982,128.73653,60,과속단속,-1
35.72967,126.73373,30,보호구역,-1
35.72958,126.73376,30,보호구역,-1
35.97103,127.83865,40,과속단속,-1
36.00446,127.66455,30,과속단속,-1
36.00506,127.67177,30,보호구역,-1
35.96917,127.84757,30,보호구역,-1
35.25977,126.66649,30,보호구역,-1
35.29918,126.78619,30,보호구역,-1
35.25234,126.72967,80,과속단속,336
35.40412,126.87846,80,과속단속,-1
36.63208,127.38498,70,과속단속,192
36.50001,127.74848,30,보호구역,-1
37.31155,127.07547,30,보호구역,134
37.17691,127.18164,60,과속단속,-1
37.40525,127.12726,30,보호구역,-1
37.34044,127.11843,30,보호구역,-1
37.36341,127.12114,30,보호구역,-1
37.40659,127.14682,30,보호구역,-1
37.40723,127.14551,30,보호구역,-1
37.30489,126.86346,30,보호구역,183
37.02772,127.24406,30,보호구역,-1
37.11926,127.43308,50,과속단속,-1
37.28556,127.20740,50,과속단속,104
34.84278,128.64831,30,보호구역,-1
36.55450,126.95110,30,보호구역,-1
36.47720,127.14310,50,과속단속,-1
36.51360,127.13460,30,보호구역,-1
36.40080,127.24580,30,보호구역,-1
36.41760,127.09040,30,보호구역,-1
36.33060,127.02970,30,보호구역,-1
36.44820,127.13550,50,과속단속,-1
36.43480,127.11450,50,과속단속,-1
36.39149,127.07445,110,구간단속,1
36.23027,127.05525,110,구간단속,17
37.55087,126.83824,30,보호구역,90
37.53352,126.85206,30,보호구역,-1
37.55133,126.87232,30,보호구역,-1
37.54079,126.84777,30,보호구역,154
37.68391,127.05566,50,보호구역,182
37.64407,127.06715,30,보호구역,-1
37.66260,127.06187,30,보호구역,-1
37.66430,127.05528,30,보호구역,-1
37.65051,127.08007,30,보호구역,-1
37.63205,127.06719,30,보호구역,160
37.63777,127.06465,30,보호구역,-1
37.63418,127.07184,30,보호구역,-1
37.62274,127.08378,30,보호구역,-1
37.63789,127.10738,50,보호구역,188
37.62911,127.06843,30,보호구역,-1
34.85161,126.50519,70,과속단속,81
35.79128,129.39628,70,과속단속,75
36.44797,127.90623,60,과속단속,-1
35.99585,128.82010,70,과속단속,-1
36.77950,127.01850,30,보호구역,-1
36.70540,127.00110,60,과속단속,-1
36.71580,127.00630,60,과속단속,-1
36.77542,126.86276,30,보호구역,-1
36.77510,126.86274,30,보호구역,-1
36.79015,127.01690,30,보호구역,-1
36.79009,127.01685,30,보호구역,-1
36.77369,127.01605,30,보호구역,-1
36.77371,127.01614,30,보호구역,-1
34.39795,126.80000,30,보호구역,-1
34.37991,126.64600,30,보호구역,-1
34.35958,126.72878,30,보호구역,-1
34.32163,126.74149,30,보호구역,-1
34.32448,126.70122,30,보호구역,-1
34.31175,126.73909,30,보호구역,-1
35.14983,128.54720,50,과속단속,196
35.12602,128.55061,80,과속단속,178
36.51643,126.78700,30,보호구역,-1
36.44883,126.78778,30,보호구역,-1
36.45302,126.79935,30,보호구역,-1
36.37431,126.93476,30,보호구역,-1
36.42099,127.00657,30,보호구역,-1
36.42563,126.71343,30,보호구역,-1
36.34509,126.89876,30,보호구역,-1
36.40005,126.77744,30,보호구역,-1
36.40011,126.77711,30,보호구역,-1
36.32500,127.14990,30,보호구역,-1
36.35720,127.14170,30,보호구역,-1
35.82137,127.13921,30,보호구역,-1
35.69140,126.88131,40,과속단속,267
34.76389,127.94920,60,과속단속,-1
34.76386,127.94918,60,과속단속,-1
36.83930,126.96870,40,과속단속,122
36.81170,126.92590,70,과속단속,242
36.79491,126.88472,70,보호구역,-1
36.79492,126.88452,70,보호구역,-1
36.72565,126.96614,50,과속단속,-1
36.82853,126.90319,30,보호구역,-1
36.77481,127.01433,30,과속단속,269
36.77483,127.01437,30,과속단속,269
36.84870,127.01110,30,보호구역,-1
36.88520,126.96760,30,보호구역,-1
36.88530,126.96840,30,보호구역,-1
36.84340,126.87940,30,보호구역,-1
36.84340,126.87930,30,보호구역,-1
36.85680,126.95270,30,보호구역,-1
36.91630,127.06630,30,보호구역,-1
36.91650,127.06630,30,보호구역,-1
36.92680,127.03500,30,과속단속,-1
36.92680,127.03500,30,보호구역,-1
36.88950,126.94420,30,보호구역,-1
36.88960,126.94380,30,보호구역,-1
36.74120,126.97070,30,보호구역,-1
36.78870,126.95520,30,보호구역,-1
36.87960,127.07470,30,보호구역,-1
35.84354,127.27052,30,보호구역,-1
35.85597,127.23404,30,보호구역,-1
35.77181,127.20734,30,보호구역,-1
35.96198,127.12480,30,보호구역,97
35.93763,127.16375,30,보호구역,-1
35.96795,127.17998,30,보호구역,-1
35.92605,127.12031,60,과속단속,343
35.92621,127.12004,60,과속단속,156
35.82949,127.15128,30,보호구역,-1
35.86284,127.14665,30,보호구역,-1
35.80296,127.15010,30,보호구역,-1
35.81175,127.10064,30,보호구역,-1
35.86271,127.09551,30,보호구역,213
35.87266,127.13053,30,보호구역,-1
35.86516,127.13092,30,보호구역,-1
35.86369,127.12346,30,보호구역,-1
35.83864,127.13814,30,보호구역,14
35.86871,127.12751,30,보호구역,-1
35.82695,127.16568,30,보호구역,-1
35.83493,127.15750,30,보호구역,342
35.82898,127.12605,30,보호구역,-1
35.80725,127.13357,30,보호구역,-1
35.79508,127.11221,30,보호구역,-1
35.80983,127.14468,30,보호구역,-1
35.79245,127.11458,30,보호구역,89
35.80563,127.09795,30,보호구역,-1
35.88877,127.44112,50,과속단속,-1
35.96675,127.52351,50,과속단속,-1
35.96684,127.52351,50,과속단속,-1
35.68566,127.30302,40,과속단속,-1
35.68558,127.30305,40,과속단속,-1
35.97742,126.71792,30,보호구역,-1
35.97370,126.70286,30,보호구역,-1
35.97374,126.72157,30,보호구역,-1
35.96123,126.71068,30,보호구역,-1
35.97205,126.71076,30,보호구역,-1
35.95339,126.71071,30,보호구역,-1
35.95946,126.69826,30,보호구역,-1
35.97172,126.71571,30,보호구역,-1
35.96437,126.68049,30,보호구역,-1
35.95802,126.70680,30,보호구역,-1
35.96745,126.71952,30,보호구역,-1
35.97949,126.71392,30,보호구역,-1
35.94285,126.68897,30,보호구역,-1
35.98184,126.70805,30,보호구역,-1
35.94922,126.81906,30,보호구역,-1
35.92150,126.68061,30,보호구역,-1
35.96518,126.70421,30,보호구역,-1
35.96772,126.70589,30,보호구역,1
35.96622,126.72657,30,보호구역,-1
36.09190,127.27867,30,보호구역,-1
36.09213,127.27853,30,보호구역,-1
37.49910,127.09035,50,과속단속,-1
37.49896,127.09078,50,과속단속,-1
37.49638,127.09876,50,과속단속,-1
37.49624,127.09911,50,과속단속,-1
37.49910,127.09087,40,과속단속,113
37.50650,127.07132,50,과속단속,-1
37.50597,127.07151,50,과속단속,-1
37.50031,126.74193,30,과속단속,-1
37.50031,126.73949,30,과속단속,-1
37.50572,126.74024,30,과속단속,-1
37.47976,126.70404,30,과속단속,-1
37.50460,126.69213,50,과속단속,-1
35.91300,127.06980,50,과속단속,-1
36.03238,127.71256,40,과속단속,-1
36.03235,127.71209,40,과속단속,-1
37.49915,127.09111,40,과속단속,293
37.49290,126.98057,30,보호구역,-1
37.49278,126.98031,30,보호구역,-1
37.49207,126.97963,30,보호구역,-1
37.50232,127.04260,50,과속단속,156
35.17569,126.87682,30,보호구역,-1
35.17585,126.87661,30,보호구역,-1
35.78910,126.81192,40,과속단속,-1
35.74210,127.04734,40,과속단속,-1
35.84817,126.81643,40,과속단속,334
35.89223,126.96851,60,과속단속,323
35.88879,127.44104,50,과속단속,-1
35.86377,128.58256,40,보호구역,358
35.93634,128.54722,30,보호구역,-1
35.89176,128.58654,30,보호구역,-1
35.89779,128.54440,30,보호구역,-1
35.91874,128.60361,30,보호구역,-1
35.87141,128.48851,30,보호구역,-1
35.75571,128.49498,30,보호구역,-1
35.78869,128.44465,30,보호구역,-1
35.83386,128.54376,40,과속단속,-1
35.82864,128.54399,30,보호구역,-1
35.89986,128.62084,30,과속단속,-1
35.87130,128.55924,50,과속단속,-1
37.71564,126.73830,60,과속단속,-1
37.71345,126.73553,30,보호구역,-1
37.71152,126.73522,30,보호구역,152
35.82521,127.06239,60,과속단속,183
35.82497,127.06260,60,과속단속,97
36.98558,128.87181,60,과속단속,-1
36.10711,128.91934,60,과속단속,-1
37.48733,127.01152,50,과속단속,-1
37.48926,127.02777,30,과속단속,-1
37.48855,127.02787,50,과속단속,-1
37.47638,127.00120,50,과속단속,-1
37.48216,127.06139,30,보호구역,-1
37.48951,127.07505,30,보호구역,-1
37.50222,127.07956,50,과속단속,-1
37.50212,127.08017,50,과속단속,-1
35.85379,128.53036,50,과속단속,-1
35.84270,128.69576,60,과속단속,95
35.83721,128.61177,50,과속단속,184
35.82301,128.63223,30,보호구역,-1
35.82332,128.63261,30,보호구역,-1
35.81570,128.64759,50,과속단속,-1
35.86609,128.63906,40,보호구역,-1
35.86634,128.63866,40,보호구역,-1
35.87482,128.64180,50,과속단속,-1
35.90012,128.61977,30,과속단속,-1
35.88587,128.59474,30,보호구역,-1
35.88610,128.59499,30,보호구역,-1
35.89685,128.59516,50,과속단속,-1
35.84470,128.56901,50,과속단속,-1
35.84529,128.56863,50,과속단속,-1
35.83431,128.60325,50,과속단속,68
35.84393,128.57989,50,보호구역,-1
35.84407,128.58008,50,보호구역,-1
35.87936,128.56287,50,과속단속,-1
35.88840,128.56033,50,보호구역,-1
35.88433,128.57083,50,과속단속,-1
35.88472,128.56948,50,과속단속,-1
35.88835,128.55625,30,보호구역,-1
35.88290,128.57567,40,보호구역,-1
35.88263,128.57573,40,보호구역,-1
35.94753,128.62696,30,보호구역,-1
35.87510,128.68415,60,과속단속,55
35.87461,128.68488,60,과속단속,110
35.87426,128.58200,40,보호구역,-1
35.69191,128.46683,30,보호구역,-1
35.69150,128.46669,30,보호구역,-1
35.86228,128.46748,30,보호구역,-1
35.85004,128.47815,30,보호구역,-1
35.84955,128.47794,30,보호구역,-1
35.85731,128.50255,30,보호구역,-1
35.85740,128.50246,30,보호구역,-1
35.85237,128.51552,40,보호구역,-1
35.85714,128.51310,30,보호구역,-1
35.81442,128.54209,50,과속단속,-1
35.82114,128.54976,30,보호구역,-1
35.80710,128.53205,50,보호구역,96
35.81662,128.51807,30,보호구역,-1
35.82784,128.52395,30,보호구역,-1
35.86025,128.53054,30,보호구역,-1
35.85408,128.53064,50,과속단속,-1
35.56504,129.35060,30,보호구역,-1
35.94113,128.56721,30,보호구역,-1
35.94010,128.56601,30,보호구역,-1
35.94430,126.94873,30,보호구역,-1
35.87407,127.07195,30,보호구역,-1
35.57070,127.02220,40,과속단속,-1
35.57078,127.02225,40,과속단속,-1
35.59245,126.49086,40,과속단속,-1
35.60337,126.48379,60,과속단속,155
35.95323,126.95893,50,과속단속,154
35.93406,126.96293,50,과속단속,-1
35.96532,126.95316,50,과속단속,240
35.96566,127.08910,30,보호구역,-1
35.96607,127.08930,30,보호구역,-1
35.96601,127.01253,40,보호구역,-1
35.96611,127.01245,40,보호구역,-1
35.95256,126.97307,30,보호구역,-1
35.94927,126.96756,30,보호구역,-1
35.95065,126.96963,30,보호구역,-1
35.95835,126.99451,30,보호구역,-1
35.95824,126.99492,30,보호구역,-1
35.54569,129.34853,50,과속단속,-1
35.54396,129.34220,50,과속단속,-1
35.54586,129.34465,50,과속단속,-1
35.54577,129.34451,50,과속단속,-1
35.54340,129.33274,50,과속단속,-1
35.54381,129.33338,50,과속단속,-1
35.54645,129.31767,50,과속단속,-1
35.53778,129.32107,30,보호구역,-1
35.53796,129.32117,30,보호구역,-1
35.52912,129.33216,50,과속단속,-1
35.52894,129.33234,50,과속단속,-1
35.52337,129.33753,30,보호구역,-1
35.52459,129.32624,30,보호구역,-1
35.53170,129.31151,50,과속단속,281
35.53160,129.31049,50,과속단속,101
35.53688,129.29652,30,보호구역,-1
35.54140,129.26152,30,보호구역,-1
35.54073,129.26286,30,보호구역,-1
35.53949,129.25805,30,보호구역,-1
35.53940,129.25809,30,보호구역,-1
35.55975,129.29749,60,과속단속,241
35.55686,129.31943,30,보호구역,-1
35.56164,129.32585,30,보호구역,-1
35.55313,129.33629,50,과속단속,-1
35.55296,129.33607,50,과속단속,-1
35.55940,129.34352,50,보호구역,-1
35.56651,129.33407,30,보호구역,-1
35.56892,129.33926,30,보호구역,-1
34.83986,126.35407,30,보호구역,-1
37.50160,126.94555,50,과속단속,247
37.64225,127.06976,30,보호구역,-1
37.64808,127.08072,30,보호구역,-1
37.66786,127.06070,30,보호구역,-1
37.66736,127.07631,30,보호구역,-1
37.64828,127.05900,30,보호구역,-1
37.65206,127.06406,30,보호구역,-1
37.64791,127.06806,50,보호구역,-1
37.62660,127.07531,30,보호구역,-1
37.61945,127.07334,30,보호구역,-1
37.63309,127.05949,30,보호구역,-1
35.38457,129.34103,30,보호구역,-1
35.48746,129.29881,30,보호구역,-1
35.56811,129.11568,30,보호구역,-1
35.35178,129.29532,30,보호구역,-1
35.63177,129.43580,30,보호구역,-1
35.63270,129.32822,50,보호구역,-1
35.63885,129.33010,30,보호구역,-1
35.64440,129.35166,30,보호구역,-1
35.64334,129.35359,30,보호구역,-1
35.64156,129.35714,50,과속단속,-1
35.58551,129.36596,50,과속단속,-1
35.55362,129.35560,30,보호구역,-1
35.52356,129.42481,50,과속단속,-1
35.49259,129.41780,50,과속단속,-1
35.54336,129.34946,50,과속단속,-1
35.54554,129.34824,50,과속단속,-1
37.35390,127.10345,110,구간단속,359
37.35390,127.10339,110,구간단속,359
37.25084,127.10404,110,구간단속,360
37.25084,127.10398,110,구간단속,360
37.25084,127.10393,110,구간단속,360
36.51858,127.49706,30,보호구역,-1
36.61358,127.49193,30,보호구역,-1
36.61109,127.48957,30,보호구역,-1
34.50462,126.91737,60,과속단속,-1
34.75514,126.90007,60,과속단속,-1
34.49903,126.89029,30,보호구역,-1
34.56106,126.93960,30,보호구역,-1
34.66624,126.88963,30,보호구역,-1
34.66621,126.88960,30,보호구역,-1
34.77623,126.97187,30,보호구역,-1
34.74650,126.99341,30,보호구역,-1
34.92329,127.61050,60,과속단속,-1
35.28427,126.44420,60,과속단속,-1
35.26296,126.35523,60,과속단속,-1
35.24565,126.52082,80,과속단속,298
35.35821,126.45444,30,보호구역,-1
35.39649,126.44750,30,보호구역,-1
35.21997,126.36771,30,보호구역,-1
35.28293,126.39670,30,보호구역,-1
34.75417,126.12539,30,보호구역,-1
34.86150,126.27192,30,보호구역,-1
34.87727,128.41627,30,보호구역,-1
34.87505,128.41715,30,보호구역,-1
34.86893,128.44453,30,보호구역,-1
34.83763,128.41331,30,보호구역,-1
34.90013,128.40696,30,보호구역,-1
35.75760,128.13617,30,보호구역,-1
35.75763,128.13614,30,보호구역,-1
35.65855,128.11095,30,보호구역,-1
35.65857,128.11101,30,보호구역,-1
35.53968,128.11351,30,보호구역,-1
35.53966,128.11353,30,보호구역,-1
35.51736,128.17373,30,보호구역,-1
35.51733,128.17374,30,보호구역,-1
37.40078,126.72490,50,과속단속,78
37.43883,126.71757,50,과속단속,149
37.44934,126.71828,50,과속단속,274
37.46418,126.71421,50,과속단속,-1
37.46482,126.70524,50,과속단속,103
37.40939,126.71084,30,과속단속,-1
37.40985,126.71017,30,과속단속,-1
37.45491,126.70858,50,과속단속,-1
37.34780,126.85981,100,구간단속,8
37.34780,126.85979,100,구간단속,8
37.28512,126.90052,100,구간단속,18
37.28513,126.90050,100,구간단속,18
37.35390,127.10352,110,구간단속,359
37.64618,126.66069,30,보호구역,-1
37.64553,126.68899,30,보호구역,-1
37.65571,126.63480,30,보호구역,-1
37.62948,126.58828,30,보호구역,-1
37.67315,126.55489,30,보호구역,-1
37.68876,126.59434,30,보호구역,-1
37.62865,126.70240,30,보호구역,-1
37.60538,126.77378,30,보호구역,-1
37.64534,126.67285,30,보호구역,-1
37.63867,126.67381,30,보호구역,-1
37.69727,126.60174,30,보호구역,-1
37.62097,126.72498,30,보호구역,291
37.65055,126.58431,30,보호구역,-1
37.21925,126.98867,30,보호구역,-1
37.22154,127.05376,60,과속단속,152
37.31099,126.85284,50,과속단속,142
35.17372,129.03128,30,보호구역,-1
34.97186,128.32788,40,과속단속,-1
35.06420,128.41988,60,과속단속,-1
35.39794,128.82188,50,과속단속,-1
35.26564,128.89596,50,과속단속,-1
35.33462,129.00493,30,보호구역,-1
35.15575,128.71865,30,보호구역,-1
35.17663,128.55849,30,보호구역,-1
34.84603,128.41731,30,보호구역,-1
34.84608,128.41715,30,보호구역,-1
34.86331,128.42523,30,보호구역,-1
35.03807,126.71830,30,보호구역,-1
35.03068,126.78436,30,보호구역,-1
35.02692,126.79111,30,보호구역,-1
35.00963,126.78531,30,보호구역,-1
35.01349,126.77842,30,보호구역,-1
35.15460,129.06854,30,과속단속,-1
35.11027,129.01118,50,과속단속,49
35.11012,129.02258,50,보호구역,337
35.15454,129.11216,50,과속단속,-1
35.18449,129.11381,50,과속단속,-1
35.18596,129.11218,50,과속단속,147
35.06681,128.97958,50,과속단속,-1
35.06725,128.97961,50,과속단속,-1
35.08435,128.99294,50,과속단속,-1
35.08753,128.99798,60,과속단속,29
35.16374,128.89362,70,과속단속,-1
35.18420,128.08850,50,과속단속,-1
35.31261,128.60596,50,과속단속,-1
35.31844,128.60321,50,과속단속,-1
35.31848,128.60321,50,과속단속,-1
35.06442,127.06679,30,보호구역,-1
37.54941,127.18445,50,과속단속,-1
37.65025,126.63265,30,보호구역,-1
37.60661,126.72556,30,보호구역,261
37.64246,126.66547,30,보호구역,-1
37.59900,126.72557,30,보호구역,-1
37.71586,126.55207,30,보호구역,-1
36.90685,126.90899,70,과속단속,352
37.12501,127.20953,30,보호구역,-1
37.48477,127.57584,70,과속단속,265
37.39458,126.94070,60,과속단속,135
37.06061,127.44137,80,과속단속,196
37.43975,126.77411,60,과속단속,200
37.29205,127.02973,50,과속단속,-1
37.43160,127.13605,50,과속단속,-1
37.52918,126.76106,50,과속단속,1
37.69243,126.59064,70,과속단속,138
37.44175,126.84078,60,과속단속,-1
37.41380,127.08607,110,과속단속,141
37.16583,127.09103,110,과속단속,200
35.00342,126.70864,60,과속단속,-1
35.00336,126.70803,60,과속단속,-1
34.91828,126.74792,30,보호구역,-1
34.91160,126.65793,30,보호구역,-1
35.01131,126.82258,30,보호구역,-1
35.03364,126.75383,30,보호구역,-1
34.97006,126.70511,30,보호구역,-1
34.99508,126.71447,30,보호구역,334
34.96253,126.65556,30,보호구역,-1
35.02212,126.77549,60,과속단속,282
35.01333,126.76459,60,과속단속,-1
34.94147,126.61202,30,보호구역,-1
35.05753,126.60388,30,보호구역,-1
35.03787,126.71815,30,보호구역,-1
37.12969,126.90982,50,과속단속,23
37.28304,127.39822,70,과속단속,-1
37.17137,127.06605,30,보호구역,261
37.29527,127.64349,30,보호구역,-1
37.40165,126.89968,30,보호구역,-1
37.32764,126.84752,50,과속단속,5
37.32814,126.83779,50,과속단속,19
37.26816,126.98996,30,보호구역,-1
37.24778,127.02851,50,보호구역,286
37.44222,127.13590,50,과속단속,250
37.37226,127.10391,60,과속단속,181
37.48845,126.75638,50,과속단속,-1
37.35347,126.92685,50,과속단속,-1
37.37914,127.22796,30,보호구역,-1
37.41786,127.24862,70,과속단속,64
37.38540,127.28943,70,과속단속,322
37.38934,127.25491,50,과속단속,-1
37.36054,127.15048,70,과속단속,287
37.34183,127.20826,50,과속단속,-1
37.35654,127.16579,70,과속단속,314
37.41664,127.27282,50,과속단속,-1
37.42982,127.25939,30,보호구역,-1
37.47576,127.24110,70,과속단속,132
37.35891,127.37484,50,과속단속,-1
37.35027,127.35205,70,과속단속,-1
37.22471,127.02576,60,과속단속,157
37.55359,127.21095,70,과속단속,136
36.63502,127.43524,30,보호구역,-1
36.62765,127.42388,30,보호구역,-1
36.59765,127.35749,30,보호구역,-1
36.66330,127.37355,30,보호구역,-1
36.64773,127.45592,30,보호구역,-1
36.65256,127.47258,30,보호구역,-1
37.52589,127.11753,50,과속단속,299
37.52539,127.11728,50,과속단속,-1
37.49014,127.07367,50,과속단속,337
37.50199,127.07013,50,과속단속,248
37.72901,127.04353,30,보호구역,179
37.74702,127.10030,30,보호구역,-1
37.75049,127.06667,30,보호구역,-1
34.95668,126.78765,30,보호구역,-1
34.95744,126.82691,30,보호구역,-1
35.02210,126.77460,60,과속단속,124
34.99950,126.86490,30,과속단속,-1
35.03570,126.71280,60,과속단속,213
35.01940,126.66700,80,과속단속,-1
35.05110,126.83720,70,과속단속,-1
35.01360,126.78730,50,과속단속,-1
35.01590,126.71400,60,과속단속,141
34.97460,126.72880,60,과속단속,323
34.99230,126.70990,60,과속단속,79
37.50296,127.01251,30,과속단속,-1
37.50020,127.01238,50,과속단속,-1
37.49977,127.01209,50,과속단속,-1
35.98081,126.72284,50,과속단속,-1
35.83816,127.05845,50,과속단속,162
35.95946,126.63758,30,과속단속,-1
35.96013,126.63045,30,보호구역,-1
35.86584,127.65589,30,보호구역,-1
36.00852,127.78839,30,보호구역,-1
36.01010,127.66384,30,보호구역,-1
35.42641,126.55502,70,과속단속,-1
36.02487,126.97477,70,과속단속,343
35.83355,126.90873,40,과속단속,356
35.83358,126.90889,40,과속단속,335
35.87644,127.13813,50,과속단속,175
35.87165,127.13627,50,과속단속,23
35.09374,129.04582,50,보호구역,-1
35.09368,129.04649,50,보호구역,60
36.24769,127.62216,30,보호구역,-1
36.29588,127.57931,30,보호구역,-1
36.31163,127.57761,30,보호구역,-1
37.47740,126.87282,30,보호구역,-1
37.07696,127.42053,30,보호구역,-1
36.99955,127.16819,30,보호구역,-1
37.00733,127.17251,30,보호구역,-1
36.63028,127.51065,30,보호구역,-1
36.66851,127.49126,30,보호구역,-1
36.74036,127.45664,30,보호구역,-1
36.67367,127.39054,30,보호구역,-1
34.95377,126.79714,30,과속단속,-1
34.92770,126.76104,30,과속단속,-1
34.92767,126.76085,30,과속단속,-1
37.45212,126.66732,50,과속단속,-1
35.97673,126.74692,50,과속단속,-1
35.97560,126.74531,50,과속단속,90
35.97184,126.56110,60,과속단속,-1
35.97146,126.55850,60,과속단속,-1
35.65285,126.50557,80,과속단속,218
35.99784,126.75205,60,과속단속,27
36.00002,126.75279,60,과속단속,200
34.76269,126.63274,30,보호구역,-1
34.75525,126.58232,30,보호구역,-1
34.75708,126.46096,30,보호구역,-1
34.75721,126.46068,30,보호구역,-1
34.89049,126.69624,30,보호구역,-1
34.95378,126.79712,60,과속단속,-1
37.66308,126.75221,50,과속단속,-1
37.73515,126.75858,50,과속단속,-1
37.73487,126.75886,60,과속단속,-1
34.79440,126.41049,50,과속단속,-1
34.79279,126.41365,50,과속단속,-1
34.79903,126.42944,50,과속단속,242
34.82181,126.43339,60,과속단속,-1
34.83057,126.41841,60,과속단속,333
34.79529,126.40839,50,과속단속,-1
34.80528,126.45651,60,과속단속,90
34.80269,126.37284,30,보호구역,-1
34.80773,126.40357,30,보호구역,-1
34.79904,126.42277,30,보호구역,-1
34.79623,126.38583,30,보호구역,-1
34.79986,126.40143,30,보호구역,-1
34.80981,126.38834,30,보호구역,-1
34.81503,126.41608,30,보호구역,-1
34.80796,126.45783,30,보호구역,-1
34.80744,126.45060,30,보호구역,-1
34.81174,126.45382,30,보호구역,-1
34.80410,126.40650,30,보호구역,-1
34.80080,126.38830,30,보호구역,158
34.80107,126.42512,30,과속단속,-1
34.74394,126.42974,70,과속단속,281
34.76668,126.45583,60,과속단속,-1
34.74492,126.48315,60,과속단속,310
37.53488,126.83552,30,보호구역,-1
37.56081,126.84170,30,보호구역,-1
37.53433,126.83809,30,보호구역,-1
37.53796,126.85543,30,보호구역,-1
37.55649,127.08176,50,과속단속,296
37.54623,127.09803,30,보호구역,-1
37.56832,127.08623,30,보호구역,-1
37.53251,127.09018,30,보호구역,-1
37.53127,127.08905,30,보호구역,-1
37.54309,127.08144,30,보호구역,-1
37.53031,127.07604,30,보호구역,102
37.54681,127.10226,30,보호구역,-1
37.54078,127.10025,30,보호구역,-1
34.42155,126.33560,60,과속단속,-1
34.29586,126.04949,30,보호구역,-1
34.40581,126.19153,30,보호구역,-1
34.42253,126.16689,30,보호구역,-1
34.42246,126.16682,30,보호구역,-1
34.49170,126.34305,30,보호구역,-1
34.49244,126.34240,30,보호구역,-1
34.49948,126.31713,30,보호구역,-1
34.49916,126.32160,30,보호구역,-1
34.48565,126.27465,30,보호구역,-1
34.48567,126.27485,30,보호구역,-1
34.44030,126.28021,30,보호구역,-1
34.53609,126.29440,30,보호구역,-1
36.33932,126.61017,30,보호구역,-1
36.34135,126.60036,30,보호구역,-1
36.49316,126.56591,60,과속단속,-1
36.48135,126.53183,30,보호구역,-1
36.42479,126.56871,50,과속단속,-1
36.42474,126.56839,50,과속단속,-1
36.35381,126.55773,60,과속단속,-1
36.31463,126.60204,60,과속단속,-1
36.51420,127.24390,30,보호구역,-1
36.51530,127.23940,30,보호구역,345
36.50520,127.24310,30,보호구역,-1
36.50380,127.27220,30,보호구역,-1
36.50204,127.31091,30,보호구역,-1
36.50216,127.31050,30,보호구역,-1
36.49160,127.24620,30,보호구역,-1
36.49323,127.24445,30,보호구역,-1
36.47129,127.28030,30,보호구역,-1
36.47107,127.28030,30,보호구역,-1
36.54490,127.25500,30,보호구역,-1
36.49600,127.24644,30,보호구역,-1
36.49600,127.24597,30,보호구역,-1
36.49543,127.24477,30,보호구역,-1
36.49617,127.31175,30,보호구역,-1
36.49618,127.31165,30,보호구역,-1
36.59540,127.21380,40,보호구역,-1
36.49660,127.20730,30,보호구역,-1
35.31431,127.34742,30,과속단속,-1
35.14825,127.31765,50,과속단속,-1
35.23830,127.12070,30,보호구역,-1
35.13360,127.25390,30,보호구역,-1
35.28310,127.29150,30,보호구역,-1
35.28292,127.29100,30,보호구역,-1
35.27620,127.14150,30,보호구역,-1
36.12022,126.79557,30,보호구역,-1
36.15240,126.52105,30,보호구역,-1
36.07321,126.76750,30,보호구역,-1
36.14155,126.60147,30,보호구역,-1
36.14162,126.60149,30,보호구역,-1
36.02515,126.71572,30,보호구역,-1
36.02514,126.71563,30,보호구역,-1
36.01287,126.69016,30,보호구역,-1
36.13995,126.75433,30,과속단속,-1
36.82120,127.08830,50,과속단속,112
36.81456,127.08745,50,과속단속,220
36.81460,127.08795,50,과속단속,41
36.80065,127.08684,50,과속단속,351
36.80023,127.08661,50,과속단속,171
36.93960,126.74320,30,보호구역,-1
36.91220,126.68930,30,보호구역,-1
36.88600,126.77150,30,보호구역,-1
37.01410,126.53898,30,보호구역,-1
36.86790,126.61320,30,보호구역,-1
35.63189,129.43581,30,보호구역,-1
35.65323,129.35009,30,보호구역,-1
35.63189,129.33170,30,보호구역,-1
35.63194,129.33168,30,보호구역,-1
35.63328,129.33526,30,보호구역,-1
35.63102,129.33937,30,보호구역,-1
35.63080,129.33947,30,보호구역,-1
35.63310,129.34740,30,보호구역,-1
35.62972,129.34778,70,과속단속,136
35.54261,129.32966,50,과속단속,-1
35.63095,129.35735,30,보호구역,-1
35.59097,129.36491,30,보호구역,-1
35.58548,129.36596,50,과속단속,-1
35.58655,129.37012,30,보호구역,-1
35.55347,129.35492,30,보호구역,-1
35.54469,129.43110,30,보호구역,-1
35.54125,129.42613,30,보호구역,-1
35.52368,129.42487,50,과속단속,-1
35.50424,129.42636,30,보호구역,90
35.49248,129.41767,50,과속단속,-1
35.49033,129.42446,30,과속단속,-1
35.48453,129.41333,50,과속단속,-1
35.48215,129.41181,50,과속단속,-1
35.48232,129.41169,50,과속단속,-1
35.51614,129.42629,30,보호구역,-1
35.50739,129.42074,30,보호구역,-1
35.49532,129.42133,30,과속단속,-1
35.52815,129.32576,30,보호구역,-1
37.04042,127.13767,110,구간단속,169
37.04042,127.13768,110,구간단속,169
37.13467,127.08725,110,구간단속,154
37.13469,127.08730,110,구간단속,154
34.38968,126.64718,50,과속단속,-1
34.97005,128.32254,40,과속단속,-1
35.62932,128.20484,80,과속단속,204
35.55528,128.31573,60,과속단속,-1
35.69609,128.16727,50,과속단속,-1
35.08714,127.72126,60,과속단속,-1
35.40786,128.12033,30,보호구역,-1
35.40790,128.12034,30,보호구역,-1
35.41190,128.12038,30,보호구역,-1
35.41191,128.12045,30,보호구역,-1
35.43594,128.03367,30,보호구역,-1
35.43591,128.03367,30,보호구역,-1
35.44058,128.14652,30,보호구역,-1
35.44056,128.14650,30,보호구역,-1
35.56917,128.15382,30,보호구역,-1
35.56919,128.15368,30,보호구역,-1
35.62867,128.32084,30,보호구역,-1
35.62863,128.32089,30,보호구역,-1
34.85216,128.42458,50,과속단속,-1
34.85705,128.42849,50,과속단속,-1
34.97983,128.23481,30,과속단속,-1
34.97982,128.23480,30,과속단속,-1
37.49006,127.01422,50,보호구역,-1
37.47777,128.04448,50,과속단속,160
37.33105,128.53175,60,과속단속,-1
37.61933,127.89672,80,과속단속,342
37.36986,128.67420,60,과속단속,-1
37.25242,128.43077,60,과속단속,-1
37.41123,129.10622,50,과속단속,-1
37.46227,129.15547,60,과속단속,327
38.18981,128.58052,50,과속단속,142
38.18619,128.57723,60,과속단속,281
37.15509,128.98711,50,과속단속,32
37.52433,129.01462,50,과속단속,-1
37.47041,129.11571,40,과속단속,-1
37.33259,127.94714,60,과속단속,310
37.34735,127.92542,60,과속단속,153
37.62645,128.86192,60,과속단속,-1
37.79351,128.91771,50,과속단속,-1
37.75799,128.86590,60,과속단속,269
37.83411,127.76108,60,과속단속,-1
37.86939,127.71584,60,과속단속,-1
37.82986,127.71028,70,과속단속,-1
37.70009,128.22553,30,보호구역,-1
37.61922,127.76804,30,보호구역,-1
37.59047,127.84569,30,보호구역,-1
37.66900,128.01318,30,보호구역,-1
37.76761,128.38743,30,보호구역,-1
37.70878,127.84844,40,보호구역,281
37.69254,127.88538,30,보호구역,-1
37.30794,127.97837,60,과속단속,-1
37.60853,127.10584,30,보호구역,-1
37.60950,127.10542,30,보호구역,-1
34.68097,126.90458,50,과속단속,149
37.65064,126.87412,60,과속단속,-1
37.64934,126.87741,60,과속단속,-1
37.68094,126.78830,50,과속단속,305
34.48300,126.80033,50,과속단속,132
34.47406,126.80256,60,과속단속,-1
34.64002,126.80973,80,과속단속,271
34.68747,126.71498,80,과속단속,156
34.69771,126.67863,80,과속단속,98
34.71989,126.70949,80,과속단속,358
34.71919,126.70925,80,과속단속,172
34.62811,126.79089,60,과속단속,116
34.62831,126.79014,60,과속단속,258
34.59022,126.79240,60,과속단속,-1
34.50704,126.79828,50,과속단속,-1
34.50687,126.79812,50,과속단속,-1
34.63956,126.77600,30,보호구역,-1
34.45556,126.81181,30,보호구역,-1
34.74419,126.79600,30,보호구역,-1
34.64797,126.81764,30,보호구역,-1
34.64517,126.78597,30,보호구역,-1
34.64147,126.77564,30,보호구역,-1
34.63700,126.76623,30,보호구역,-1
34.57347,126.79867,30,보호구역,-1
34.63917,126.77575,30,보호구역,-1
34.49256,126.79975,30,보호구역,-1
35.87120,127.07339,50,과속단속,24
35.87135,127.07316,50,과속단속,203
35.42141,127.62647,40,과속단속,-1
35.45918,127.41084,40,과속단속,-1
35.93754,127.66977,60,과속단속,157
35.97420,127.65215,60,과속단속,117
35.55839,126.86632,30,보호구역,-1
35.73849,127.38643,60,과속단속,-1
35.73859,127.38643,60,과속단속,-1
35.44323,126.68298,30,보호구역,-1
35.44331,126.68349,30,보호구역,-1
35.52478,126.55257,30,보호구역,-1
35.40404,126.68497,30,보호구역,-1
35.46476,126.53643,30,보호구역,-1
35.46468,126.53641,30,보호구역,-1
35.50254,126.52723,60,과속단속,-1
35.49869,126.52436,60,과속단속,-1
35.33968,126.59395,30,보호구역,-1
35.33946,126.59407,30,보호구역,-1
35.35510,126.64533,30,보호구역,-1
35.44390,126.48864,30,보호구역,-1
35.44384,126.48870,30,보호구역,-1
35.40135,127.37269,30,보호구역,347
35.97555,126.73475,30,보호구역,-1
35.95567,126.65664,30,보호구역,-1
37.21657,127.08795,60,과속단속,193
37.52309,126.88393,50,과속단속,-1
37.53197,126.90557,50,과속단속,88
37.53002,126.90596,50,과속단속,-1
37.51716,126.92894,50,과속단속,1
36.30644,127.45148,30,과속단속,-1
36.30652,127.45182,30,보호구역,-1
36.33975,127.44578,50,과속단속,-1
36.32706,127.45167,30,보호구역,-1
36.34574,127.42737,40,과속단속,-1
36.34583,127.42757,40,과속단속,-1
36.33319,127.45293,30,보호구역,-1
36.31597,127.45657,30,보호구역,-1
36.31590,127.45624,30,보호구역,-1
36.30872,127.45959,30,과속단속,-1
36.34050,127.42279,30,보호구역,-1
36.34059,127.42137,50,과속단속,-1
36.31117,127.45778,30,보호구역,-1
36.33745,127.42776,30,보호구역,-1
36.34629,127.44788,30,과속단속,-1
36.31512,127.44488,30,보호구역,-1
36.31807,127.44208,50,과속단속,-1
36.33172,127.44423,30,보호구역,-1
36.32684,127.46479,30,보호구역,-1
36.32719,127.46351,30,보호구역,-1
36.34307,127.43093,30,보호구역,-1
36.32476,127.44540,30,보호구역,-1
36.34257,127.43947,30,보호구역,-1
36.34061,127.44215,30,보호구역,-1
36.34069,127.42082,50,과속단속,226
36.28654,127.23349,40,과속단속,-1
36.79270,126.95470,30,과속단속,-1
36.30210,126.92660,60,과속단속,-1
36.81182,126.86987,30,보호구역,-1
34.98457,128.31870,40,과속단속,-1
34.98417,128.31887,40,과속단속,-1
34.83454,127.88688,30,보호구역,-1
34.83451,127.88685,30,보호구역,-1
35.29240,128.39983,30,보호구역,-1
35.29243,128.39983,30,보호구역,-1
35.31687,128.37988,30,보호구역,-1
35.31688,128.37991,30,보호구역,-1
35.27175,128.45794,30,보호구역,-1
35.25780,128.34962,30,보호구역,-1
35.25778,128.34960,30,보호구역,-1
35.21087,128.58300,30,보호구역,-1
35.21620,128.58483,30,보호구역,-1
35.37614,129.15303,30,보호구역,-1
35.37457,129.15982,30,보호구역,-1
35.37457,129.16003,30,보호구역,-1
35.40873,129.17489,30,보호구역,-1
35.40964,129.17555,30,보호구역,-1
35.39704,129.16359,30,보호구역,-1
35.39702,129.16362,30,보호구역,-1
36.46729,127.26431,70,구간단속,114
36.82327,127.15196,30,보호구역,-1
36.83055,127.17942,30,보호구역,-1
36.79776,127.15032,30,보호구역,-1
36.78900,127.13478,30,보호구역,-1
36.79325,127.14586,30,보호구역,-1
36.79333,127.14584,30,보호구역,-1
36.78091,127.14535,50,과속단속,21
36.78543,127.15972,30,보호구역,-1
36.78321,127.16101,30,보호구역,-1
36.78466,127.14932,30,보호구역,-1
36.73413,127.12304,30,보호구역,-1
36.73422,127.12299,30,보호구역,-1
36.85490,127.12070,30,보호구역,-1
36.79800,127.13480,30,보호구역,-1
36.83516,127.15057,30,보호구역,-1
36.83522,127.15075,30,보호구역,-1
36.83561,127.14247,30,보호구역,-1
36.83548,127.14255,30,보호구역,-1
36.83650,127.14130,30,보호구역,-1
36.86570,127.19430,60,과속단속,28
36.80280,127.13050,30,보호구역,-1
36.79970,127.13060,30,보호구역,-1
36.80410,127.12040,30,보호구역,100
36.81720,127.10160,30,보호구역,283
37.01144,126.98819,90,구간단속,342
36.94635,126.99162,90,구간단속,355
36.92119,128.36364,60,과속단속,282
36.92664,128.34131,70,과속단속,-1
37.02633,128.30998,60,과속단속,6
35.93838,128.56001,30,보호구역,-1
35.93818,128.55980,30,보호구역,-1
35.94513,128.61490,30,보호구역,-1
35.81057,128.50168,40,보호구역,-1
35.80336,128.49743,40,보호구역,252
35.78843,128.46248,50,보호구역,243
34.56301,126.28971,30,보호구역,-1
34.56300,126.28976,30,보호구역,-1
34.48308,126.26736,30,보호구역,-1
34.49759,126.24100,30,보호구역,-1
34.48520,126.26530,30,보호구역,-1
37.28336,126.82719,50,과속단속,169
37.28360,126.82734,50,과속단속,348
37.31190,126.83619,30,보호구역,184
37.30473,126.82638,30,보호구역,274
37.31271,126.82348,30,보호구역,94
37.33228,126.80476,30,보호구역,-1
37.32922,126.80544,30,보호구역,-1
37.33305,126.84996,30,보호구역,124
37.33280,126.85045,30,보호구역,123
37.31144,126.84829,30,보호구역,94
37.29134,126.86284,30,보호구역,-1
37.29410,126.81861,30,보호구역,218
37.29374,126.82520,30,보호구역,-1
37.28911,126.85169,30,보호구역,-1
37.36150,127.11468,30,보호구역,-1
36.92028,127.26044,30,보호구역,-1
37.08176,127.26455,30,보호구역,-1
37.00243,127.15992,30,보호구역,-1
37.28237,126.83475,60,과속단속,142
36.48655,127.24697,30,보호구역,-1
36.48287,127.24855,30,보호구역,-1
36.54380,127.27620,30,보호구역,-1
36.49583,127.25020,30,보호구역,-1
36.49568,127.25162,30,보호구역,-1
36.49300,127.25231,30,보호구역,-1
36.49288,127.25229,30,보호구역,-1
36.44350,127.28760,30,보호구역,-1
36.47140,127.28600,30,보호구역,-1
36.47200,127.28640,30,보호구역,-1
36.47465,127.28196,30,보호구역,-1
36.47542,127.28644,30,보호구역,-1
36.61310,127.29290,50,과속단속,174
36.48790,127.24390,40,보호구역,156
35.94586,128.57832,50,과속단속,91
35.94568,128.58669,60,과속단속,295
37.48570,127.08624,30,보호구역,-1
37.48369,127.08649,50,과속단속,-1
37.52048,127.05851,30,보호구역,-1
37.52328,127.02518,30,보호구역,-1
37.56414,126.83068,30,보호구역,-1
37.53358,126.83606,30,보호구역,-1
37.55333,126.83006,30,보호구역,-1
37.55166,126.86802,30,보호구역,-1
37.55418,126.86703,50,보호구역,-1
37.54665,126.86000,30,보호구역,-1
36.81260,126.76160,30,과속단속,-1
36.88393,126.64294,30,보호구역,-1
36.88372,126.64291,30,보호구역,-1
36.88383,126.64028,30,보호구역,-1
36.88372,126.64041,30,보호구역,-1
36.88090,126.75505,30,보호구역,-1
36.89804,126.62141,30,보호구역,-1
36.89749,126.63703,30,보호구역,-1
36.89141,126.63166,30,보호구역,-1
36.20468,127.08485,40,과속단속,-1
36.20464,127.09038,40,과속단속,-1
36.20247,127.08667,40,과속단속,-1
36.17785,127.10213,40,과속단속,-1
36.18101,127.10694,40,과속단속,-1
36.18166,127.10029,40,과속단속,-1
36.19101,127.09357,40,과속단속,-1
36.17787,127.09854,60,과속단속,149
36.17799,127.09860,60,과속단속,328
36.35780,126.58390,30,보호구역,-1
36.45110,126.59260,30,보호구역,-1
36.39000,126.67240,30,보호구역,-1
36.38390,126.58350,30,보호구역,-1
36.36590,126.57170,30,보호구역,-1
36.39040,126.56850,30,보호구역,-1
36.27139,126.56647,30,보호구역,-1
36.30505,126.60835,30,보호구역,-1
36.30650,126.65367,30,보호구역,-1
36.30621,126.65371,30,보호구역,-1
35.50269,129.36776,30,보호구역,-1
35.53733,129.28485,30,보호구역,274
35.53517,129.29765,30,보호구역,-1
35.53682,129.29665,30,보호구역,-1
35.53772,129.30327,30,보호구역,-1
35.53706,129.30334,30,보호구역,-1
35.54264,129.31431,30,보호구역,-1
35.55040,129.27892,60,과속단속,-1
35.55295,129.26429,30,보호구역,-1
35.51455,129.29428,30,보호구역,-1
35.53185,129.32341,30,보호구역,-1
35.52102,129.33029,30,보호구역,-1
35.54858,129.31688,50,과속단속,145
35.57425,129.31187,30,보호구역,-1
35.56888,129.33909,30,보호구역,-1
35.56608,129.34782,30,보호구역,-1
35.55680,129.32995,30,과속단속,-1
35.55925,129.30560,30,보호구역,-1
35.55900,129.30665,30,보호구역,-1
35.56128,129.32803,50,과속단속,-1
35.57427,129.34595,30,보호구역,-1
35.56820,129.26944,30,보호구역,-1
35.56831,129.26925,30,보호구역,-1
35.57447,129.33897,60,과속단속,49
35.56793,129.33695,30,보호구역,-1
35.56885,129.33585,30,보호구역,-1
35.56346,129.30317,60,과속단속,-1
35.31221,127.34596,30,과속단속,-1
35.35200,129.29536,30,보호구역,-1
35.35053,129.32729,50,과속단속,-1
35.38440,129.34107,30,보호구역,-1
35.40566,129.32241,30,보호구역,-1
35.43616,129.30456,30,보호구역,-1
35.43680,129.30449,30,보호구역,-1
35.42777,129.31181,30,보호구역,-1
35.43720,129.30648,30,보호구역,-1
35.43731,129.30662,30,보호구역,-1
35.46469,129.20683,30,보호구역,-1
35.49203,129.23347,30,보호구역,-1
35.50693,129.09229,30,보호구역,-1
35.59161,129.09398,30,보호구역,-1
35.56838,129.11532,30,보호구역,-1
35.56440,129.11403,50,과속단속,-1
35.55817,129.13727,30,보호구역,-1
35.55818,129.13727,30,보호구역,-1
35.55708,129.12898,40,과속단속,-1
35.55585,129.12751,30,보호구역,-1
35.55642,129.18155,30,보호구역,-1
35.55641,129.18158,30,보호구역,-1
35.55325,129.26062,30,보호구역,-1
35.55352,129.26143,30,보호구역,-1
35.56145,129.22219,30,보호구역,-1
35.57285,129.23726,30,보호구역,-1
35.61308,129.27639,30,보호구역,-1
35.55241,129.25377,30,보호구역,-1
37.51721,127.01064,50,과속단속,-1
37.47050,127.02561,30,과속단속,-1
37.49960,127.02479,30,보호구역,-1
37.46380,127.02124,30,보호구역,-1
37.46356,127.02176,30,보호구역,-1
37.46269,127.02284,50,보호구역,-1
37.47362,127.04355,30,과속단속,-1
37.48447,127.02212,20,보호구역,-1
37.49255,127.02619,30,보호구역,-1
34.95950,127.48740,30,보호구역,-1
34.96050,127.48740,30,보호구역,-1
35.59683,129.36672,30,보호구역,360
35.59682,129.36656,30,보호구역,179
35.62930,129.35978,50,과속단속,-1
35.62747,129.35561,50,과속단속,-1
35.52537,129.40161,60,과속단속,259
35.53979,129.26674,50,과속단속,333
35.58419,129.35925,60,과속단속,171
35.52569,129.31092,60,과속단속,335
35.52570,129.31099,60,과속단속,335
35.54375,129.30670,50,과속단속,12
35.54373,129.30664,50,과속단속,193
35.54325,129.34795,50,과속단속,-1
35.41896,129.28103,30,보호구역,-1
35.40641,129.29004,30,보호구역,-1
35.48729,129.31424,80,과속단속,330
35.37313,129.35030,50,과속단속,-1
37.48494,126.95877,30,과속단속,-1
37.90234,127.04609,50,과속단속,-1
37.93234,127.05607,50,과속단속,-1
37.92947,127.04998,60,과속단속,-1
37.87335,127.05883,50,과속단속,-1
37.47744,126.94093,30,보호구역,-1
37.47196,126.93711,30,보호구역,-1
37.46882,126.94169,30,보호구역,-1
37.47045,126.91758,30,과속단속,-1
37.47710,126.91367,30,보호구역,-1
37.48503,126.91555,30,과속단속,-1
37.48595,126.91954,30,과속단속,-1
37.48982,126.92909,30,보호구역,-1
37.48608,126.93961,30,보호구역,-1
37.48480,126.94687,30,보호구역,-1
37.48938,126.94578,30,보호구역,-1
37.46316,126.93165,30,보호구역,174
37.49207,126.95949,30,과속단속,-1
37.48882,126.95999,30,보호구역,-1
37.48633,126.95896,30,보호구역,-1
37.48092,126.95701,30,보호구역,-1
37.47295,126.97526,30,보호구역,-1
37.47380,126.97475,30,보호구역,-1
37.47516,126.96421,30,과속단속,-1
37.47597,126.96137,30,보호구역,-1
37.47697,126.96226,30,과속단속,-1
37.47576,126.95186,30,보호구역,-1
37.04042,127.13764,110,구간단속,169
34.71392,126.81311,30,보호구역,-1
34.64342,126.78842,30,보호구역,-1
34.64264,126.78364,30,보호구역,-1
34.70342,126.77294,30,보호구역,-1
34.69322,126.70828,30,보호구역,-1
34.69322,126.70831,30,보호구역,-1
34.49917,126.71006,30,보호구역,-1
34.63667,126.76578,30,보호구역,-1
34.55053,126.72694,30,보호구역,-1
34.55005,126.72724,30,보호구역,-1
36.76256,127.74218,60,과속단속,-1
36.75185,127.72691,60,과속단속,-1
36.79660,127.78530,50,과속단속,-1
36.81571,127.78175,50,과속단속,-1
36.66183,127.47121,60,과속단속,-1
36.71446,127.42257,50,과속단속,-1
36.73572,127.46287,40,과속단속,-1
36.60640,127.47239,50,과속단속,-1
36.63745,127.51030,50,과속단속,-1
36.62196,127.42895,50,과속단속,-1
37.11956,127.65467,80,과속단속,276
37.49698,128.22474,100,구간단속,246
37.58222,128.40608,100,구간단속,228
38.13806,128.00620,60,과속단속,-1
38.08680,127.73969,60,과속단속,-1
38.15799,127.31021,70,과속단속,-1
38.09244,128.17956,80,과속단속,180
38.23821,128.57145,80,과속단속,172
37.13895,127.07176,30,보호구역,-1
37.13185,127.07233,30,보호구역,9
37.36401,126.87732,30,보호구역,-1
37.32336,126.84675,30,보호구역,-1
37.32353,126.84352,30,보호구역,-1
37.30904,126.90544,30,보호구역,-1
37.28498,126.85014,30,보호구역,-1
37.28044,126.83470,30,보호구역,187
37.33301,126.81005,30,과속단속,87
37.33569,126.80976,30,과속단속,267
37.34060,126.81134,30,보호구역,-1
37.33636,126.83044,30,보호구역,-1
37.24151,126.60089,30,보호구역,-1
37.33929,126.80034,30,보호구역,-1
37.34513,126.80663,30,보호구역,-1
37.21929,126.57630,30,보호구역,-1
37.24572,126.58158,30,보호구역,-1
37.26804,126.56905,50,과속단속,-1
37.32163,126.81743,50,과속단속,94
37.25555,126.56426,50,과속단속,-1
37.54247,127.22101,30,보호구역,-1
36.94679,126.99143,90,구간단속,176
36.94679,126.99147,90,구간단속,176
37.00841,126.98877,90,구간단속,177
37.00841,126.98883,90,구간단속,177
37.60611,127.10579,30,과속단속,-1
35.02120,126.78530,60,과속단속,270
35.02100,126.78510,60,과속단속,89
35.05300,126.73690,70,과속단속,-1
34.99990,126.71340,50,보호구역,-1
35.01920,126.71360,60,과속단속,-1
34.94060,126.60380,70,과속단속,358
34.90540,126.54330,70,과속단속,183
35.04610,126.83730,60,과속단속,74
37.55197,126.66370,60,과속단속,-1
37.48507,126.66034,60,과속단속,-1
37.46932,126.62906,30,과속단속,-1
37.45135,126.62882,30,과속단속,-1
37.45304,126.60741,30,과속단속,-1
36.88765,127.56662,30,보호구역,-1
36.99634,127.46828,40,보호구역,-1
36.90013,127.68169,80,과속단속,-1
37.01586,127.49347,50,보호구역,-1
37.46438,126.63565,30,과속단속,-1
37.46366,126.63627,30,과속단속,-1
37.46449,126.63618,30,과속단속,314
35.28070,129.23277,70,과속단속,-1
35.26963,129.22942,60,과속단속,198
35.26967,129.22961,60,과속단속,18
35.20486,129.00371,50,보호구역,-1
35.20506,129.00343,50,보호구역,-1
35.92725,126.95712,30,보호구역,-1
36.34263,127.42072,30,보호구역,-1
36.32849,127.44542,30,보호구역,-1
36.32819,127.44568,30,보호구역,-1
36.34744,127.44038,30,과속단속,-1
36.30324,127.45701,30,보호구역,-1
36.30325,127.45705,30,보호구역,-1
36.31646,127.46109,30,보호구역,-1
36.31601,127.46124,30,보호구역,-1
36.34141,127.42010,30,보호구역,-1
36.34149,127.42024,30,보호구역,-1
36.27994,127.46945,30,보호구역,-1
36.33609,127.44821,30,과속단속,-1
36.32231,127.46046,40,과속단속,-1
36.32960,127.45476,30,보호구역,-1
34.59410,127.41700,30,보호구역,-1
34.96624,127.71365,30,보호구역,-1
34.96301,127.71951,30,보호구역,-1
34.94420,127.69510,30,보호구역,-1
34.93400,127.72120,30,보호구역,-1
34.97080,127.58340,30,보호구역,-1
34.97070,127.58620,30,보호구역,-1
34.96620,127.57130,30,과속단속,-1
34.97680,127.59310,30,보호구역,-1
34.93700,127.69110,30,보호구역,-1
34.97890,127.57800,30,보호구역,-1
34.95500,127.69030,30,보호구역,-1
34.97230,126.87520,60,과속단속,-1
35.03790,126.85180,50,과속단속,-1
36.52197,127.24554,70,구간단속,227
36.52188,127.24571,70,구간단속,45
36.46743,127.26471,70,구간단속,294
36.47786,127.31153,70,과속단속,290
36.47939,127.30887,70,과속단속,322
35.72315,126.75310,50,과속단속,26
35.72205,126.75222,50,과속단속,207
35.70586,126.74327,40,과속단속,-1
35.72032,126.73090,50,과속단속,191
35.71131,126.71286,60,과속단속,-1
35.60404,126.62170,40,과속단속,-1
35.69513,126.57267,80,과속단속,183
35.71956,126.79127,80,과속단속,276
35.19271,127.49006,30,보호구역,-1
35.25046,127.43244,30,보호구역,-1
35.20961,127.46196,30,보호구역,-1
35.20504,127.46438,30,보호구역,-1
35.20512,127.46601,30,보호구역,-1
35.19810,127.56890,60,과속단속,-1
35.18260,127.46540,80,과속단속,344
35.20450,127.46730,50,과속단속,-1
37.53331,126.90712,60,과속단속,144
37.53390,126.90235,50,과속단속,351
37.53590,126.89753,60,과속단속,212
36.81900,127.10490,30,보호구역,-1
36.80492,127.10545,30,보호구역,-1
36.80501,127.10552,30,보호구역,-1
36.82940,127.13320,30,보호구역,183
36.87863,127.17200,30,보호구역,91
36.91205,127.19717,30,보호구역,-1
36.91196,127.19698,30,보호구역,-1
36.84050,127.13600,30,보호구역,-1
36.82444,127.13493,30,보호구역,-1
36.82448,127.13508,30,보호구역,-1
36.91477,127.13804,30,보호구역,-1
36.91447,127.13785,30,보호구역,-1
36.92475,127.11534,30,보호구역,-1
36.92433,127.11745,30,보호구역,-1
36.80220,127.12260,30,보호구역,-1
36.80208,127.12383,30,보호구역,-1
36.79800,127.12040,30,보호구역,-1
36.79661,127.12243,30,보호구역,-1
36.79648,127.12251,30,보호구역,-1
36.79928,127.12029,30,보호구역,-1
36.80060,127.11530,40,과속단속,-1
36.79350,127.11780,30,보호구역,-1
36.91243,127.24113,30,보호구역,-1
36.91229,127.24105,30,보호구역,-1
36.90222,127.22401,30,보호구역,-1
36.90211,127.22391,30,보호구역,-1
36.88209,127.15445,30,보호구역,-1
36.82920,127.12360,30,보호구역,-1
36.29988,127.23601,60,과속단속,-1
35.50736,129.42062,30,보호구역,-1
35.35056,129.32731,50,과속단속,-1
35.42796,129.31346,30,보호구역,-1
35.42796,129.31343,30,보호구역,-1
37.56464,126.96382,30,보호구역,-1
37.56849,126.96172,30,과속단속,-1
37.51934,126.97544,30,보호구역,-1
37.53531,126.95325,30,보호구역,-1
36.77532,127.13631,30,보호구역,-1
36.77534,127.13641,30,보호구역,-1
36.77545,127.13815,30,보호구역,-1
36.77539,127.13821,30,보호구역,-1
36.82333,127.15202,30,보호구역,-1
35.68995,127.25365,80,과속단속,105
37.46709,127.09759,30,보호구역,-1
37.49076,127.10122,30,보호구역,-1
37.47784,127.05688,50,과속단속,143
37.49472,127.07815,30,보호구역,-1
37.50425,127.06246,50,과속단속,-1
37.53073,127.03034,30,보호구역,-1
37.50812,127.02699,30,보호구역,-1
36.84708,127.53880,30,보호구역,-1
36.78441,127.43502,30,보호구역,-1
36.90394,127.52842,30,보호구역,-1
36.84686,127.44245,30,보호구역,-1
36.99286,127.44110,30,보호구역,-1
36.93087,127.42910,30,보호구역,-1
36.94544,127.42818,30,보호구역,-1
36.89860,127.44152,30,보호구역,-1
36.90413,127.52904,30,보호구역,-1
36.90174,127.53894,30,보호구역,-1
34.38872,126.56008,30,보호구역,-1
34.40824,126.63041,30,보호구역,-1
34.35171,126.47667,30,보호구역,-1
34.49811,126.51854,60,과속단속,-1
34.44394,126.49023,60,과속단속,-1
34.44281,126.50108,60,과속단속,-1
34.42950,126.55601,60,과속단속,-1
34.33910,126.59807,60,과속단속,-1
34.33767,126.59903,60,과속단속,-1
37.53791,127.01250,30,보호구역,-1
37.97054,127.32956,30,보호구역,204
37.90303,127.20295,30,보호구역,-1
37.93733,127.22044,30,보호구역,-1
37.82833,127.14443,30,보호구역,-1
37.78723,127.22944,30,보호구역,-1
37.72473,127.09636,60,과속단속,316
37.74027,127.05989,30,보호구역,-1
37.73563,127.09117,30,보호구역,-1
37.74671,127.03632,30,보호구역,-1
37.76127,127.02998,30,보호구역,-1
37.73091,127.08376,40,보호구역,130
37.37030,127.00684,30,보호구역,-1
37.31262,126.83062,50,과속단속,5
37.33139,126.81917,30,보호구역,-1
37.29311,126.87352,30,보호구역,-1
37.29760,126.91453,70,과속단속,17
37.34271,127.21130,50,과속단속,-1
37.41212,126.61472,30,과속단속,125
35.76288,128.37879,30,보호구역,-1
36.64262,128.06315,30,보호구역,-1
36.64368,128.06340,30,보호구역,-1
36.06795,128.40872,30,과속단속,-1
36.08072,128.53900,60,보호구역,355
36.03817,128.53726,80,과속단속,-1
35.98766,128.40161,50,과속단속,-1
37.54032,127.00189,30,보호구역,-1
37.58953,127.00634,30,보호구역,-1
37.61000,127.01954,30,보호구역,-1
37.61281,127.01708,30,보호구역,-1
37.61024,127.05777,30,보호구역,-1
37.58678,127.02352,30,보호구역,-1
37.59214,127.01305,30,보호구역,-1
37.60848,127.01947,30,보호구역,-1
37.62120,127.04715,30,보호구역,-1
36.57993,128.19212,50,과속단속,-1
36.59861,128.19731,30,보호구역,-1
36.64291,128.07539,60,과속단속,-1
36.60369,128.20334,30,보호구역,-1
36.59171,128.19474,30,보호구역,-1
36.59812,128.19430,30,보호구역,-1
36.59921,128.19652,30,보호구역,-1
36.60131,128.00439,30,보호구역,-1
36.58571,128.19702,80,과속단속,34
36.58506,128.19514,30,과속단속,-1
36.59097,128.18204,30,보호구역,-1
36.82604,128.61638,30,보호구역,-1
36.87064,128.52409,30,보호구역,-1
36.91226,128.79058,30,보호구역,-1
35.93596,128.98612,70,과속단속,110
35.94142,128.89989,60,과속단속,238
36.05895,128.89343,60,과속단속,-1
35.98315,128.93546,50,과속단속,-1
35.99027,129.22826,30,보호구역,-1
35.58473,129.34359,30,보호구역,-1
35.56735,129.32634,60,보호구역,-1
35.56674,129.34775,30,보호구역,-1
35.57054,129.33766,30,보호구역,-1
35.55797,129.31176,50,과속단속,-1
35.56107,129.29936,30,보호구역,-1
35.56106,129.29942,30,보호구역,-1
35.55826,129.32988,30,보호구역,-1
35.56957,129.33629,30,보호구역,-1
35.59193,129.36561,30,보호구역,-1
35.54478,129.38529,30,보호구역,-1
35.63112,129.35109,50,과속단속,-1
35.64137,129.35724,50,과속단속,-1
35.64269,129.35817,30,보호구역,-1
35.64373,129.35906,30,보호구역,-1
35.63420,129.36396,30,보호구역,-1
35.63420,129.36395,30,보호구역,-1
35.62127,129.35744,30,보호구역,-1
35.62130,129.35587,30,보호구역,-1
35.52989,129.42976,50,보호구역,-1
35.51745,129.42682,30,보호구역,-1
35.51745,129.42683,30,보호구역,-1
35.48739,129.41195,30,보호구역,-1
35.48734,129.41200,30,보호구역,-1
35.48072,129.41514,30,과속단속,-1
37.52123,126.97296,30,보호구역,-1
37.58033,126.85676,90,과속단속,307
37.49763,127.00052,30,과속단속,-1
37.47520,127.00012,30,보호구역,-1
37.46598,126.98883,30,과속단속,-1
37.47847,127.14189,30,보호구역,-1
37.47821,127.13989,30,보호구역,-1
37.48902,127.15205,30,과속단속,-1
37.48748,127.14953,30,과속단속,-1
37.48425,127.14771,30,보호구역,-1
37.48452,127.14736,30,보호구역,-1
37.48841,127.14228,50,과속단속,-1
37.48509,127.14126,50,과속단속,19
37.48532,127.14148,50,과속단속,325
37.48557,127.14101,50,과속단속,198
37.48514,127.14098,50,과속단속,198
37.48291,127.14047,50,과속단속,18
37.48268,127.13994,50,과속단속,-1
37.57022,126.97716,50,과속단속,4
37.57548,126.96857,50,과속단속,227
35.23602,127.20866,30,보호구역,-1
35.15303,127.31894,30,보호구역,-1
35.15294,127.31912,30,보호구역,-1
35.29755,127.34177,30,보호구역,-1
35.28007,127.28795,30,보호구역,-1
35.12153,127.30031,30,보호구역,-1
35.12197,127.30031,30,보호구역,-1
35.19934,126.49951,60,과속단속,-1
35.28267,126.48656,50,과속단속,-1
35.36541,128.53865,60,과속단속,-1
35.31963,128.39073,60,과속단속,-1
35.20904,128.43484,30,보호구역,-1
35.20905,128.43485,30,보호구역,-1
35.35014,128.43102,30,보호구역,-1
35.35014,128.43104,30,보호구역,-1
36.92137,128.35504,60,과속단속,-1
37.17518,127.12437,70,과속단속,192
37.60664,126.75047,30,보호구역,-1
37.30956,127.11037,30,보호구역,-1
37.25218,127.21940,50,과속단속,-1
37.17017,127.20791,50,과속단속,-1
37.24705,127.22035,50,과속단속,-1
37.18924,127.20620,50,과속단속,141
37.28366,127.21952,30,보호구역,-1
37.23576,127.21619,30,보호구역,-1
37.27719,127.14749,30,보호구역,-1
37.25763,127.14109,30,보호구역,-1
37.25135,127.10942,30,보호구역,-1
37.25162,127.13759,30,보호구역,-1
37.27460,127.12738,30,보호구역,199
37.11806,127.37757,30,보호구역,-1
37.18783,127.32840,70,과속단속,321
37.13726,127.39937,30,보호구역,307
37.11363,127.15024,30,보호구역,-1
37.18689,127.36698,60,과속단속,-1
34.52742,126.95364,30,보호구역,-1
34.68883,126.91892,30,보호구역,-1
35.18029,129.05116,50,보호구역,-1
35.08024,128.99022,50,과속단속,-1
35.09219,128.91211,50,과속단속,130
35.15005,128.86115,50,과속단속,180
35.77225,127.89415,60,구간단속,-1
35.74590,127.90341,60,구간단속,-1
35.53266,127.99300,60,구간단속,-1
35.51070,127.95370,50,구간단속,-1
35.37504,128.71206,30,보호구역,-1
35.37506,128.71169,30,보호구역,-1
35.39567,128.83662,30,보호구역,-1
35.39531,128.83638,30,보호구역,-1
35.45236,128.80025,30,보호구역,-1
35.45216,128.80067,30,보호구역,-1
35.46858,128.76170,50,보호구역,216
35.46875,128.76198,50,보호구역,36
35.39458,128.77809,60,과속단속,-1
35.39422,128.77834,60,과속단속,-1
35.47611,128.76311,30,보호구역,-1
35.47635,128.76320,30,보호구역,-1
35.24088,128.42215,30,보호구역,-1
35.24086,128.42214,30,보호구역,-1
35.38697,128.50633,30,보호구역,-1
35.38695,128.50634,30,보호구역,-1
37.53421,127.11747,30,보호구역,-1
37.47808,127.13052,30,과속단속,-1
35.86834,129.22111,30,보호구역,-1
37.51006,127.09483,30,보호구역,95
37.50522,127.07768,50,과속단속,48
37.50593,127.08288,50,과속단속,-1
35.86814,129.22140,30,보호구역,-1
37.50725,127.12944,50,과속단속,-1
37.50310,127.13937,40,과속단속,-1
35.67598,129.33360,30,보호구역,-1
37.51985,127.11184,30,보호구역,-1
35.84753,129.22886,30,보호구역,-1
37.52176,127.10448,30,보호구역,358
37.48844,127.13101,30,과속단속,-1
35.84792,129.22898,30,보호구역,-1
35.88471,129.22875,30,보호구역,-1
37.48650,127.12680,30,과속단속,-1
37.50142,127.14920,30,보호구역,290
37.48959,127.14520,30,과속단속,-1
35.87646,129.22933,30,보호구역,-1
37.52611,127.11246,30,보호구역,-1
37.49780,127.15433,40,과속단속,-1
37.55420,126.92380,30,보호구역,-1
37.56044,126.90086,30,보호구역,151
37.55756,126.90318,30,보호구역,-1
37.57930,126.88183,30,보호구역,-1
35.87669,129.22880,30,보호구역,-1
34.56103,126.93958,30,보호구역,-1
37.52834,126.90793,30,보호구역,-1
37.53226,126.89633,30,보호구역,-1
37.52833,126.89326,30,보호구역,-1
37.52713,126.92264,30,보호구역,-1
37.52039,126.88487,30,과속단속,-1
37.52901,126.90426,30,보호구역,-1
37.51856,126.93392,30,보호구역,-1
37.57388,127.17198,30,보호구역,-1
37.55050,127.16838,30,보호구역,-1
37.55217,127.15286,30,보호구역,-1
37.51928,127.13335,50,보호구역,-1
37.51008,127.13134,60,과속단속,-1
37.51085,127.13105,60,과속단속,298
37.59696,126.95663,30,보호구역,-1
37.59666,126.95633,30,보호구역,-1
36.12245,128.10744,30,보호구역,-1
36.75966,128.24393,30,보호구역,-1
36.07065,128.33755,30,보호구역,-1
36.04632,128.39789,60,과속단속,-1
36.04549,128.52090,30,보호구역,-1
35.88579,129.17960,30,보호구역,-1
35.88567,129.17922,30,보호구역,-1
35.82381,129.13204,30,보호구역,-1
37.57409,126.91915,30,보호구역,-1
37.59629,126.94908,30,보호구역,-1
37.55927,126.95350,30,보호구역,-1
37.55890,126.95360,30,보호구역,-1
37.52988,127.11489,30,보호구역,-1
36.31166,127.26109,50,과속단속,-1
36.31078,127.26056,50,과속단속,-1
37.58560,126.94910,30,보호구역,-1
37.49878,126.91847,50,과속단속,-1
37.49439,126.90888,50,과속단속,-1
37.49799,126.89555,30,보호구역,-1
37.49665,126.90824,50,과속단속,-1
37.50294,126.89699,30,보호구역,-1
37.50504,126.89796,50,과속단속,-1
37.50227,126.90927,30,보호구역,-1
37.50677,126.92127,30,보호구역,-1
37.50704,126.90828,30,과속단속,-1
37.50900,126.90164,30,보호구역,-1
37.50505,126.92172,30,보호구역,-1
37.51422,126.91701,30,보호구역,-1
37.50535,126.91269,30,보호구역,291
37.50389,126.91021,30,보호구역,4
37.50300,126.90061,50,과속단속,-1
37.50611,126.89986,30,보호구역,-1
37.50416,126.90296,50,과속단속,-1
37.50331,126.91857,30,보호구역,-1
37.52333,126.88808,30,과속단속,-1
37.52464,126.89318,30,과속단속,-1
37.54047,126.89272,30,보호구역,-1
37.51609,126.88525,30,과속단속,-1
37.53190,126.91163,30,보호구역,-1
37.52378,126.89744,30,과속단속,-1
37.52541,126.88633,30,과속단속,-1
35.79533,126.94384,30,보호구역,-1
35.79527,126.94393,30,보호구역,-1
35.79503,126.89988,30,보호구역,-1
35.85684,127.11931,30,보호구역,-1
35.78560,127.12596,30,보호구역,-1
35.82808,127.10196,30,보호구역,-1
35.82295,127.15408,30,보호구역,-1
35.82182,127.11710,30,보호구역,-1
35.82097,127.09932,30,보호구역,-1
35.84866,127.06199,30,보호구역,-1
35.82597,127.13288,30,보호구역,-1
35.83822,127.15110,30,보호구역,-1
35.58812,126.61069,40,과속단속,-1
35.67328,126.71162,40,과속단속,-1
35.67264,126.71056,40,과속단속,-1
35.60974,126.64733,60,과속단속,-1
35.71890,126.73728,50,과속단속,229
35.59189,126.67907,30,보호구역,-1
35.71741,126.73744,30,보호구역,179
35.72854,126.73257,30,보호구역,-1
35.72836,126.73253,30,보호구역,-1
35.76313,126.69521,30,보호구역,-1
35.76286,126.69546,30,보호구역,-1
35.69555,126.79553,80,과속단속,357
35.75675,126.77064,80,과속단속,228
36.31848,127.39714,50,과속단속,-1
35.12641,126.78660,30,보호구역,-1
35.13216,126.94600,30,보호구역,-1
35.16044,126.92060,30,보호구역,-1
35.13094,126.93528,30,보호구역,48
35.13500,126.86118,30,보호구역,-1
35.15957,126.88847,30,보호구역,-1
35.15976,126.88857,30,보호구역,-1
35.16518,126.85151,30,보호구역,-1
35.14113,126.85630,30,보호구역,-1
35.11310,126.82955,30,보호구역,-1
35.11721,126.92263,30,보호구역,-1
35.13270,126.93204,30,과속단속,281
35.15526,126.91640,30,보호구역,-1
35.14930,126.93463,30,보호구역,-1
35.11260,126.90229,30,보호구역,-1
35.10359,126.90582,30,보호구역,-1
35.12477,126.91820,30,보호구역,-1
35.13858,126.91821,30,보호구역,-1
35.12779,126.90632,30,보호구역,-1
35.14807,126.89712,30,보호구역,-1
35.10310,126.87177,30,보호구역,-1
35.10170,126.89069,30,보호구역,-1
35.12424,126.91230,30,보호구역,-1
35.87683,126.95038,30,보호구역,-1
35.87720,126.95039,30,보호구역,-1
35.84672,126.78238,30,보호구역,-1
35.80105,126.88660,30,보호구역,-1
37.68165,126.48681,30,과속단속,-1
37.77258,126.41902,30,과속단속,-1
34.60940,127.28881,30,보호구역,-1
34.64623,127.27326,30,과속단속,-1
34.60464,127.28089,30,과속단속,-1
34.60019,127.27820,30,보호구역,-1
34.60538,127.27671,30,과속단속,-1
34.50850,127.32030,30,보호구역,-1
34.62288,127.47110,40,과속단속,-1
35.16342,126.89865,30,보호구역,-1
35.16887,126.91221,30,보호구역,-1
35.17556,126.91914,30,보호구역,-1
35.18133,126.93516,30,보호구역,-1
35.21023,126.89460,30,보호구역,-1
35.20754,126.89754,30,보호구역,-1
35.18923,126.90534,50,과속단속,-1
35.18796,126.86760,30,보호구역,-1
35.16656,126.93607,30,보호구역,-1
35.17684,126.86424,30,보호구역,-1
35.20583,126.89423,30,보호구역,-1
35.18375,126.92186,30,보호구역,-1
35.18815,126.82791,30,보호구역,-1
35.18383,126.82291,30,보호구역,-1
35.19755,126.81616,30,보호구역,-1
35.17731,126.82063,30,보호구역,-1
35.18243,126.83455,30,보호구역,-1
35.16489,126.81244,30,보호구역,-1
37.55785,126.96751,30,보호구역,-1
37.56864,126.97423,20,보호구역,25
37.56224,127.00118,30,보호구역,-1
37.56125,127.01947,30,보호구역,-1
37.55953,127.01188,30,보호구역,-1
37.55536,127.01227,30,과속단속,-1
37.56482,127.02243,30,보호구역,283
37.56398,126.97293,20,보호구역,180
37.56025,127.00190,30,보호구역,-1
37.55574,126.96741,30,보호구역,-1
35.03419,126.90687,60,과속단속,-1
35.05193,126.98158,50,과속단속,-1
37.38355,126.63346,30,과속단속,-1
37.38466,126.63532,30,과속단속,-1
37.37966,126.64698,30,과속단속,-1
37.38070,126.64830,30,과속단속,-1
37.38568,126.66804,30,과속단속,-1
37.37471,126.65418,30,과속단속,-1
37.39156,126.65809,30,과속단속,-1
37.39253,126.65237,30,과속단속,218
37.40226,126.64634,30,과속단속,-1
37.39973,126.64628,30,과속단속,-1
37.39875,126.64383,30,과속단속,-1
37.39736,126.64548,30,과속단속,-1
37.70349,126.32283,30,과속단속,-1
37.68872,126.41894,30,과속단속,-1
37.70826,126.44862,50,과속단속,-1
37.50658,127.13460,30,보호구역,-1
37.49646,127.14255,30,보호구역,221
37.50590,127.10952,30,보호구역,-1
37.49527,127.15312,30,보호구역,-1
37.49703,127.12853,30,보호구역,-1
37.48932,127.11208,30,보호구역,-1
37.49885,127.10254,30,보호구역,-1
37.47609,126.95887,30,보호구역,-1
37.46055,126.92090,30,보호구역,242
37.46839,126.93947,20,보호구역,257
37.56777,127.01595,50,보호구역,-1
37.56792,127.01627,30,보호구역,-1
37.56098,126.98587,50,과속단속,262
37.56087,126.98647,50,과속단속,79
35.40568,129.32262,30,보호구역,-1
37.55538,126.93965,30,보호구역,247
37.48892,127.01680,30,보호구역,-1
37.48719,127.02337,50,과속단속,-1
37.50512,127.01375,30,보호구역,-1
37.50556,127.01113,30,보호구역,-1
37.56400,126.95340,30,보호구역,-1
37.54567,126.95324,30,보호구역,-1
37.53869,126.95099,30,보호구역,-1
37.55348,126.96011,30,과속단속,-1
37.53407,127.00072,30,보호구역,-1
37.57625,126.90785,30,보호구역,-1
37.57755,126.90978,30,과속단속,-1
37.45115,126.90105,30,보호구역,73
37.44757,126.90568,30,보호구역,-1
37.45199,126.91402,30,보호구역,-1
35.56737,129.24364,30,보호구역,-1
35.57170,129.23696,30,보호구역,-1
37.44179,126.90776,30,보호구역,339
37.45865,126.89662,30,보호구역,-1
34.68860,127.36654,80,과속단속,317
36.02038,128.38368,30,보호구역,-1
35.55348,129.25226,50,보호구역,-1
35.56314,129.23206,30,과속단속,-1
35.55707,129.12896,40,과속단속,-1
35.42772,129.31184,30,보호구역,-1
35.56216,129.11656,30,보호구역,-1
35.20459,127.50071,50,과속단속,-1
35.27463,127.14326,60,과속단속,72
35.26416,127.34393,40,과속단속,-1
35.24543,127.19251,40,과속단속,-1
37.52490,126.96522,30,보호구역,-1
35.41896,129.28102,30,보호구역,-1
35.51618,129.42582,30,보호구역,-1
37.53417,126.94973,30,보호구역,-1
34.39919,126.61587,60,과속단속,-1
34.37250,126.52215,30,과속단속,-1
37.48865,126.96618,40,보호구역,-1
37.48820,126.96618,40,보호구역,-1
37.50194,126.96037,30,보호구역,-1
37.48930,126.97187,30,보호구역,-1
37.49981,126.96082,30,보호구역,-1
37.48504,126.97226,30,보호구역,-1
37.48898,126.96452,30,보호구역,-1
37.49788,126.95017,30,보호구역,-1
37.50491,126.95216,30,보호구역,-1
37.51065,126.95345,20,보호구역,-1
37.50080,126.94418,30,보호구역,-1
37.48273,126.97827,30,보호구역,-1
37.49613,126.95353,50,과속단속,-1
37.50461,126.92317,30,보호구역,-1
37.49809,126.92134,30,과속단속,-1
36.79134,127.16888,30,과속단속,-1
36.79139,127.16892,30,과속단속,-1
36.78146,127.23518,50,과속단속,-1
36.76041,127.17696,30,보호구역,-1
36.72924,127.21399,50,과속단속,-1
36.72913,127.21408,50,과속단속,-1
36.74261,127.22138,50,과속단속,-1
36.74264,127.22146,50,과속단속,-1
36.78835,127.12988,30,보호구역,-1
36.78856,127.12658,30,보호구역,-1
37.53445,126.97190,30,보호구역,308
36.05174,128.40997,30,보호구역,-1
36.07230,128.42950,30,보호구역,-1
35.98628,128.55389,30,보호구역,-1
36.07647,128.39753,30,보호구역,-1
35.99963,128.40565,30,보호구역,-1
35.99147,128.40121,40,과속단속,-1
35.98583,128.40609,30,보호구역,-1
35.98574,128.40603,30,보호구역,-1
36.02947,129.38061,50,과속단속,33
36.49537,127.30658,50,과속단속,209
36.49570,127.30716,50,과속단속,26
36.48623,127.30093,50,과속단속,211
36.48643,127.30154,50,과속단속,31
34.84335,126.87833,60,과속단속,-1
34.67552,126.90163,30,보호구역,-1
35.94652,126.97521,50,과속단속,118
35.94717,126.98456,50,과속단속,-1
35.98843,126.71665,50,과속단속,284
35.98772,126.71892,50,과속단속,107
35.60873,127.27146,30,보호구역,-1
35.66252,127.15602,30,보호구역,-1
35.65679,127.22742,30,보호구역,-1
35.65864,127.27002,30,보호구역,-1
35.60283,127.10554,30,보호구역,-1
35.65644,127.24113,60,과속단속,-1
35.67817,127.26753,80,과속단속,334
35.69032,127.25388,80,과속단속,-1
37.55173,126.98131,30,보호구역,-1
35.99259,128.42914,30,보호구역,-1
35.98510,128.39515,30,보호구역,-1
36.12827,128.39124,80,과속단속,96
36.12835,128.38987,80,과속단속,102
36.71202,129.10952,60,과속단속,-1
36.13593,128.33213,50,과속단속,287
36.15048,128.31048,40,보호구역,-1
36.81067,128.60778,40,과속단속,-1
36.12225,128.36647,40,보호구역,287
36.10911,128.39298,60,과속단속,356
36.10859,128.39285,60,과속단속,-1
36.12642,128.36867,60,과속단속,111
36.12554,128.33559,50,과속단속,-1
36.14882,128.32344,50,과속단속,-1
36.88457,129.41465,60,과속단속,331
36.88392,129.41502,60,과속단속,157
36.13009,128.33880,50,과속단속,-1
36.12989,128.33893,50,과속단속,-1
36.12153,128.35033,50,과속단속,109
36.12174,128.35012,50,과속단속,290
36.11078,128.38559,50,과속단속,90
36.10261,128.35610,50,과속단속,-1
36.18854,128.34767,60,과속단속,162
35.18098,126.58890,60,과속단속,-1
35.17250,126.61458,80,과속단속,210
35.17140,126.61425,80,과속단속,25
37.88933,126.74790,90,과속단속,6
37.55172,126.98114,30,보호구역,-1
36.91224,128.79046,30,보호구역,-1
36.91339,128.87791,30,보호구역,-1
36.93942,128.91438,30,보호구역,-1
36.85643,128.89845,30,보호구역,-1
36.81680,128.96277,30,보호구역,-1
36.00354,129.19722,30,보호구역,-1
36.60266,128.18385,60,과속단속,-1
36.63875,128.06903,60,과속단속,-1
36.60591,128.16656,30,보호구역,-1
36.62557,128.15660,30,보호구역,-1
36.60950,128.25274,30,보호구역,-1
36.63909,128.16863,30,보호구역,-1
36.84645,128.55652,30,보호구역,-1
36.82605,128.61624,30,보호구역,-1
36.82767,128.62847,40,과속단속,-1
36.77509,128.57697,30,보호구역,-1
36.02451,128.43241,70,과속단속,116
35.94699,128.40159,70,과속단속,348
35.92248,128.84339,40,보호구역,-1
35.92274,128.84357,40,보호구역,-1
35.90502,128.49866,30,보호구역,-1
36.05833,128.37892,40,과속단속,-1
36.00597,128.59265,30,보호구역,-1
36.62304,127.89258,30,보호구역,-1
35.98460,128.38275,30,보호구역,-1
37.73376,126.88662,60,과속단속,-1
37.64603,126.77830,30,보호구역,-1
37.66139,126.75678,30,보호구역,-1
37.65445,126.79407,30,보호구역,-1
37.69206,126.74837,30,보호구역,-1
37.91029,126.99736,40,보호구역,-1
37.81365,127.09209,30,보호구역,-1
37.83892,127.07014,30,보호구역,-1
37.54250,126.99251,50,과속단속,-1
37.54454,126.99111,50,과속단속,-1
37.54608,126.98907,50,과속단속,-1
37.54671,126.98511,50,과속단속,309
37.54769,126.98438,50,과속단속,182
37.47400,127.03321,30,보호구역,-1
37.45439,127.06473,30,보호구역,-1
37.45462,127.06437,30,보호구역,-1
37.50868,127.01129,30,과속단속,-1
37.51008,127.01061,30,과속단속,-1
37.51059,127.01056,30,보호구역,-1
37.50612,127.00262,30,과속단속,-1
37.50687,127.00107,30,보호구역,-1
37.46639,126.88559,80,구간단속,326
37.53926,126.88973,80,구간단속,159
37.54180,126.88831,80,구간단속,156
37.46640,126.88580,80,구간단속,329
37.59303,126.99860,30,보호구역,-1
37.59850,127.02046,30,보호구역,-1
37.45898,126.89663,30,보호구역,-1
37.45958,126.90797,30,보호구역,-1
37.45924,126.90812,30,보호구역,-1
37.45401,126.91246,30,보호구역,-1
37.45423,126.91236,30,보호구역,-1
37.45712,126.88882,30,과속단속,-1
37.46180,127.05231,30,과속단속,-1
37.46161,127.05027,30,보호구역,-1
35.02021,127.45811,70,과속단속,-1
35.01324,127.46500,70,과속단속,-1
34.95776,127.54481,80,과속단속,328
37.45353,127.05903,30,보호구역,-1
35.28292,126.48658,50,과속단속,-1
35.27756,126.50742,30,과속단속,-1
35.27792,126.51278,30,보호구역,-1
35.53896,129.42708,50,과속단속,-1
35.57047,129.35662,60,과속단속,267
35.54180,129.31143,50,과속단속,-1
35.54363,129.34441,50,과속단속,-1
35.53710,129.33995,50,과속단속,166
35.51675,129.26608,80,과속단속,117
35.51811,129.26307,80,과속단속,127
35.49870,129.22977,70,과속단속,14
35.51528,129.26133,80,과속단속,234
35.49924,129.23146,80,과속단속,-1
35.48646,129.22665,80,과속단속,-1
35.43857,129.28453,70,과속단속,-1
35.55794,129.45202,60,과속단속,-1
35.54575,129.43543,50,과속단속,-1
35.50280,129.30614,70,과속단속,247
35.50251,129.30547,70,과속단속,-1
35.51603,129.33718,30,보호구역,-1
35.53775,129.30310,30,보호구역,-1
35.53699,129.30311,30,보호구역,-1
35.54982,129.27858,30,보호구역,-1
35.52261,129.33398,50,과속단속,300
35.53452,129.28989,30,보호구역,-1
35.53454,129.28983,30,보호구역,-1
35.54948,129.25473,30,보호구역,-1
35.58472,129.34360,30,보호구역,-1
37.25140,127.14985,60,과속단속,270
35.32006,129.00708,50,과속단속,-1
35.32015,129.00715,50,과속단속,-1
34.91387,128.65921,50,과속단속,280
34.81568,128.67520,30,보호구역,-1
34.81183,128.66627,30,보호구역,-1
34.81182,128.66626,30,보호구역,-1
34.89634,128.69417,30,보호구역,-1
34.89627,128.69255,30,보호구역,-1
34.88033,128.62602,30,보호구역,-1
34.88035,128.62601,30,보호구역,-1
34.94285,128.71680,30,보호구역,-1
34.89570,128.63030,30,보호구역,-1
34.82074,128.60941,30,보호구역,-1
34.83561,128.49617,30,보호구역,-1
34.83559,128.49619,30,보호구역,-1
34.88786,128.64223,30,보호구역,-1
34.86972,128.67916,30,보호구역,-1
34.88045,128.73534,30,보호구역,-1
34.82706,128.70600,50,보호구역,-1
34.86125,128.64386,30,보호구역,337
34.88966,128.64374,30,보호구역,-1
37.47791,126.98390,20,보호구역,-1
37.48906,126.99189,30,과속단속,-1
37.48792,126.98704,30,보호구역,-1
37.49083,126.98667,30,보호구역,-1
37.48081,126.98264,30,보호구역,3
37.46346,127.08995,60,과속단속,247
37.55355,126.94870,30,보호구역,-1
37.54711,126.94398,50,과속단속,299
37.56612,126.91083,50,보호구역,-1
35.48356,129.41523,30,보호구역,-1
37.45359,126.90607,30,과속단속,-1
36.63749,127.28997,60,과속단속,94
36.63746,127.28997,60,과속단속,94
36.65459,128.25834,30,보호구역,-1
34.90317,127.57291,60,과속단속,145
35.56329,129.23226,30,과속단속,-1
35.57168,129.23694,30,보호구역,-1
35.65416,129.20191,30,보호구역,-1
35.64266,129.15909,30,보호구역,-1
35.56214,129.11636,30,보호구역,-1
35.56736,129.24365,30,보호구역,-1
35.52401,129.15865,30,보호구역,-1
37.29053,126.85637,50,과속단속,192
37.29838,126.81429,60,과속단속,59
37.33522,126.78147,30,보호구역,247
37.32631,126.83744,30,보호구역,184
37.20446,127.54787,30,보호구역,-1
37.28765,127.02240,30,보호구역,-1
37.43039,127.00224,60,과속단속,-1
37.43041,127.00210,60,과속단속,20
37.24989,126.77764,70,과속단속,90
37.25015,126.76584,70,과속단속,269
37.25013,126.77721,70,과속단속,270
37.16384,127.00752,30,보호구역,-1
37.19957,127.04924,50,과속단속,260
37.21792,127.05132,30,보호구역,255
37.57513,127.18486,30,보호구역,-1
36.95665,126.86658,50,과속단속,-1
36.95686,126.86678,50,과속단속,-1
36.95650,126.86726,50,과속단속,-1
36.95794,126.86963,50,과속단속,-1
36.95828,126.86948,50,과속단속,-1
36.94871,126.86655,50,과속단속,122
36.94888,126.86710,50,과속단속,71
36.95423,126.87327,50,과속단속,-1
36.95427,126.87250,50,과속단속,-1
37.56015,127.15530,30,보호구역,-1
37.54394,127.13235,30,보호구역,-1
36.78630,127.09460,30,보호구역,266
36.79732,127.05963,30,보호구역,-1
36.79742,127.05960,30,보호구역,-1
36.77450,127.01980,30,보호구역,-1
36.78040,127.01140,30,과속단속,-1
36.77730,127.00190,30,보호구역,-1
36.78900,126.96570,30,보호구역,-1
36.80790,126.92780,30,보호구역,-1
37.71258,126.73132,60,과속단속,189
37.71263,126.73178,60,과속단속,1
37.77161,126.81441,40,과속단속,-1
35.22511,129.20884,100,구간단속,179
35.34812,129.25139,100,구간단속,202
37.25805,127.21239,50,과속단속,-1
37.26222,127.21269,50,과속단속,-1
37.16770,127.37910,70,과속단속,-1
37.32389,127.12323,50,과속단속,-1
37.30454,127.07466,50,과속단속,-1
37.34311,127.09337,30,보호구역,-1
37.27169,127.08200,30,보호구역,179
37.25235,127.10496,50,과속단속,-1
37.29839,127.63529,30,보호구역,-1
37.29595,126.85211,30,과속단속,129
37.29707,126.88810,60,과속단속,211
37.29724,126.88857,60,과속단속,32
37.53160,127.14954,50,보호구역,-1
36.25283,126.81578,30,보호구역,-1
36.28163,126.77817,30,보호구역,-1
36.30028,126.70597,30,보호구역,-1
36.31503,126.71655,30,보호구역,-1
36.26496,126.84599,30,보호구역,-1
36.28421,126.91379,30,보호구역,-1
36.28411,126.91380,30,보호구역,-1
36.27617,126.90629,30,보호구역,271
36.27603,126.90634,30,보호구역,90
36.28457,126.92319,30,보호구역,-1
36.30733,126.95713,30,보호구역,-1
36.26872,126.92854,30,보호구역,315
36.77396,126.99673,30,보호구역,-1
36.87914,127.07384,30,보호구역,-1
36.87901,127.07412,30,보호구역,-1
36.79283,127.01072,30,보호구역,-1
36.79197,127.01032,30,보호구역,-1
36.77966,127.02147,30,보호구역,-1
36.77999,127.02113,30,보호구역,-1
36.78597,126.99412,30,과속단속,-1
36.78574,126.99359,30,과속단속,-1
36.77313,127.05688,30,보호구역,-1
36.77286,127.05697,30,보호구역,-1
36.76844,127.08560,30,보호구역,-1
36.76813,127.08609,30,보호구역,-1
36.79356,127.09320,30,보호구역,-1
36.79337,127.09312,30,보호구역,-1
36.79340,127.09340,30,보호구역,-1
37.58764,127.06797,50,보호구역,-1
37.57700,127.07659,30,과속단속,-1
37.56978,127.07611,30,보호구역,24
37.57264,127.03654,30,보호구역,262
37.59066,127.05423,30,보호구역,-1
37.57386,127.04567,30,보호구역,215
37.58572,127.06743,50,보호구역,-1
37.57492,127.05558,30,보호구역,-1
37.57370,127.05247,30,보호구역,-1
36.37485,127.37977,50,과속단속,357
36.37438,127.38373,50,과속단속,271
36.37414,127.38372,50,과속단속,90
36.26399,127.01128,60,과속단속,-1
36.21775,126.87965,60,과속단속,-1
36.33044,126.79645,60,과속단속,-1
36.31938,126.84151,60,과속단속,295
36.32755,126.81501,60,과속단속,-1
36.30189,126.92629,60,과속단속,-1
36.26159,127.02339,30,보호구역,-1
36.25128,127.00123,30,보호구역,-1
36.22352,126.99033,30,보호구역,-1
36.17514,126.94646,30,보호구역,-1
36.18991,126.89211,30,보호구역,-1
36.18984,126.89235,30,보호구역,-1
36.12759,126.85678,30,보호구역,-1
36.18245,126.81458,30,보호구역,-1
36.21652,126.83821,30,보호구역,-1
36.21755,126.76342,30,보호구역,-1
37.55734,127.17303,30,보호구역,-1
37.49569,127.02658,30,과속단속,-1
37.49484,127.02709,30,보호구역,-1
37.48636,127.03125,30,보호구역,-1
37.48442,127.02827,30,보호구역,-1
37.49194,127.01817,30,과속단속,-1
35.61677,127.79233,60,과속단속,-1
35.53056,127.71259,60,과속단속,-1
35.53063,127.71265,60,과속단속,-1
35.24209,128.59043,30,보호구역,-1
35.24141,128.59296,30,보호구역,-1
35.21832,128.50253,30,보호구역,-1
35.22070,128.56231,50,보호구역,63
35.23189,128.50179,30,보호구역,-1
35.23182,128.50061,30,보호구역,-1
35.22707,128.58009,30,보호구역,-1
35.22720,128.58023,30,보호구역,-1
37.54390,127.07236,50,과속단속,200
37.54293,127.10079,30,보호구역,-1
37.54196,127.09874,50,과속단속,-1
37.54818,127.07026,50,과속단속,278
37.54140,127.10077,30,보호구역,-1
37.59917,127.06780,50,과속단속,-1
37.56771,127.07237,30,보호구역,-1
37.56954,127.07572,30,보호구역,204
37.60475,127.07062,30,보호구역,-1
37.58135,127.02999,30,보호구역,-1
37.57271,127.06373,50,과속단속,-1
37.50988,127.01841,30,보호구역,-1
37.58363,126.97024,30,보호구역,-1
37.57474,126.97017,30,과속단속,-1
37.57374,126.98282,50,보호구역,-1
37.57372,127.00665,50,보호구역,-1
37.57952,127.01651,30,과속단속,-1
37.58142,127.01245,30,과속단속,-1
37.59002,126.99929,30,보호구역,-1
34.47794,126.26408,50,과속단속,101
35.30036,126.77414,50,과속단속,-1
34.65872,126.96067,60,과속단속,-1
35.01058,126.71978,60,과속단속,-1
34.95489,127.49028,50,과속단속,-1
34.78906,127.65622,60,과속단속,311
34.73467,126.71614,80,구간단속,244
34.79317,126.71575,80,구간단속,118
34.86556,127.02525,80,구간단속,107
34.93492,126.98492,80,구간단속,167
35.20431,126.57378,80,구간단속,150
35.24517,126.52167,80,구간단속,118
34.69519,127.35925,80,구간단속,149
34.72939,127.33442,80,구간단속,148
34.94206,127.66764,80,구간단속,80
34.93156,127.61114,80,구간단속,138
35.03936,127.43767,80,구간단속,-1
35.08100,127.41864,80,구간단속,-1
37.50230,127.02225,30,보호구역,-1
37.49325,127.01800,30,과속단속,-1
37.49546,127.02579,30,과속단속,-1
37.50122,127.00955,30,보호구역,-1
37.49568,126.84524,30,보호구역,-1
37.49566,126.84062,30,과속단속,-1
37.48252,126.82124,30,과속단속,-1
37.48854,126.88465,50,과속단속,-1
37.48825,126.88456,50,과속단속,-1
37.48684,126.89108,30,과속단속,-1
37.48701,126.89080,30,과속단속,-1
37.48863,126.83569,50,과속단속,178
37.49299,126.82457,50,보호구역,-1
37.49185,126.88191,30,과속단속,-1
37.48486,126.88270,30,보호구역,310
37.48819,126.89421,20,보호구역,-1
37.50658,126.87721,30,보호구역,-1
37.50577,126.87673,50,과속단속,263
37.50547,126.87665,50,과속단속,-1
37.51197,126.88249,20,보호구역,-1
37.49260,126.89078,50,과속단속,-1
37.48466,126.88856,30,보호구역,-1
37.48406,126.89060,30,보호구역,-1
37.50049,126.86356,30,보호구역,-1
37.50087,126.86364,30,보호구역,-1
37.48790,126.85619,50,과속단속,-1
37.48958,126.85790,20,보호구역,175
37.48558,126.82340,30,보호구역,-1
37.49977,126.85710,30,보호구역,-1
37.48156,126.82505,50,과속단속,-1
37.59932,126.96010,50,과속단속,297
37.58502,126.97111,30,보호구역,-1
37.50102,127.01082,30,보호구역,-1
37.68600,127.05052,30,보호구역,-1
37.50622,126.90696,30,보호구역,-1
37.51027,126.90312,30,보호구역,-1
37.50426,126.90641,30,보호구역,-1
37.53227,126.89300,30,보호구역,-1
37.50405,126.92053,50,과속단속,90
37.50418,126.91842,50,과속단속,271
37.52432,126.90208,50,과속단속,-1
37.52432,126.93456,40,과속단속,-1
37.51809,126.92422,50,과속단속,-1
37.51435,126.84164,30,보호구역,-1
37.52031,126.87281,30,과속단속,228
37.51552,126.87189,30,보호구역,-1
37.48414,126.84254,30,보호구역,-1
37.47783,126.82436,30,보호구역,-1
37.48886,126.83581,50,과속단속,-1
37.49728,126.84167,30,보호구역,-1
37.49132,126.87473,30,보호구역,338
37.49695,126.82279,30,보호구역,-1
37.49399,126.84594,50,과속단속,-1
37.50054,126.86391,30,보호구역,-1
37.48978,126.83916,20,보호구역,-1
37.49773,126.86443,50,보호구역,225
37.48940,126.83975,30,보호구역,-1
37.50489,126.84473,30,보호구역,159
37.50007,126.85759,30,보호구역,-1
37.49993,126.84241,30,과속단속,-1
37.50094,126.85571,30,보호구역,-1
37.47895,126.98957,30,과속단속,-1
37.60907,126.91084,30,과속단속,-1
37.62134,126.92610,50,과속단속,-1
37.61342,126.92447,30,과속단속,-1
37.61918,126.91555,30,보호구역,-1
37.65832,126.94666,50,과속단속,-1
37.61032,126.91106,30,과속단속,-1
37.59349,126.91299,30,보호구역,-1
37.59086,126.90541,30,과속단속,-1
37.60339,126.92725,30,보호구역,-1
37.60090,126.93408,50,보호구역,-1
37.59422,126.92101,30,보호구역,-1
37.61227,126.93178,30,보호구역,-1
37.64259,127.05332,30,보호구역,-1
37.66035,127.04915,50,과속단속,-1
37.63217,127.04242,30,보호구역,-1
37.64185,127.04093,50,보호구역,-1
37.68250,127.04888,30,보호구역,-1
37.65569,127.01570,30,과속단속,-1
37.66077,127.02769,30,보호구역,-1
37.65769,127.02746,30,보호구역,-1
37.65671,127.04595,30,보호구역,-1
37.64304,127.03779,30,보호구역,-1
37.64912,127.04626,30,보호구역,-1
37.65174,127.04131,50,보호구역,-1
37.65843,127.04690,30,보호구역,-1
37.66234,127.03296,50,과속단속,-1
37.65234,127.01251,30,보호구역,-1
37.64999,127.02800,30,보호구역,-1
37.50284,127.01659,30,보호구역,-1
37.42340,126.65415,30,과속단속,-1
37.42663,126.64787,30,과속단속,-1
37.42480,126.67657,50,과속단속,276
37.40989,126.65700,30,과속단속,-1
37.42358,126.64804,30,과속단속,-1
37.40208,126.66690,30,과속단속,-1
37.40285,126.66961,30,과속단속,-1
37.40293,126.67312,30,과속단속,-1
37.41236,126.67408,30,과속단속,-1
37.41247,126.67458,30,과속단속,-1
37.40860,126.67812,30,과속단속,-1
37.41246,126.68245,30,과속단속,-1
37.42072,126.68923,30,과속단속,-1
37.42038,126.68938,30,과속단속,-1
37.42186,126.69367,30,과속단속,-1
35.27140,128.97037,100,구간단속,295
35.30182,128.90950,100,구간단속,313
35.29981,128.91207,100,구간단속,128
37.50946,127.00481,30,보호구역,-1
37.48189,126.98473,30,과속단속,-1
37.48467,126.99308,30,과속단속,-1
37.49442,126.98542,30,과속단속,-1
37.47793,126.98789,50,과속단속,-1
37.48756,126.99130,30,과속단속,-1
37.50595,126.99529,30,과속단속,-1
35.27081,128.97150,100,구간단속,102
37.49700,126.99691,30,과속단속,-1
37.50767,127.02124,30,과속단속,-1
35.69515,126.57297,80,과속단속,28
35.70938,128.46581,80,구간단속,190
35.74319,128.48891,80,구간단속,208
35.94825,128.63545,50,구간단속,-1
35.97101,128.62873,50,구간단속,-1
35.94174,128.61535,50,과속단속,-1
35.68195,128.44667,70,과속단속,3
35.80991,128.53179,60,과속단속,-1
35.84338,128.56179,40,보호구역,-1
35.85533,128.49186,60,과속단속,180
35.81715,128.53290,50,과속단속,61
35.90057,128.59349,60,과속단속,322
35.89331,128.59408,50,과속단속,-1
35.83991,128.58002,50,과속단속,31
35.86855,128.53794,60,과속단속,-1
35.86795,128.61839,50,과속단속,236
35.87726,128.62868,50,과속단속,-1
35.87370,128.58753,50,과속단속,185
35.74953,128.65115,60,과속단속,343
35.83592,128.50997,60,과속단속,-1
35.84461,128.64205,50,과속단속,-1
35.99174,128.61560,50,과속단속,-1
36.98849,126.86970,110,구간단속,176
37.39433,126.62163,30,과속단속,-1
37.40877,126.61712,50,과속단속,148
37.65485,127.07447,50,보호구역,-1
37.65047,127.07665,50,보호구역,-1
37.64193,127.06840,30,보호구역,-1
37.63822,127.06468,30,보호구역,-1
37.61922,127.05775,30,보호구역,-1
37.61968,127.07338,30,보호구역,-1
37.62288,127.08440,30,보호구역,-1
37.62553,127.09351,50,보호구역,234
37.55542,126.87102,30,보호구역,-1
37.59759,127.01112,30,보호구역,-1
37.60844,127.00446,30,보호구역,-1
37.58324,127.02038,30,보호구역,-1
37.61599,127.00528,30,보호구역,-1
37.61013,127.02271,30,보호구역,-1
37.61659,127.00861,30,과속단속,-1
37.60597,127.04749,50,과속단속,236
37.61086,127.04818,30,보호구역,-1
37.59660,127.01466,30,보호구역,-1
35.74873,127.53930,60,과속단속,-1
35.74904,127.53929,60,과속단속,-1
35.70310,127.52010,40,과속단속,-1
35.57881,127.40389,60,과속단속,-1
35.73586,127.53294,30,보호구역,-1
35.73587,127.53287,30,보호구역,-1
35.53437,127.54607,30,보호구역,-1
35.78738,127.61486,30,보호구역,-1
35.73198,127.58024,30,보호구역,-1
35.73203,127.58034,30,보호구역,-1
37.53318,126.94875,70,과속단속,317
37.53294,127.06165,80,과속단속,289
37.55956,127.07046,80,과속단속,221
37.63223,127.06433,80,구간단속,330
37.57809,127.07687,80,구간단속,175
37.54130,127.03327,80,구간단속,118
37.51784,126.99140,80,구간단속,46
37.50704,126.99157,80,구간단속,235
37.52225,127.06168,80,구간단속,310
35.80044,126.91097,50,과속단속,-1
35.79973,126.87008,60,과속단속,266
35.84214,126.88783,50,과속단속,-1
35.81574,126.96806,70,과속단속,-1
37.61118,126.91700,50,과속단속,-1
37.60445,126.91897,30,보호구역,-1
37.58781,126.92288,30,과속단속,-1
37.58744,126.92271,30,과속단속,-1
37.58534,126.89943,30,보호구역,-1
37.58398,126.89776,30,보호구역,-1
37.65074,127.05841,30,보호구역,-1
37.65876,127.06494,50,보호구역,-1
37.66277,127.06915,30,보호구역,-1
35.03550,126.75356,60,과속단속,-1
37.48850,127.12088,50,과속단속,-1
37.47050,127.12646,50,과속단속,183
37.61273,127.00738,30,과속단속,-1
37.60432,127.02546,50,과속단속,48
37.49376,127.01345,50,과속단속,207
37.50205,127.00401,50,과속단속,48
37.49164,127.00758,50,과속단속,159
37.51335,126.93886,50,과속단속,83
37.58633,127.03300,50,과속단속,-1
37.59635,127.06009,50,과속단속,-1
37.65120,127.03604,50,과속단속,205
37.67145,127.04410,50,과속단속,7
37.47131,126.89792,50,과속단속,185
37.46955,126.89825,50,과속단속,-1
37.49909,126.87176,50,과속단속,195
37.48568,126.87616,50,과속단속,251
37.54519,127.08498,50,과속단속,274
37.48253,126.90141,50,과속단속,-1
37.48920,126.92823,50,과속단속,118
37.48175,126.95279,50,과속단속,241
37.54813,126.87025,50,과속단속,308
37.53888,126.84242,50,과속단속,-1
37.62417,127.04988,50,과속단속,-1
37.63971,127.02766,50,과속단속,42
37.50425,126.94933,50,과속단속,-1
37.53888,127.12332,50,과속단속,228
37.50073,127.03669,50,과속단속,69
37.50748,127.03396,50,과속단속,-1
35.98083,128.95129,30,보호구역,-1
36.01875,128.85376,40,보호구역,-1
36.01875,128.85374,40,보호구역,-1
35.93378,128.88111,30,보호구역,-1
35.97754,128.96001,50,보호구역,-1
35.97979,128.97483,50,보호구역,-1
35.96120,128.93317,30,보호구역,-1
35.96428,128.92096,30,보호구역,-1
36.40942,128.15113,50,과속단속,200
35.90706,128.82378,60,과속단속,-1
35.82047,128.82349,30,보호구역,-1
35.82053,128.82351,30,보호구역,-1
35.87472,128.81138,60,과속단속,113
35.89701,128.84930,50,과속단속,-1
35.83369,128.19281,30,보호구역,-1
35.67844,128.33967,70,과속단속,-1
36.06436,129.37130,50,과속단속,191
35.24688,127.89646,60,과속단속,-1
35.27866,127.83454,60,과속단속,-1
35.27604,127.77648,60,과속단속,-1
35.27547,127.77675,60,과속단속,-1
37.53178,127.14998,50,보호구역,-1
37.59426,127.07745,50,과속단속,80
37.55937,126.97127,50,과속단속,169
37.55926,127.00591,50,과속단속,-1
37.63206,126.93119,50,보호구역,-1
37.51736,126.83947,50,과속단속,33
36.37027,127.43577,30,보호구역,-1
36.36904,127.43799,30,보호구역,-1
36.34924,127.42119,30,보호구역,-1
36.34805,127.41291,30,보호구역,-1
36.09609,128.35327,50,과속단속,-1
36.44866,127.45004,30,보호구역,-1
36.44846,127.45012,30,보호구역,-1
36.36765,127.41427,30,보호구역,-1
36.36777,127.41399,30,보호구역,-1
36.36167,127.44076,30,보호구역,-1
35.03258,126.77861,90,구간단속,7
34.97621,126.73385,90,구간단속,77
34.97567,126.72994,90,구간단속,254
35.01775,126.77282,90,구간단속,205
36.57642,128.57343,30,보호구역,-1
36.56813,128.71942,40,보호구역,-1
36.52139,128.69029,30,보호구역,-1
36.61723,128.76829,40,보호구역,-1
36.61800,128.76752,40,보호구역,-1
36.52520,128.83917,30,보호구역,-1
36.56670,128.71870,30,보호구역,-1
35.91633,128.28592,30,보호구역,-1
35.89653,128.38271,30,보호구역,-1
35.85772,128.35684,30,보호구역,-1
35.98665,128.28994,30,보호구역,-1
36.04555,128.78967,30,보호구역,-1
35.97109,128.93259,30,보호구역,-1
35.05764,126.60419,30,보호구역,-1
35.01717,126.63947,30,보호구역,-1
35.97584,127.42652,30,보호구역,-1
35.97574,127.42661,30,보호구역,-1
35.87180,127.43023,30,보호구역,-1
35.87188,127.43026,30,보호구역,-1
35.69247,127.39733,30,보호구역,-1
35.69252,127.39722,30,보호구역,-1
35.79873,127.33554,30,보호구역,-1
35.79879,127.33545,30,보호구역,-1
35.77692,127.49326,30,보호구역,-1
35.77699,127.49334,30,보호구역,-1
35.73497,127.36894,30,보호구역,-1
35.76380,127.35275,60,과속단속,-1
37.50015,127.10697,30,보호구역,-1
37.48827,127.14527,30,보호구역,110
35.16329,127.64908,60,과속단속,272
38.13957,127.08635,50,과속단속,-1
38.02354,127.10928,50,과속단속,-1
38.02364,127.10993,50,과속단속,-1
35.17811,126.63347,30,보호구역,-1
35.17681,126.60350,30,보호구역,-1
35.11606,126.60728,30,보호구역,-1
35.06836,126.53253,30,보호구역,-1
35.01417,126.53603,30,보호구역,-1
35.38849,127.40940,40,과속단속,-1
35.41050,127.30931,40,과속단속,-1
35.40894,127.31368,50,과속단속,-1
35.41939,127.62743,30,보호구역,-1
35.49945,127.36014,30,보호구역,-1
35.51289,127.40109,30,보호구역,-1
35.44002,127.53306,30,보호구역,-1
35.46288,127.60133,30,보호구역,-1
35.50515,127.61094,30,보호구역,-1
34.97306,127.52588,30,보호구역,-1
34.95459,127.48757,30,보호구역,-1
34.93763,127.49456,30,보호구역,-1
34.93380,127.51334,30,보호구역,-1
34.92890,127.54770,30,보호구역,-1
34.93007,127.55131,30,보호구역,-1
34.94833,127.48654,30,보호구역,-1
35.77973,127.35872,80,과속단속,127
35.73914,127.31112,60,과속단속,-1
35.73908,127.31122,60,과속단속,-1
35.17170,127.64110,60,과속단속,138
37.63198,127.03778,30,보호구역,-1
37.61259,127.02702,30,보호구역,-1
37.63153,127.01365,30,보호구역,-1
37.61641,127.03164,30,보호구역,-1
37.61862,127.03299,30,보호구역,-1
37.62017,127.01524,30,보호구역,-1
37.62403,127.01862,30,보호구역,-1
37.63850,127.01362,30,보호구역,-1
37.63649,127.03201,30,보호구역,-1
37.62347,127.03127,30,보호구역,-1
37.62916,127.03980,30,보호구역,-1
37.49972,126.92551,30,보호구역,-1
37.49890,126.94401,30,보호구역,-1
37.48514,126.97341,30,과속단속,-1
37.49930,126.95991,30,보호구역,154
37.56333,127.17883,30,보호구역,334
37.55128,127.12512,30,보호구역,-1
37.55699,127.15211,30,보호구역,-1
37.54103,127.14706,30,보호구역,-1
37.65505,126.84947,100,과속단속,202
37.70906,126.80079,100,과속단속,155
37.70848,126.80155,100,과속단속,330
37.65649,126.85061,100,과속단속,18
35.23908,126.80076,30,보호구역,-1
35.43194,126.80436,30,보호구역,-1
35.40757,126.88070,30,보호구역,-1
35.26205,126.82270,30,보호구역,-1
35.25927,126.86379,30,보호구역,-1
35.42864,127.38330,80,과속단속,-1
35.54919,128.62476,30,보호구역,-1
35.54918,128.62475,30,보호구역,-1
35.41150,128.69140,30,보호구역,-1
35.41145,128.69142,30,보호구역,-1
35.48458,128.75774,30,과속단속,-1
35.21070,128.58430,50,과속단속,-1
37.46161,126.64432,50,과속단속,-1
37.46063,126.64629,50,과속단속,-1
37.45247,126.68960,50,과속단속,-1
37.45486,126.68978,50,과속단속,-1
37.44389,126.67224,30,과속단속,-1
37.45311,126.64210,30,과속단속,-1
37.45369,126.64275,30,과속단속,-1
37.55625,127.16563,30,과속단속,-1
37.54845,127.12462,30,보호구역,-1
37.56880,127.17895,30,보호구역,-1
37.55398,127.12466,30,보호구역,18
37.66170,127.01504,50,과속단속,-1
37.62806,127.01630,30,보호구역,-1
37.64178,127.02119,30,과속단속,-1
37.62167,127.01277,30,보호구역,-1
37.63439,127.01934,30,과속단속,-1
37.24993,126.77769,70,과속단속,90
37.24989,126.77769,70,과속단속,90
37.15151,126.97105,50,과속단속,-1
37.48264,126.76199,30,보호구역,-1
36.61688,127.33713,70,과속단속,-1
36.96094,127.76935,70,과속단속,215
36.60712,127.52653,60,과속단속,-1
36.60134,127.51454,60,과속단속,56
36.60632,127.52364,60,과속단속,244
36.60816,127.52241,50,과속단속,-1
36.61508,127.51992,50,과속단속,-1
36.67613,127.39525,70,과속단속,44
36.62740,127.42960,50,과속단속,331
36.67237,127.49593,60,과속단속,-1
36.66440,127.48693,50,과속단속,304
36.63738,127.49039,50,과속단속,-1
36.60749,127.48161,50,과속단속,263
36.60777,127.51271,30,보호구역,-1
36.59891,127.50104,30,보호구역,-1
36.63362,127.50209,30,보호구역,-1
36.61834,127.52141,30,보호구역,-1
36.60581,127.49909,50,과속단속,38
36.64251,127.47253,50,과속단속,-1
36.64445,127.43480,60,과속단속,228
36.66021,127.45377,70,과속단속,-1
36.63831,127.38834,80,과속단속,340
35.38409,126.79431,30,보호구역,-1
35.33351,126.76691,30,보호구역,-1
36.95187,126.87060,50,과속단속,-1
36.96112,126.86309,50,과속단속,-1
36.96109,126.86282,50,과속단속,-1
36.95530,126.86395,50,과속단속,-1
36.95484,126.86398,50,과속단속,-1
37.27715,127.44314,30,보호구역,-1
37.25827,127.49165,30,보호구역,-1
37.15323,127.07677,30,보호구역,-1
37.16345,127.63347,60,과속단속,-1
37.18377,127.66285,60,과속단속,351
37.31150,127.64503,30,보호구역,203
37.21095,127.54173,60,과속단속,-1
37.19391,127.55677,60,과속단속,-1
37.21523,127.53465,60,과속단속,-1
37.39945,126.96131,30,보호구역,-1
37.43497,126.80454,30,보호구역,-1
37.43461,126.80418,30,보호구역,-1
37.43992,126.80479,30,보호구역,-1
37.43959,126.80437,30,보호구역,-1
37.43749,126.80432,60,과속단속,284
37.50286,126.75785,50,과속단속,-1
37.49615,126.78154,30,보호구역,-1
37.50254,126.75727,50,과속단속,-1
37.52018,126.79106,30,보호구역,-1
37.31699,126.92176,30,보호구역,-1
37.31679,126.92216,30,보호구역,-1
37.37708,127.31724,30,보호구역,-1
37.11363,127.08320,50,과속단속,16
37.53577,126.64452,30,과속단속,-1
37.53585,126.63647,30,과속단속,-1
37.53873,126.62466,30,과속단속,181
37.53922,126.62499,30,과속단속,2
37.53894,126.62516,30,과속단속,-1
37.53907,126.62448,30,과속단속,-1
37.56030,126.67306,30,과속단속,-1
37.58994,126.69796,30,과속단속,-1
37.61000,126.66918,30,과속단속,-1
37.61018,126.66899,30,과속단속,-1
37.47962,126.62575,30,과속단속,-1
37.47362,126.62527,30,과속단속,-1
36.35628,127.41236,30,보호구역,-1
36.36084,127.44626,50,과속단속,-1
36.36821,127.43568,30,보호구역,-1
36.36509,127.42867,30,보호구역,-1
36.41362,127.43833,30,보호구역,-1
36.39741,127.42313,30,보호구역,-1
36.36035,127.41748,30,과속단속,-1
36.36533,127.43464,30,보호구역,-1
36.36464,127.44516,30,보호구역,-1
36.36489,127.44506,30,보호구역,-1
36.44824,127.43444,30,보호구역,-1
36.44948,127.43557,30,과속단속,-1
36.43216,127.42051,30,보호구역,-1
36.45220,127.42403,30,보호구역,-1
36.37002,127.43315,30,보호구역,-1
36.44598,127.41306,30,보호구역,-1
37.59029,127.08703,30,보호구역,-1
37.61761,127.08684,30,보호구역,-1
37.30785,127.90924,30,보호구역,-1
37.34940,127.85220,30,보호구역,-1
37.34329,127.93872,30,보호구역,-1
37.35249,127.94065,30,보호구역,-1
37.36803,127.93424,30,보호구역,-1
37.33871,127.91997,30,보호구역,-1
37.28849,127.99535,40,보호구역,-1
37.26112,127.83436,30,보호구역,-1
37.32647,127.82939,30,보호구역,-1
37.31745,127.96298,30,보호구역,-1
37.33420,127.92175,30,보호구역,128
37.38531,127.95594,30,보호구역,-1
37.32245,127.95024,30,보호구역,-1
37.36135,127.95853,30,보호구역,-1
37.32128,127.91845,60,과속단속,207
37.33568,127.95691,50,과속단속,-1
37.37736,127.88780,60,과속단속,65
37.30387,127.91701,60,과속단속,306
37.31758,127.96858,60,과속단속,228
37.35641,127.93588,60,과속단속,194
37.52240,126.66907,30,과속단속,-1
37.52859,126.64472,30,과속단속,-1
37.52833,126.64455,30,과속단속,-1
37.53910,126.64018,30,과속단속,-1
37.53898,126.64485,30,과속단속,-1
37.53620,126.64432,50,과속단속,-1
37.61571,127.08931,30,보호구역,-1
37.58191,127.09347,50,과속단속,-1
37.60364,127.09563,50,과속단속,87
37.58993,127.07609,30,보호구역,-1
37.60642,127.07675,30,과속단속,-1
37.57310,127.08428,30,보호구역,-1
37.61691,127.11051,30,보호구역,-1
37.60978,127.07623,30,과속단속,-1
37.59174,127.09816,50,과속단속,-1
37.54697,127.13482,30,보호구역,-1
36.78652,126.46332,40,과속단속,-1
36.78649,126.46353,40,과속단속,-1
36.70875,126.39146,60,과속단속,323
36.72371,126.39499,60,과속단속,-1
36.73776,126.42088,60,과속단속,26
36.74481,126.42704,60,과속단속,47
36.75921,126.43010,60,과속단속,186
36.83517,126.44145,70,과속단속,-1
36.77739,126.46108,40,과속단속,-1
36.76582,126.46870,60,과속단속,35
36.82198,126.45201,50,과속단속,-1
36.99035,126.39825,60,과속단속,-1
36.99038,126.39810,60,과속단속,70
36.94716,126.42761,50,과속단속,347
36.94719,126.42750,50,과속단속,-1
36.76140,126.45309,50,과속단속,97
36.76117,126.48572,70,과속단속,-1
36.66941,126.52559,70,과속단속,-1
36.66923,126.52585,70,과속단속,-1
36.62285,126.87681,60,과속단속,-1
36.66533,126.66859,60,과속단속,359
36.68599,126.77720,60,과속단속,88
36.65866,126.76678,60,과속단속,6
36.69770,126.94760,50,과속단속,-1
36.78527,126.44528,30,보호구역,-1
36.82363,126.44918,30,보호구역,-1
36.82371,126.44949,30,보호구역,-1
36.86429,126.43642,30,보호구역,-1
36.86401,126.43633,30,보호구역,-1
36.93925,126.43622,30,보호구역,-1
36.93910,126.43568,30,보호구역,-1
36.97063,126.41088,30,보호구역,-1
36.97114,126.41067,30,보호구역,-1
36.75214,126.37176,30,보호구역,-1
36.71684,126.39403,30,보호구역,-1
36.74403,126.44852,30,보호구역,-1
36.74356,126.44864,30,보호구역,-1
36.76973,126.44394,30,보호구역,-1
36.76976,126.44415,30,보호구역,-1
36.77041,126.46421,30,보호구역,-1
36.77045,126.46459,30,보호구역,-1
36.76098,126.51009,30,보호구역,-1
36.76142,126.50957,30,보호구역,-1
36.79925,126.51945,30,보호구역,-1
36.79948,126.51880,30,보호구역,-1
36.81107,126.58323,30,보호구역,-1
36.81119,126.58308,30,보호구역,-1
36.71513,126.54231,30,보호구역,-1
36.71541,126.54195,30,보호구역,-1
36.66776,126.53052,30,보호구역,-1
36.66761,126.53080,30,보호구역,-1
36.16037,127.47930,30,보호구역,-1
36.19054,127.46901,30,보호구역,-1
36.10258,127.49262,30,보호구역,-1
36.10460,127.48900,30,보호구역,-1
36.10400,127.49660,30,보호구역,-1
36.10100,127.48790,30,보호구역,-1
36.17740,127.47320,80,과속단속,342
36.21770,127.49390,80,과속단속,41
36.79544,126.88448,50,과속단속,-1
36.79543,126.88445,50,과속단속,-1
36.75970,127.02560,30,과속단속,-1
36.79859,127.06367,30,보호구역,-1
36.32500,127.14950,30,보호구역,-1
36.35770,127.14210,30,보호구역,-1
36.40090,127.24540,30,보호구역,-1
36.55060,126.95760,30,보호구역,-1
36.33050,127.03010,30,보호구역,-1
36.45605,127.12815,40,보호구역,-1
36.47304,127.14858,30,보호구역,-1
36.47424,127.13746,30,보호구역,-1
36.47617,127.14034,30,보호구역,-1
36.45349,127.12437,30,보호구역,-1
36.44198,127.11869,30,보호구역,-1
36.44889,127.12042,30,보호구역,-1
36.77853,126.44490,30,보호구역,-1
36.78535,126.44514,30,보호구역,-1
36.97693,127.78853,30,보호구역,-1
36.99152,127.78336,30,보호구역,-1
37.42979,126.74543,30,과속단속,-1
37.42961,126.74594,30,과속단속,-1
37.43970,126.73703,30,과속단속,-1
37.40448,126.73090,30,과속단속,-1
37.39579,126.72341,30,과속단속,-1
37.39616,126.72262,30,과속단속,-1
37.43594,126.75127,30,과속단속,-1
37.43659,126.75034,30,과속단속,-1
37.44333,126.73620,30,과속단속,-1
37.44351,126.73585,30,과속단속,-1
37.40276,126.72021,30,과속단속,-1
37.40357,126.72015,30,과속단속,-1
37.39681,126.72952,30,과속단속,-1
37.40462,126.73679,30,과속단속,-1
37.40433,126.73675,30,과속단속,-1
37.41958,126.73031,50,과속단속,-1
37.41955,126.72978,50,과속단속,-1
37.44635,126.73451,30,과속단속,-1
37.01233,127.09218,60,과속단속,180
37.26537,127.01144,30,보호구역,-1
37.29286,126.96983,60,과속단속,183
37.29319,127.03386,50,과속단속,-1
37.31002,126.98380,50,과속단속,-1
36.06354,127.54787,30,보호구역,-1
36.20534,127.56998,30,보호구역,-1
37.04774,127.75526,30,보호구역,-1
37.07586,127.85440,30,보호구역,-1
37.11017,127.84675,30,보호구역,-1
37.08645,127.91666,30,보호구역,-1
37.08030,127.95655,30,보호구역,-1
37.02804,127.96514,30,보호구역,-1
36.84533,127.99882,30,보호구역,-1
36.98462,127.91873,30,보호구역,-1
36.97966,127.93514,30,보호구역,302
36.97715,127.93352,30,보호구역,-1
36.98817,127.93896,50,보호구역,-1
36.97009,127.95132,50,보호구역,-1
36.97460,127.94330,30,보호구역,-1
36.97284,127.93933,30,보호구역,-1
36.96199,127.94474,30,보호구역,-1
36.95560,127.92798,30,보호구역,-1
36.96232,127.88032,60,보호구역,280
36.99611,127.73661,30,보호구역,-1
37.00282,127.68508,30,보호구역,-1
36.98057,127.94407,30,보호구역,-1
37.10715,127.75707,30,보호구역,-1
37.04237,127.92229,30,보호구역,-1
37.03337,127.92839,30,보호구역,-1
36.99842,127.89591,30,보호구역,-1
36.90364,127.96763,30,보호구역,-1
36.87895,127.97344,30,보호구역,-1
36.99154,127.92915,30,보호구역,-1
36.90868,127.86998,30,보호구역,-1
35.91915,127.07171,100,구간단속,234
36.03809,127.10242,100,구간단속,182
36.03809,127.10259,100,구간단속,182
35.48303,127.48542,100,구간단속,226
35.47595,127.55659,100,구간단속,240
35.44529,127.31535,100,구간단속,210
35.53220,127.30675,100,구간단속,199
35.53420,127.30791,100,구간단속,19
35.44573,127.31603,100,구간단속,32
35.35376,127.34403,100,구간단속,331
35.78423,126.97573,30,보호구역,-1
35.95982,126.98999,50,과속단속,-1
36.07727,126.96763,50,과속단속,329
36.05133,126.96146,70,과속단속,205
35.72961,126.77667,80,과속단속,278
35.72934,126.77701,80,과속단속,101
35.93842,126.84612,60,과속단속,-1
35.94611,126.81084,50,과속단속,-1
35.94590,126.81082,50,과속단속,-1
35.78610,127.02762,70,과속단속,259
36.97593,127.92557,50,보호구역,223
36.98482,127.92396,30,보호구역,-1
36.97822,127.92410,30,보호구역,-1
36.96653,127.94258,30,보호구역,-1
36.96165,127.93751,30,보호구역,-1
37.05085,127.71598,30,보호구역,-1
36.04406,129.05945,100,구간단속,122
36.04485,129.05847,100,구간단속,297
36.08276,129.19641,100,구간단속,301
36.07420,128.25946,100,구간단속,171
36.14916,128.27061,100,구간단속,134
36.15007,128.26993,100,구간단속,320
36.06495,128.26437,100,구간단속,334
36.07019,128.38193,100,구간단속,270
36.01841,128.43081,100,구간단속,-1
35.94875,128.45646,100,구간단속,169
36.18961,128.37777,80,구간단속,310
36.16246,128.45555,80,구간단속,291
36.81644,128.62763,30,보호구역,-1
36.84678,128.52625,30,보호구역,-1
35.86231,127.24833,100,구간단속,307
35.79174,127.31273,100,구간단속,285
35.64732,126.71820,110,구간단속,35
35.51901,126.68553,110,구간단속,13
35.91925,127.07163,100,구간단속,234
36.08643,129.18195,100,구간단속,98
35.56158,129.30367,60,과속단속,94
35.52931,129.26902,70,구간단속,329
35.51782,129.30423,70,구간단속,271
35.51764,129.30642,70,구간단속,94
35.52899,129.26905,70,구간단속,143
37.47123,126.98380,30,과속단속,318
37.46274,127.02707,30,보호구역,-1
37.46337,127.02195,30,보호구역,-1
37.47147,127.04404,30,보호구역,-1
37.47162,127.04839,30,보호구역,-1
37.47362,127.04623,30,보호구역,-1
37.47209,127.04916,30,보호구역,-1
37.47920,127.03986,30,과속단속,-1
37.51065,127.00711,50,과속단속,-1
37.48176,126.99951,50,과속단속,-1
37.48705,126.99207,50,과속단속,-1
37.48765,126.98605,30,과속단속,-1
37.48763,126.98538,30,과속단속,37
37.61424,127.09194,30,보호구역,-1
38.07977,128.02223,40,보호구역,-1
38.10962,128.03409,30,보호구역,-1
38.18648,128.04078,30,보호구역,-1
38.20015,128.04318,40,보호구역,-1
38.28806,128.13937,30,보호구역,-1
38.20858,127.94420,30,보호구역,-1
38.16809,128.04462,60,과속단속,-1
37.14808,128.99207,40,보호구역,-1
37.12265,129.04166,30,보호구역,-1
37.16426,128.99139,30,보호구역,-1
37.48651,129.06682,40,보호구역,-1
37.48646,129.06711,40,보호구역,-1
37.48230,129.12328,30,보호구역,-1
37.48219,129.12336,30,보호구역,-1
37.51211,129.11923,30,보호구역,-1
37.51664,129.10809,30,보호구역,-1
37.55177,129.10533,30,보호구역,-1
37.53320,129.11255,30,보호구역,-1
37.54394,129.10228,30,보호구역,215
35.43631,129.19049,70,과속단속,8
35.43861,129.19183,70,과속단속,30
35.57232,129.20866,80,과속단속,-1
35.19037,128.69461,60,과속단속,-1
35.24429,127.81822,60,과속단속,-1
35.20442,128.12696,60,과속단속,-1
35.04389,128.06624,80,과속단속,-1
35.52805,129.39673,50,과속단속,-1
35.50945,129.33485,60,과속단속,99
35.50963,129.33505,70,과속단속,95
35.50971,129.33626,70,과속단속,48
35.51181,129.32790,60,과속단속,294
35.51349,129.31555,60,과속단속,327
35.51720,129.30985,60,과속단속,185
35.51754,129.31012,60,과속단속,20
35.55534,129.33025,50,과속단속,-1
35.55529,129.33169,50,과속단속,-1
35.34463,129.29253,50,과속단속,-1
35.51110,129.29987,50,과속단속,-1
35.56411,129.32163,50,과속단속,-1
38.14936,128.25821,80,구간단속,354
38.17726,128.27911,80,구간단속,232
37.25423,128.77917,80,과속단속,327
37.25404,128.77912,80,과속단속,150
38.14832,128.01526,30,보호구역,-1
38.14819,128.01550,30,보호구역,-1
38.10934,127.98802,30,보호구역,-1
38.10945,127.98768,30,보호구역,-1
38.10280,127.99048,30,보호구역,-1
38.10292,127.99043,30,보호구역,-1
38.10239,127.99193,40,보호구역,-1
35.71986,127.03254,30,보호구역,-1
35.81094,126.98159,30,보호구역,-1
35.81096,126.98149,30,보호구역,-1
35.77397,127.01115,30,보호구역,-1
35.77417,127.01116,30,보호구역,-1
35.83196,126.74073,30,보호구역,-1
35.83204,126.74077,30,보호구역,-1
35.89370,126.91109,30,보호구역,-1
35.89374,126.91119,30,보호구역,-1
35.81493,126.93478,30,보호구역,-1
35.82852,126.89309,30,보호구역,-1
35.27975,128.31062,100,구간단속,92
35.22583,128.27214,100,구간단속,180
35.21206,128.60526,60,과속단속,-1
35.20290,128.57206,50,과속단속,9
35.20348,128.80990,60,과속단속,-1
34.91436,128.67532,60,과속단속,271
35.19158,128.63165,60,과속단속,139
34.86051,128.42078,50,과속단속,-1
34.93367,128.35200,70,과속단속,-1
35.06292,128.07343,80,과속단속,18
35.26426,128.41628,50,과속단속,-1
35.25486,128.50866,60,구간단속,137
35.26270,128.49320,60,구간단속,95
35.51743,128.50494,80,과속단속,172
35.37233,127.14595,30,보호구역,-1
35.71866,126.73765,50,과속단속,37
35.78428,126.97568,30,보호구역,-1
35.76254,126.95193,30,보호구역,-1
35.76261,126.95198,30,보호구역,-1
35.74944,126.97332,40,과속단속,-1
35.77194,126.81551,30,보호구역,-1
35.85491,127.00250,30,보호구역,-1
35.85484,127.00248,30,보호구역,-1
35.84468,126.99070,30,보호구역,-1
35.84469,126.99084,30,보호구역,-1
35.81852,126.80779,30,보호구역,-1
35.81859,126.80779,30,보호구역,-1
35.75967,126.90936,30,보호구역,-1
35.75968,126.90927,30,보호구역,-1
35.85242,126.90583,30,보호구역,-1
35.90676,126.93383,30,보호구역,-1
35.90694,126.93402,30,보호구역,-1
35.87611,126.99555,30,보호구역,-1
35.87615,126.99546,30,보호구역,-1
35.85381,126.82244,30,보호구역,-1
35.85387,126.82240,30,보호구역,-1
35.80096,126.89049,30,보호구역,-1
35.71736,126.99499,30,보호구역,-1
35.71978,127.03251,30,보호구역,-1
34.95277,128.07688,50,보호구역,329
35.07949,128.08976,50,보호구역,-1
35.08886,128.81116,30,보호구역,90
35.12614,128.70653,30,보호구역,-1
35.14499,128.70496,30,보호구역,-1
35.15751,128.68609,30,보호구역,-1
35.24329,128.64534,30,보호구역,165
35.25241,128.61758,50,보호구역,-1
35.59932,128.37537,30,보호구역,-1
35.57707,128.38814,30,보호구역,-1
35.57708,128.38816,30,보호구역,-1
35.38546,128.56870,30,보호구역,-1
35.17262,128.80854,30,보호구역,-1
35.23261,128.86205,40,보호구역,-1
35.37158,128.10859,30,보호구역,-1
35.37157,128.10826,30,보호구역,-1
35.32134,128.26047,30,보호구역,-1
35.32141,128.26076,30,보호구역,-1
35.46439,128.32064,30,보호구역,-1
35.46443,128.32090,30,보호구역,-1
35.25873,127.78072,30,보호구역,-1
35.25873,127.78073,30,보호구역,-1
35.33499,127.83863,30,보호구역,-1
35.33494,127.83861,30,보호구역,-1
35.39137,127.09700,30,보호구역,-1
35.39129,127.09695,30,보호구역,-1
35.37620,127.13506,30,보호구역,-1
37.06106,127.19472,30,보호구역,-1
36.98916,127.17440,30,보호구역,-1
37.02979,127.34263,50,보호구역,246
36.98392,127.30319,30,보호구역,-1
36.97486,127.21364,30,보호구역,-1
36.99051,127.14058,30,보호구역,-1
37.01418,127.26213,30,보호구역,-1
37.10711,127.45865,30,보호구역,-1
37.10912,127.24472,30,보호구역,-1
37.46313,126.80900,60,과속단속,50
37.27683,127.61112,30,보호구역,-1
37.27093,127.01040,30,보호구역,-1
37.48599,129.10492,30,보호구역,-1
37.52452,129.10929,40,보호구역,-1
37.58307,126.88479,30,보호구역,-1
37.55594,126.93404,50,과속단속,-1
37.55624,126.93404,50,과속단속,292
37.54379,126.95120,50,과속단속,48
37.54419,126.95059,50,과속단속,296
37.54034,126.95597,30,보호구역,-1
34.50686,127.27659,60,과속단속,-1
34.50734,127.27427,60,과속단속,-1
34.53080,127.13830,30,보호구역,-1
34.53000,127.13810,30,보호구역,-1
35.05353,128.07472,30,보호구역,-1
35.04681,128.06940,30,보호구역,-1
34.93544,128.07793,30,보호구역,25
37.39676,126.94735,30,보호구역,-1
37.37669,126.96091,30,보호구역,-1
37.44714,127.16998,30,보호구역,-1
37.20457,127.08415,50,과속단속,144
37.05532,127.04388,50,과속단속,0
37.33731,127.08708,30,보호구역,-1
37.30914,127.08014,30,보호구역,-1
37.33304,127.12778,30,보호구역,-1
37.33538,127.12627,30,보호구역,-1
36.94599,127.25833,30,보호구역,-1
37.00790,127.32704,30,보호구역,-1
37.03557,127.31129,30,보호구역,-1
37.09020,127.48081,30,보호구역,-1
37.05008,127.26178,30,보호구역,-1
36.97496,127.21563,30,보호구역,-1
36.96054,127.18730,30,보호구역,-1
37.04005,127.12930,30,보호구역,-1
37.22571,127.25353,70,과속단속,268
37.25819,127.05709,50,과속단속,-1
37.23282,127.11547,70,과속단속,123
37.51485,127.64384,80,과속단속,93
37.32389,127.08006,30,보호구역,-1
37.31656,127.07806,30,보호구역,-1
37.31627,127.08622,30,보호구역,-1
36.99402,127.18180,30,보호구역,-1
36.95196,127.25864,30,보호구역,-1
37.16680,127.12738,30,보호구역,-1
37.16672,127.12763,30,보호구역,-1
37.16819,127.12267,30,보호구역,-1
37.16840,127.12250,30,보호구역,-1
37.17270,127.10220,30,보호구역,-1
37.33554,127.08703,30,보호구역,-1
37.30809,127.10577,50,과속단속,-1
37.30193,127.07287,50,과속단속,54
37.30163,127.12158,30,보호구역,-1
37.33621,127.09605,30,보호구역,-1
37.30237,127.09262,30,보호구역,-1
37.30898,127.08850,30,보호구역,-1
37.30956,127.07527,30,보호구역,-1
37.33312,127.10690,30,보호구역,-1
37.31758,127.09475,30,보호구역,-1
37.26126,127.26783,30,보호구역,-1
37.24065,127.21277,50,과속단속,-1
37.15506,127.28146,60,과속단속,-1
37.26951,127.15850,30,보호구역,-1
37.24060,127.11566,30,보호구역,-1
37.39701,126.91365,30,보호구역,-1
37.40669,126.91473,50,과속단속,-1
37.39492,126.93987,30,보호구역,-1
37.38576,126.96104,30,보호구역,-1
37.41143,126.96924,30,보호구역,-1
37.39336,126.94960,30,보호구역,-1
35.16659,126.85904,30,보호구역,-1
35.12994,126.86296,30,보호구역,-1
35.13261,126.85505,30,보호구역,-1
35.15782,126.84750,30,보호구역,-1
35.17997,126.80457,50,과속단속,137
35.20105,126.82498,50,과속단속,-1
35.20146,126.82474,50,과속단속,-1
35.17189,126.81771,60,과속단속,308
35.21062,126.94501,70,과속단속,217
35.17243,126.88954,60,과속단속,-1
35.15855,126.89888,50,과속단속,42
35.10201,126.90047,50,과속단속,273
35.13241,126.89263,50,과속단속,-1
35.13810,126.87890,50,과속단속,244
35.16245,126.91534,50,과속단속,58
37.50407,127.15082,50,과속단속,295
37.50388,127.15035,50,과속단속,-1
36.67172,127.49066,30,보호구역,-1
36.66641,127.47278,30,보호구역,-1
36.71320,127.41392,30,보호구역,-1
36.60138,127.51426,60,과속단속,237
36.63796,127.43862,30,보호구역,-1
36.62781,127.32848,30,보호구역,202
36.61938,127.43033,30,보호구역,-1
37.16383,127.09682,30,보호구역,-1
37.16354,127.09669,30,보호구역,-1
37.17153,127.11410,30,보호구역,-1
37.17129,127.11397,30,보호구역,-1
35.18528,126.91692,30,보호구역,-1
35.18522,126.91316,30,보호구역,-1
35.18912,126.92288,50,과속단속,-1
35.21263,126.89786,30,보호구역,-1
35.20944,126.87967,30,보호구역,-1
35.20929,126.87931,30,보호구역,-1
35.20982,126.88219,30,보호구역,-1
35.21615,126.88159,30,보호구역,-1
35.21516,126.87142,30,보호구역,-1
35.16290,126.89742,30,보호구역,-1
35.16258,126.89733,30,보호구역,101
35.17572,126.89341,30,보호구역,-1
35.17563,126.89346,30,보호구역,-1
35.18794,126.89060,30,보호구역,-1
35.18106,126.89977,30,보호구역,-1
35.08135,126.83343,30,보호구역,-1
35.09959,126.88468,30,보호구역,-1
35.13080,126.89407,30,보호구역,-1
35.13663,126.88904,30,보호구역,-1
35.13416,126.92132,30,보호구역,-1
35.12115,126.91049,30,보호구역,-1
35.06570,126.80471,30,보호구역,-1
35.11399,126.90172,30,보호구역,-1
35.14325,126.90566,30,보호구역,-1
35.14017,126.90226,30,보호구역,-1
35.17000,126.87019,30,보호구역,-1
35.16926,126.86673,30,보호구역,-1
35.16992,126.86696,30,보호구역,-1
35.16939,126.86011,30,보호구역,-1
35.15786,129.14407,30,보호구역,-1
35.16240,129.14031,50,보호구역,-1
35.18895,129.20367,60,보호구역,-1
35.21085,129.12568,30,보호구역,-1
35.20327,129.12436,30,보호구역,-1
35.19965,129.11897,30,보호구역,-1
35.19938,129.11888,30,보호구역,-1
35.22963,129.15946,30,보호구역,-1
35.22754,129.14677,50,보호구역,17
35.17402,129.16611,30,보호구역,-1
35.16528,129.14335,30,보호구역,-1
35.22443,129.14921,30,보호구역,-1
35.22739,129.14645,50,보호구역,195
35.20895,126.83947,30,보호구역,-1
35.18842,126.83689,30,보호구역,-1
35.17656,126.80178,50,과속단속,-1
35.15548,126.79257,30,보호구역,-1
35.23258,126.85012,30,보호구역,-1
35.19793,126.87233,50,과속단속,-1
35.17971,126.87229,30,보호구역,-1
35.16039,126.90162,30,보호구역,-1
35.16054,126.90238,30,보호구역,-1
35.15758,126.90706,30,보호구역,-1
35.19987,126.90113,30,보호구역,235
35.23293,126.85034,30,보호구역,-1
35.16925,126.92971,50,과속단속,-1
35.14910,129.04979,30,보호구역,-1
35.15476,129.05158,50,과속단속,143
35.16217,129.03634,30,보호구역,-1
35.16512,129.02806,30,보호구역,-1
35.15348,129.03651,30,보호구역,-1
35.13097,129.07064,30,보호구역,-1
35.12142,129.11234,50,보호구역,-1
35.12785,129.11447,50,보호구역,-1
35.13011,129.10155,50,보호구역,76
35.14140,129.10015,30,보호구역,-1
35.12278,129.08444,50,과속단속,-1
35.16102,129.06409,30,보호구역,-1
35.15453,129.02132,50,보호구역,-1
35.12835,129.07741,30,보호구역,-1
35.11899,129.11529,30,보호구역,-1
35.13676,129.09157,30,보호구역,-1
35.16818,129.18271,50,보호구역,-1
35.16837,129.18293,50,보호구역,-1
35.17094,129.18246,50,보호구역,-1
35.17123,129.18257,50,보호구역,-1
35.17574,129.17928,50,보호구역,-1
35.17604,129.17930,50,보호구역,-1
35.16526,129.17905,50,보호구역,-1
35.16547,129.17897,50,보호구역,-1
35.17355,129.16720,50,보호구역,-1
35.17894,129.12250,30,보호구역,-1
35.17935,129.12253,30,보호구역,-1
35.24965,129.01467,30,보호구역,-1
35.24933,129.01466,30,보호구역,-1
35.26473,129.02023,30,보호구역,-1
35.24200,129.01176,30,보호구역,-1
35.26223,129.01491,30,보호구역,-1
35.26484,129.02055,30,보호구역,-1
35.20921,129.00546,50,보호구역,-1
35.20866,129.00519,50,보호구역,-1
35.20381,129.00160,30,보호구역,-1
35.20729,129.00636,50,보호구역,-1
35.21763,129.00953,30,보호구역,-1
35.20331,129.03341,30,보호구역,-1
35.20874,129.01149,50,보호구역,-1
35.19556,129.01112,30,보호구역,-1
35.20395,129.00062,50,보호구역,-1
35.17780,129.08510,50,보호구역,-1
35.17834,129.08525,50,보호구역,-1
35.18555,129.08874,50,보호구역,-1
35.17234,129.08192,30,보호구역,-1
35.19374,129.07074,30,보호구역,-1
35.17632,129.04652,30,보호구역,-1
35.16309,129.06553,50,과속단속,359
35.15969,129.06558,50,과속단속,360
35.16119,129.06530,50,과속단속,150
35.17066,129.04990,30,과속단속,-1
35.17459,129.06994,30,보호구역,-1
35.14488,129.06212,30,보호구역,-1
33.27414,126.65011,60,과속단속,224
33.32210,126.71444,50,구간단속,-1
33.33140,126.71039,50,구간단속,-1
33.41285,126.83315,60,구간단속,-1
33.43768,126.87077,60,구간단속,-1
33.46981,126.36381,70,구간단속,61
33.46457,126.34445,70,구간단속,67
33.25753,126.28734,80,구간단속,219
33.28320,126.32053,80,구간단속,198
33.42021,126.49250,60,구간단속,-1
33.38858,126.37608,60,구간단속,-1
37.86801,126.98770,30,보호구역,-1
37.78715,126.99064,30,보호구역,-1
37.82249,127.08880,30,보호구역,-1
37.80230,127.10624,30,보호구역,-1
35.06280,128.98352,30,보호구역,-1
35.06244,128.98343,30,보호구역,-1
35.11424,128.88604,60,보호구역,223
35.23822,129.01129,30,보호구역,-1
35.22428,129.01387,30,보호구역,-1
35.24165,129.02238,30,보호구역,-1
35.24045,129.01422,50,과속단속,-1
35.24080,129.01839,30,보호구역,-1
35.20835,129.03417,30,보호구역,-1
35.21794,129.04003,30,보호구역,-1
35.21880,129.00894,50,보호구역,-1
35.21223,129.00877,50,과속단속,-1
35.29700,127.95735,30,보호구역,-1
36.36164,127.43170,50,과속단속,-1
36.35858,127.42217,50,과속단속,-1
36.30049,127.32774,60,과속단속,67
36.30254,127.34026,60,과속단속,253
36.35195,127.47241,60,구간단속,335
36.35346,127.51763,60,구간단속,248
35.34745,128.60768,30,보호구역,-1
35.25311,128.66733,30,보호구역,-1
35.25302,128.66746,30,보호구역,-1
35.36781,128.68748,30,보호구역,-1
35.01253,128.06189,30,보호구역,-1
36.35240,127.51566,60,구간단속,62
35.46283,127.92704,30,보호구역,-1
35.46283,127.92703,30,보호구역,-1
35.34539,128.04638,30,보호구역,-1
35.34540,128.04638,30,보호구역,-1
35.29697,127.95735,30,보호구역,-1
36.34969,127.47358,60,구간단속,161
36.30973,127.38789,50,과속단속,-1
36.90579,127.50899,30,보호구역,-1
36.90943,127.48849,60,과속단속,176
33.31756,126.60057,60,구간단속,-1
33.51137,126.54763,50,과속단속,93
33.25325,126.56070,50,과속단속,258
33.48534,126.41074,50,과속단속,-1
33.48596,126.47915,50,과속단속,187
33.51488,126.58900,50,과속단속,-1
37.39697,126.64658,30,과속단속,-1
37.40196,126.64648,30,과속단속,-1
35.24115,128.64412,40,보호구역,-1
35.22670,128.69772,60,과속단속,-1
35.69828,127.90320,30,보호구역,-1
35.69827,127.90320,30,보호구역,-1
35.64467,127.90905,30,보호구역,-1
35.64467,127.90906,30,보호구역,-1
35.23960,128.56831,60,과속단속,223
35.24883,128.60025,50,보호구역,-1
37.28703,127.00428,30,보호구역,-1
37.26938,127.71528,30,보호구역,-1
37.26938,127.71535,30,보호구역,-1
36.98869,126.86997,110,구간단속,356
36.98863,126.86997,110,구간단속,356
37.53776,127.09167,30,보호구역,110
37.56495,127.08308,30,보호구역,-1
37.56503,127.08294,30,보호구역,-1
37.56551,127.08027,30,보호구역,-1
37.55197,127.09235,30,보호구역,-1
37.55459,127.09414,30,보호구역,-1
37.55277,126.82308,30,보호구역,-1
37.55849,126.82278,30,보호구역,-1
37.57373,126.82042,30,보호구역,-1
36.34827,127.34825,50,과속단속,61
36.36465,127.38536,50,과속단속,90
36.41009,127.42531,50,과속단속,-1
35.01210,128.06195,30,보호구역,-1
36.61540,126.78890,60,과속단속,-1
37.49328,126.67858,30,과속단속,-1
37.59890,126.66486,30,과속단속,-1
37.49454,126.67148,30,과속단속,-1
37.51356,126.67062,30,과속단속,-1
37.51790,126.66539,30,과속단속,-1
37.52656,126.62529,30,과속단속,-1
37.52723,126.62671,30,과속단속,-1
37.52752,126.62858,30,과속단속,-1
37.52969,126.63650,30,과속단속,-1
37.52890,126.65657,30,과속단속,-1
37.53813,126.65318,30,과속단속,-1
37.54343,126.68171,30,과속단속,-1
37.59759,126.67188,30,과속단속,-1
37.59729,126.67156,30,과속단속,-1
37.60351,126.65134,30,과속단속,-1
37.60403,126.64955,30,과속단속,-1
37.38129,126.63176,30,과속단속,-1
37.38282,126.62987,30,과속단속,-1
37.38832,126.63060,30,과속단속,-1
37.37126,126.65857,30,과속단속,-1
37.37440,126.65357,30,과속단속,-1
37.37053,126.66064,30,과속단속,-1
37.37222,126.65990,30,과속단속,-1
37.38556,126.66760,30,과속단속,-1
37.39431,126.65405,30,과속단속,-1
37.39890,126.63980,30,과속단속,-1
37.84297,127.71253,30,보호구역,-1
36.49659,128.32208,60,과속단속,-1
36.49667,128.32187,60,과속단속,-1
35.80305,128.83297,70,과속단속,333
35.80283,128.83297,70,과속단속,-1
35.88433,128.16762,30,보호구역,-1
35.88415,128.16809,30,보호구역,-1
35.90994,128.22221,30,보호구역,-1
35.95030,128.21589,30,보호구역,-1
35.95024,128.21619,30,보호구역,-1
37.57932,127.22823,30,보호구역,-1
37.65836,127.24878,30,보호구역,-1
37.61199,127.15657,30,보호구역,-1
35.50302,128.79637,30,보호구역,-1
35.50299,128.79675,30,보호구역,-1
35.58723,128.95401,30,보호구역,-1
35.58811,128.95298,30,보호구역,-1
35.58559,128.88097,30,보호구역,-1
35.51228,128.72878,30,보호구역,-1
35.51143,128.72928,30,보호구역,-1
35.51501,128.87581,30,보호구역,-1
35.47486,128.73471,30,보호구역,-1
35.47488,128.73474,30,보호구역,-1
35.23396,128.89932,30,보호구역,-1
36.34862,127.37646,50,과속단속,150
37.85824,127.72547,30,보호구역,-1
37.85847,127.72528,30,보호구역,-1
37.89974,127.73453,30,보호구역,-1
36.35198,127.34845,50,과속단속,287
37.87749,127.75810,30,보호구역,-1
37.92845,127.70634,30,보호구역,-1
37.75111,127.79622,30,보호구역,-1
37.90872,127.78153,30,보호구역,-1
37.90884,127.78170,30,보호구역,-1
37.88428,127.74312,30,보호구역,-1
37.88431,127.74346,30,보호구역,-1
37.90428,127.69950,30,보호구역,-1
37.98803,127.70713,30,보호구역,-1
36.35102,127.44215,50,과속단속,146
37.87117,127.73739,30,보호구역,-1
37.85065,127.76671,30,보호구역,-1
38.02406,127.88326,30,보호구역,-1
37.92562,127.74488,30,보호구역,-1
37.89017,127.75439,30,보호구역,-1
37.83578,127.55573,30,보호구역,-1
37.98076,127.60758,30,보호구역,-1
37.79196,127.64580,30,보호구역,-1
37.93325,127.78500,30,보호구역,-1
37.87984,127.73709,30,보호구역,-1
37.87986,127.73712,30,보호구역,-1
37.87731,127.74181,30,보호구역,-1
36.59876,129.08682,30,보호구역,-1
36.66567,129.11203,30,보호구역,-1
37.89505,127.75352,30,보호구역,-1
37.88404,127.75916,30,보호구역,-1
37.92215,127.72887,30,보호구역,90
37.91294,127.73324,30,보호구역,-1
36.36701,127.31801,50,과속단속,272
37.85715,127.72221,30,보호구역,-1
37.85753,127.72195,30,보호구역,-1
37.85621,127.74276,30,보호구역,-1
37.87021,127.75459,30,보호구역,-1
37.87693,127.74696,30,보호구역,-1
37.90428,127.73858,30,보호구역,-1
37.93427,127.75163,30,보호구역,-1
37.93407,127.75158,30,보호구역,-1
37.90159,127.72979,30,보호구역,-1
37.81635,127.71405,30,보호구역,-1
37.81644,127.71395,30,보호구역,-1
37.91116,127.75263,40,보호구역,357
37.87423,127.75811,30,보호구역,-1
37.87456,127.75807,30,보호구역,-1
37.87833,127.72417,30,보호구역,-1
37.86106,127.72103,30,보호구역,-1
37.86792,127.73116,30,보호구역,-1
37.86826,127.73120,30,보호구역,-1
37.86449,127.75084,30,보호구역,-1
37.96706,128.75915,40,보호구역,-1
37.94576,128.78074,30,보호구역,-1
38.01506,128.69777,40,보호구역,-1
38.01505,128.69808,40,보호구역,-1
37.98754,128.53045,60,보호구역,-1
38.04139,128.55767,40,보호구역,-1
38.07401,128.47951,40,보호구역,-1
38.07241,128.58735,30,보호구역,-1
38.07307,128.63096,60,과속단속,-1
38.07305,128.63059,60,과속단속,-1
38.11399,128.63397,30,보호구역,-1
37.89959,127.73475,30,보호구역,-1
37.73033,127.70106,30,보호구역,-1
36.87848,128.52515,30,보호구역,-1
36.82949,128.68223,30,보호구역,-1
36.31291,129.09744,30,보호구역,-1
36.43400,129.02799,50,과속단속,-1
35.94041,128.28266,60,과속단속,-1
35.25686,129.01189,50,과속단속,355
35.15460,129.06551,50,과속단속,360
35.15992,129.04998,50,과속단속,171
35.20436,129.07821,50,과속단속,-1
36.70571,127.72993,30,보호구역,93
36.70740,127.72916,30,보호구역,-1
36.67329,127.86137,30,보호구역,-1
36.66012,127.73670,30,보호구역,-1
36.79072,127.78294,30,보호구역,-1
36.76262,127.99634,30,보호구역,-1
36.82440,127.95402,30,보호구역,-1
36.83822,127.87104,30,보호구역,-1
36.87326,127.85320,30,보호구역,-1
36.85416,127.74621,30,보호구역,-1
36.80961,127.78795,30,보호구역,-1
36.80612,127.79180,30,보호구역,-1
36.80621,127.79192,30,보호구역,-1
36.82111,127.64677,30,보호구역,-1
36.81837,127.64886,30,보호구역,-1
36.81718,127.64849,30,보호구역,-1
36.77262,127.63856,30,보호구역,-1
38.01820,128.72456,30,보호구역,-1
38.05950,128.64236,30,보호구역,-1
38.08851,128.65761,30,보호구역,-1
37.41767,129.11335,40,보호구역,-1
37.46555,129.16221,30,보호구역,-1
37.28911,129.30297,30,보호구역,-1
37.38053,129.22583,30,보호구역,-1
35.23110,129.09162,50,과속단속,4
35.10332,129.02258,50,과속단속,-1
35.14736,128.84164,60,과속단속,132
35.08894,128.89963,70,과속단속,90
35.08919,128.89919,70,과속단속,269
35.32189,129.17492,50,과속단속,-1
35.23413,129.21659,60,과속단속,-1
35.20468,129.20646,60,과속단속,-1
35.19888,129.20643,60,과속단속,128
35.19136,129.21504,50,과속단속,200
35.19494,129.21245,50,과속단속,-1
35.19430,129.21254,50,과속단속,-1
35.19130,129.21577,50,과속단속,-1
35.19421,129.22063,50,과속단속,-1
35.19409,129.21990,50,과속단속,-1
35.32051,129.24135,70,과속단속,8
35.11076,129.09392,60,구간단속,225
35.12597,129.10080,60,구간단속,209
35.24525,129.09165,50,과속단속,220
35.16001,129.16245,50,과속단속,-1
35.15802,129.15245,50,과속단속,-1
35.09780,129.02790,50,과속단속,-1
35.17374,129.09423,50,과속단속,-1
35.18874,128.98805,50,과속단속,332
37.95867,128.31836,30,보호구역,-1
37.87228,128.26157,30,보호구역,-1
37.87226,128.26157,30,보호구역,-1
37.97000,128.08287,30,보호구역,-1
38.07334,128.18010,30,보호구역,-1
38.11904,128.20046,30,보호구역,-1
38.37677,128.47026,30,보호구역,-1
38.25748,128.55916,30,보호구역,-1
38.27293,128.54807,60,보호구역,165
37.48655,127.85022,30,보호구역,-1
37.53437,128.00726,40,보호구역,-1
37.51269,128.21582,30,보호구역,-1
37.35838,128.12245,40,보호구역,-1
37.46430,128.15498,40,보호구역,-1
37.63000,128.14523,30,보호구역,-1
37.58133,128.14717,40,보호구역,-1
37.46057,128.06143,30,보호구역,-1
37.49212,127.98671,30,보호구역,-1
37.49334,128.03684,40,보호구역,-1
37.48755,127.98055,30,보호구역,-1
37.46502,127.97378,30,보호구역,189
37.44110,128.08624,80,구간단속,302
37.46905,128.12329,80,구간단속,319
37.23218,129.04480,30,보호구역,-1
37.44476,129.17525,30,보호구역,-1
36.61791,127.47510,30,보호구역,-1
36.61077,127.49002,30,보호구역,-1
36.63415,127.50988,30,보호구역,-1
36.62776,127.50511,30,보호구역,-1
36.59199,127.61131,60,보호구역,-1
36.61314,127.50553,30,보호구역,-1
36.61705,127.45529,30,보호구역,-1
36.65255,127.47260,30,보호구역,-1
36.63112,127.44070,30,보호구역,-1
36.63891,127.45618,30,보호구역,-1
36.62564,127.43993,30,보호구역,-1
36.67295,127.39102,30,보호구역,-1
36.63746,127.28632,30,보호구역,-1
37.04182,127.77430,70,과속단속,51
37.04198,127.77368,70,과속단속,238
35.63347,128.75713,110,과속단속,140
36.33869,129.06762,60,과속단속,-1
36.88985,128.46559,100,구간단속,145
36.91081,128.83260,80,과속단속,242
36.65023,128.44784,50,과속단속,-1
36.03060,129.33585,50,과속단속,155
36.02317,128.89364,100,과속단속,227
36.05071,129.25262,100,과속단속,297
35.94904,128.24265,100,과속단속,176
35.87217,129.20520,30,보호구역,-1
37.91080,128.28698,40,보호구역,-1
37.95860,128.31843,30,보호구역,-1
34.76331,127.65587,50,과속단속,-1
34.78435,127.63321,60,과속단속,340
34.73939,127.62461,70,과속단속,19
34.72043,127.62297,70,과속단속,355
34.74013,127.73159,50,과속단속,94
34.76080,127.65610,50,과속단속,-1
34.84123,127.61169,50,과속단속,330
34.76557,127.67003,50,과속단속,279
34.76624,127.66318,50,과속단속,100
34.75666,127.71925,50,과속단속,284
34.80677,127.66835,60,과속단속,-1
34.72566,127.74640,60,과속단속,312
34.74889,127.70356,50,과속단속,244
34.76101,127.63039,50,과속단속,-1
34.68580,127.59438,30,보호구역,-1
34.75177,127.72747,30,보호구역,178
34.74911,127.67385,30,보호구역,-1
34.78354,127.69471,30,보호구역,261
34.77327,127.64584,30,보호구역,-1
36.70949,127.42994,30,보호구역,-1
36.65553,127.48115,30,보호구역,277
36.66857,127.49105,30,보호구역,-1
36.63777,127.47414,30,보호구역,-1
36.68757,127.48329,30,보호구역,-1
36.74015,127.44559,30,보호구역,-1
36.67001,127.48061,30,보호구역,-1
36.62667,127.47832,30,보호구역,-1
36.60964,127.47058,30,보호구역,-1
35.63840,127.51453,80,구간단속,-1
35.67238,127.54038,80,구간단속,211
35.72102,127.60882,40,과속단속,-1
35.32995,127.29936,60,과속단속,-1
35.88383,127.03093,70,과속단속,312
35.91992,127.67958,60,과속단속,5
35.53850,126.73616,80,과속단속,329
35.69108,126.54317,80,과속단속,204
35.76758,127.20659,70,과속단속,253
35.75861,127.00187,80,과속단속,-1
35.39720,127.36745,50,과속단속,-1
35.58306,126.82958,50,과속단속,-1
35.57766,126.84573,50,과속단속,-1
35.94228,126.93787,50,과속단속,-1
35.92978,126.95693,50,과속단속,-1
35.95415,126.61974,90,과속단속,268
35.95879,126.77841,50,과속단속,113
35.82922,127.17572,60,과속단속,122
35.87421,127.15164,60,과속단속,37
35.80573,127.12311,60,과속단속,137
37.52723,126.66921,30,과속단속,-1
37.63791,126.38577,60,과속단속,-1
37.63787,126.38551,60,과속단속,-1
34.77572,127.64078,30,보호구역,-1
34.77569,127.64033,30,보호구역,-1
34.69203,127.76828,60,과속단속,328
34.86337,127.58977,70,과속단속,156
34.85920,128.72117,30,보호구역,-1
35.57292,128.14810,60,과속단속,342
35.56726,128.19066,60,과속단속,89
35.56735,128.19101,60,과속단속,-1
34.93766,127.69823,50,과속단속,0
34.90980,127.63589,70,과속단속,-1
34.91112,127.65301,70,과속단속,-1
34.93183,127.74647,60,과속단속,-1
34.93158,127.74700,60,과속단속,-1
37.44465,127.12996,30,보호구역,160
37.29874,126.86669,30,보호구역,-1
37.07106,127.14282,50,과속단속,-1
37.27747,127.02368,30,보호구역,-1
37.27327,126.97417,30,보호구역,-1
37.15600,127.07839,30,보호구역,18
37.48753,126.86856,30,보호구역,-1
37.47650,126.85314,50,보호구역,-1
37.33521,127.20319,70,과속단속,264
37.27713,127.09815,60,과속단속,187
37.32041,127.22093,70,과속단속,347
37.30786,127.23169,70,과속단속,120
37.32943,127.22147,60,과속단속,-1
37.43190,126.77388,60,과속단속,179
37.42435,126.77156,60,과속단속,37
34.65293,126.58774,60,과속단속,-1
34.64335,126.44482,60,과속단속,-1
34.59104,126.36028,80,과속단속,124
34.46673,126.55100,80,과속단속,192
34.37260,126.52200,50,과속단속,-1
34.60874,126.31412,70,과속단속,9
34.69839,126.34603,70,과속단속,244
34.71200,126.37710,70,과속단속,41
34.69561,126.36635,70,과속단속,58
35.24168,128.66604,60,과속단속,-1
35.70573,129.19041,30,과속단속,-1
35.49035,129.43070,50,과속단속,-1
35.54317,129.38509,50,과속단속,-1
35.52370,129.39162,70,과속단속,-1
35.52366,129.39145,70,과속단속,-1
35.64584,129.44083,80,과속단속,246
35.53986,129.37446,70,과속단속,138
34.95744,128.65649,30,보호구역,-1
34.90132,128.68500,30,보호구역,243
34.90143,128.68529,30,보호구역,-1
34.89296,128.60837,30,보호구역,69
34.89295,128.60815,30,보호구역,69
34.86664,128.72246,50,보호구역,192
34.86686,128.72255,50,보호구역,11
34.86171,128.63362,30,보호구역,359
34.86153,128.63361,30,보호구역,179
34.46812,126.67617,30,보호구역,-1
34.31590,126.51810,30,보호구역,-1
34.51510,126.60880,30,보호구역,167
34.61770,126.57040,30,보호구역,-1
34.67590,126.41080,30,보호구역,-1
34.64420,126.44800,30,보호구역,-1
34.49090,126.51490,30,보호구역,-1
34.64531,126.65924,40,과속단속,-1
34.64520,126.65920,40,과속단속,-1
34.60570,126.31310,30,보호구역,-1
34.67269,126.33347,30,보호구역,-1
34.67260,126.33340,30,보호구역,-1
34.38870,126.56000,30,보호구역,-1
34.32293,126.57777,60,과속단속,-1
34.35160,126.47650,30,보호구역,-1
34.40820,126.63030,30,보호구역,-1
34.34900,126.52180,60,과속단속,-1
34.43020,126.64200,60,과속단속,-1
34.47111,126.68036,60,과속단속,-1
34.49341,126.64463,60,과속단속,-1
34.36770,126.51567,60,과속단속,-1
34.36473,126.51851,60,과속단속,-1
34.41357,126.52093,60,과속단속,-1
37.75270,126.77755,30,보호구역,180
37.76175,126.76863,30,보호구역,-1
37.75268,126.77360,30,보호구역,-1
37.73284,126.73541,30,보호구역,-1
37.72103,126.74695,30,보호구역,-1
37.75431,126.76828,30,보호구역,-1
37.77527,126.73917,30,보호구역,-1
37.75843,126.77533,50,과속단속,-1
37.91011,126.73654,70,과속단속,323
37.83154,126.82557,60,과속단속,-1
37.94841,126.90385,60,과속단속,-1
37.92053,126.83885,30,보호구역,-1
37.70768,126.73535,70,과속단속,276
37.75149,126.79183,50,과속단속,294
37.70696,126.75489,70,과속단속,270
37.70713,126.75588,70,과속단속,270
34.57200,126.59730,30,보호구역,-1
34.56970,126.60400,30,보호구역,-1
34.57490,126.59350,30,보호구역,-1
34.57600,126.59170,30,보호구역,-1
34.57830,126.59250,30,보호구역,-1
34.57710,126.59930,30,보호구역,-1
34.57530,126.42810,30,보호구역,-1
34.42900,126.58460,30,보호구역,-1
34.45890,126.55360,30,보호구역,-1
34.46670,126.67720,30,보호구역,-1
35.83517,128.53064,30,과속단속,-1
35.83553,128.53084,30,보호구역,-1
35.82049,128.52485,30,과속단속,-1
35.81843,128.54367,30,보호구역,-1
35.82355,128.53403,30,보호구역,-1
35.82440,128.54437,30,보호구역,-1
35.79865,128.52987,30,보호구역,-1
35.81658,128.64027,30,보호구역,-1
35.86188,128.63560,30,과속단속,-1
35.86813,128.64630,50,과속단속,-1
35.83707,128.69615,30,보호구역,-1
35.84010,128.71248,30,보호구역,-1
35.83991,128.71272,30,보호구역,-1
35.82047,128.63654,30,보호구역,-1
35.87533,128.65213,30,보호구역,-1
35.87469,128.65335,30,보호구역,-1
35.83626,128.71775,60,과속단속,107
35.89322,128.58960,40,과속단속,-1
35.89364,128.58987,40,과속단속,-1
35.89481,128.62439,30,보호구역,-1
35.85336,128.64004,30,과속단속,-1
35.85534,128.58900,30,과속단속,-1
35.83811,128.60140,30,과속단속,-1
35.99514,128.61209,40,보호구역,-1
35.86726,128.73111,30,보호구역,-1
35.89515,128.68222,30,보호구역,-1
35.97915,128.63171,30,보호구역,-1
37.77435,126.77834,30,보호구역,-1
35.87457,128.63421,50,과속단속,-1
35.86482,128.70146,30,보호구역,-1
35.87910,128.67151,60,과속단속,-1
35.88488,128.71752,30,보호구역,-1
35.94470,128.62888,50,과속단속,-1
35.85942,128.57615,50,과속단속,-1
35.86638,128.58219,40,보호구역,359
35.86718,128.58243,40,보호구역,0
35.86515,128.59385,60,과속단속,52
35.87244,128.58762,50,과속단속,5
35.94649,128.55390,50,과속단속,-1
35.92599,128.59675,30,과속단속,-1
35.92612,128.59693,30,과속단속,-1
35.93744,128.55371,30,보호구역,-1
35.90896,128.54601,30,보호구역,-1
35.90908,128.54588,30,보호구역,-1
35.85654,128.46359,30,보호구역,-1
35.90006,128.44090,30,보호구역,-1
35.79975,128.51021,30,보호구역,-1
35.80076,128.50963,30,보호구역,-1
35.69916,128.45002,30,보호구역,-1
35.87839,128.41691,30,보호구역,277
35.80389,128.62222,30,보호구역,-1
35.65916,128.41331,30,보호구역,-1
35.78853,128.44460,30,보호구역,-1
35.85080,128.52400,30,보호구역,-1
35.86590,128.52978,50,과속단속,-1
35.83626,128.71773,60,과속단속,107
35.86856,128.63818,50,과속단속,-1
35.86997,128.63671,50,과속단속,-1
35.88184,128.59619,50,과속단속,-1
35.90693,128.62030,40,과속단속,-1
35.90690,128.62007,40,과속단속,-1
35.89509,128.60530,30,과속단속,-1
35.89475,128.60519,30,과속단속,-1
35.88626,128.58807,40,과속단속,-1
35.89574,128.59495,50,과속단속,-1
35.89947,128.59628,50,과속단속,-1
35.84077,128.57443,50,과속단속,-1
35.85755,128.57985,50,과속단속,-1
35.85289,128.59081,50,과속단속,-1
35.85094,128.57654,40,과속단속,-1
35.84362,128.59032,40,과속단속,-1
35.84408,128.59065,40,과속단속,0
35.83490,128.60036,30,보호구역,-1
35.83447,128.60040,30,보호구역,-1
35.84895,128.60378,30,과속단속,-1
35.84952,128.60371,30,과속단속,-1
35.83556,128.57531,40,과속단속,-1
35.88132,128.58049,40,보호구역,195
35.87565,128.56127,30,과속단속,-1
35.87145,128.57765,40,보호구역,-1
35.87896,128.55012,50,과속단속,-1
35.87236,128.55476,50,과속단속,-1
35.87217,128.57141,50,과속단속,-1
35.87261,128.73907,60,과속단속,-1
35.86998,128.48727,60,과속단속,-1
35.90065,128.44196,30,보호구역,-1
35.83767,128.53717,60,과속단속,-1
35.85879,128.51571,40,보호구역,-1
35.85938,128.49546,50,과속단속,-1
35.85095,128.52534,30,보호구역,-1
35.84440,128.52836,30,보호구역,-1
35.84412,128.52828,30,보호구역,-1
35.85737,128.51556,40,보호구역,-1
35.85739,128.54048,30,보호구역,-1
35.85985,128.57436,50,보호구역,-1
35.86034,128.57423,50,보호구역,-1
35.85486,128.57384,50,과속단속,-1
35.81099,128.54047,40,과속단속,-1
35.82218,128.53089,30,보호구역,-1
35.82511,128.52737,50,보호구역,-1
35.82507,128.52661,50,보호구역,-1
35.80739,128.53144,50,보호구역,278
35.81523,128.52866,50,보호구역,66
35.82549,128.60968,50,과속단속,344
35.83700,128.61691,50,과속단속,0
35.83487,128.61658,50,과속단속,180
35.84478,128.61689,50,과속단속,-1
35.84441,128.61658,50,과속단속,-1
35.85502,128.62287,30,보호구역,-1
35.85749,128.62233,30,과속단속,-1
35.83172,128.62304,60,과속단속,185
35.83202,128.62382,60,과속단속,6
37.44979,126.74213,30,과속단속,-1
37.40417,126.72511,30,과속단속,-1
37.40422,126.72414,50,과속단속,-1
37.40186,126.71639,50,과속단속,-1
37.45339,126.73649,30,과속단속,-1
37.46055,126.70969,30,과속단속,-1
37.46449,126.73907,30,과속단속,-1
37.46323,126.73972,30,과속단속,-1
37.45246,126.71732,30,과속단속,-1
37.45235,126.71687,30,과속단속,-1
37.46043,126.73910,30,과속단속,-1
37.44276,126.71474,30,과속단속,-1
37.44180,126.71484,30,과속단속,-1
37.44880,126.72211,50,과속단속,93
37.45964,126.73481,30,과속단속,-1
37.45369,126.69608,30,과속단속,-1
37.45727,126.72953,50,과속단속,-1
37.46063,126.72873,30,과속단속,-1
35.90145,128.51383,30,보호구역,-1
35.92518,128.55218,40,과속단속,-1
35.93209,128.55233,50,과속단속,-1
35.93233,128.55211,50,과속단속,-1
35.86764,128.45828,30,보호구역,-1
35.87359,128.49730,30,보호구역,-1
35.78039,128.43654,30,보호구역,-1
35.85384,128.46441,30,과속단속,-1
35.86946,128.48740,60,과속단속,140
35.54885,126.83299,30,보호구역,-1
35.54866,126.83243,30,보호구역,-1
35.59904,126.86580,30,보호구역,-1
35.59975,126.86613,30,보호구역,-1
35.56177,126.82189,30,보호구역,-1
35.56184,126.82193,30,보호구역,-1
35.58641,126.86197,30,보호구역,-1
35.56614,126.86203,30,보호구역,-1
35.61234,126.95061,30,보호구역,-1
35.62805,126.81880,30,보호구역,-1
35.62839,126.81949,30,보호구역,-1
35.61963,126.77182,30,보호구역,-1
35.61974,126.77128,30,보호구역,-1
35.68661,126.88918,30,보호구역,-1
35.68657,126.88893,30,보호구역,-1
35.33888,127.08604,30,보호구역,-1
35.45227,127.10192,30,보호구역,-1
35.36119,127.18847,30,보호구역,-1
37.69302,127.05012,60,과속단속,345
37.68728,127.05117,60,과속단속,158
37.58291,126.70559,30,과속단속,-1
37.58619,126.70703,30,과속단속,-1
37.38911,126.72312,30,과속단속,-1
37.38927,126.72357,30,과속단속,-1
37.40689,126.73333,30,과속단속,-1
37.40729,126.73324,30,과속단속,-1
37.45053,126.74286,50,과속단속,-1
35.81705,126.99419,70,과속단속,231
35.81701,126.99451,70,과속단속,53
35.66594,126.78402,80,과속단속,7
35.66601,126.78378,80,과속단속,224
35.64130,127.02951,40,과속단속,-1
35.64129,127.02945,40,과속단속,-1
35.56764,126.96016,30,보호구역,-1
35.56733,126.95915,30,보호구역,-1
35.60616,126.98942,30,보호구역,-1
35.60671,126.98920,30,보호구역,-1
35.52473,126.80662,30,보호구역,-1
35.52509,126.80695,30,보호구역,-1
35.50422,126.79720,30,보호구역,-1
35.50436,126.79675,30,보호구역,-1
35.66314,126.83982,30,보호구역,-1
35.66321,126.83987,30,보호구역,-1
35.65469,126.78464,30,보호구역,-1
35.65448,126.78458,30,보호구역,-1
35.55576,126.77793,30,보호구역,-1
35.55574,126.77771,30,보호구역,-1
35.60236,126.88732,30,보호구역,-1
35.62020,126.84342,30,보호구역,-1
35.62056,126.84351,30,보호구역,-1
35.60605,126.84087,30,과속단속,-1
35.60617,126.84109,30,과속단속,-1
35.57031,126.84850,30,보호구역,-1
35.79319,128.83634,30,보호구역,-1
35.80803,128.75893,30,보호구역,-1
35.80783,128.75930,30,보호구역,-1
36.45304,128.36251,70,구간단속,-1
36.48291,128.34068,70,구간단속,-1
36.35651,128.69578,30,보호구역,264
36.36014,128.69147,40,보호구역,-1
36.34248,128.70134,30,보호구역,-1
36.34238,128.70143,30,보호구역,-1
36.35210,128.69673,30,보호구역,-1
36.35186,128.69641,30,보호구역,-1
36.35222,128.69621,30,보호구역,-1
35.95762,128.94074,50,과속단속,-1
35.82786,128.72802,30,보호구역,-1
35.81966,128.75645,50,과속단속,-1
35.68733,129.33128,60,과속단속,7
35.73854,129.48362,30,과속단속,-1
35.87294,129.19464,60,과속단속,212
35.83997,129.21152,50,과속단속,-1
35.84936,129.22338,50,과속단속,-1
35.70644,127.32481,30,보호구역,-1
35.70634,127.32478,30,보호구역,-1
35.83639,127.36190,30,보호구역,-1
35.83632,127.36194,30,보호구역,-1
35.79996,127.42186,30,보호구역,-1
35.41415,127.39121,50,과속단속,-1
35.41382,127.39123,50,과속단속,-1
36.41537,128.79765,60,과속단속,-1
36.37073,128.75870,60,과속단속,-1
36.28624,128.62187,50,과속단속,-1
36.28623,128.62408,50,과속단속,-1
37.61723,127.04843,30,보호구역,-1
36.50816,128.35587,60,과속단속,-1
36.23348,128.74054,60,과속단속,-1
35.95727,128.80621,60,보호구역,-1
35.88379,128.77405,60,보호구역,52
35.91267,128.81786,30,보호구역,-1
35.91317,128.81844,30,보호구역,-1
35.81261,128.77581,50,보호구역,-1
35.89804,128.82587,30,보호구역,-1
35.82529,128.71901,30,보호구역,-1
35.82161,128.73198,30,보호구역,-1
35.84147,128.74288,30,보호구역,-1
35.94970,128.83655,30,보호구역,-1
35.92570,128.85304,30,보호구역,-1
35.82526,128.71942,30,보호구역,-1
35.81536,128.73142,30,보호구역,-1
35.81502,128.73148,30,보호구역,-1
35.86196,128.77229,50,보호구역,-1
35.84113,128.76615,30,보호구역,-1
35.81492,128.73882,30,보호구역,-1
35.76799,128.72644,30,보호구역,-1
38.18947,128.55492,40,보호구역,-1
38.21722,128.59019,30,보호구역,-1
38.21498,128.59004,30,보호구역,-1
38.16481,128.54140,30,보호구역,-1
38.19112,128.57800,30,보호구역,-1
38.18721,128.58757,30,보호구역,-1
38.20137,128.58213,30,보호구역,-1
38.20146,128.58152,30,보호구역,-1
38.20299,128.58146,30,보호구역,-1
38.20425,128.57779,30,보호구역,-1
38.19844,128.57258,50,과속단속,357
36.07347,128.39380,60,과속단속,-1
36.26752,129.37419,80,구간단속,9
36.23366,129.36544,80,구간단속,18
36.66335,128.47417,80,구간단속,356
36.73257,128.53476,80,구간단속,213
36.73263,128.53498,80,구간단속,33
36.66338,128.47430,80,구간단속,356
36.58667,128.55279,80,구간단속,286
36.58455,128.65786,80,구간단속,284
36.58440,128.65781,80,구간단속,105
36.58664,128.55265,80,구간단속,106
35.88418,128.82363,30,보호구역,-1
35.88427,128.82308,30,보호구역,-1
36.39939,128.77263,60,과속단속,-1
38.18146,127.32419,30,보호구역,-1
38.25176,127.41487,30,보호구역,-1
38.25175,127.41485,30,보호구역,-1
38.24304,127.43161,30,보호구역,-1
38.24310,127.43173,30,보호구역,-1
38.16812,127.41518,30,보호구역,-1
38.16801,127.41532,30,보호구역,-1
38.23514,127.43536,30,보호구역,-1
38.23496,127.43502,30,보호구역,-1
38.03819,128.59636,50,과속단속,-1
38.19362,128.57515,50,과속단속,-1
38.19307,128.57551,50,과속단속,-1
38.18961,128.55466,40,보호구역,-1
34.72792,127.74378,30,보호구역,116
34.76275,127.66739,30,보호구역,-1
34.74556,127.69956,30,보호구역,-1
34.73661,127.73036,30,보호구역,278
34.73189,127.72108,30,보호구역,-1
34.75172,127.64247,30,보호구역,-1
34.75528,127.71078,30,과속단속,-1
34.71764,127.75247,30,보호구역,-1
34.78481,127.69314,30,보호구역,-1
34.76406,127.65197,30,보호구역,-1
34.76553,127.63797,30,보호구역,-1
34.78744,127.65219,50,과속단속,29
34.75144,127.69211,30,보호구역,-1
34.75236,127.69197,30,보호구역,-1
34.74838,127.68072,50,과속단속,316
34.74293,127.72715,40,과속단속,90
34.77600,127.69462,50,과속단속,316
37.50881,126.70253,50,과속단속,-1
37.52184,126.74294,30,과속단속,-1
37.52202,126.74269,30,과속단속,-1
37.52258,126.73798,30,과속단속,-1
37.52133,126.73821,30,과속단속,-1
37.47228,126.70053,50,과속단속,-1
37.50328,126.73642,30,과속단속,-1
36.79585,127.09769,30,보호구역,-1
35.26697,126.55171,30,보호구역,-1
35.21068,126.50782,30,보호구역,-1
35.26076,126.48818,60,과속단속,-1
35.25640,126.47703,30,보호구역,-1
35.23539,126.45774,30,보호구역,-1
35.24099,126.43075,60,과속단속,-1
35.22012,126.36787,30,보호구역,-1
35.28293,126.39677,30,보호구역,-1
35.28236,126.41377,30,보호구역,-1
35.28189,126.42039,30,보호구역,-1
35.41514,126.44061,30,보호구역,-1
35.39647,126.44754,30,보호구역,-1
35.36584,126.44277,60,과속단속,-1
34.79959,127.65820,50,과속단속,98
36.36193,127.33635,30,보호구역,207
36.36886,127.33652,30,보호구역,-1
36.36907,127.33657,30,보호구역,-1
36.36469,127.35271,30,보호구역,-1
36.38466,127.37422,30,보호구역,-1
36.38532,127.35668,50,보호구역,96
36.38198,127.35519,50,보호구역,-1
36.38598,127.34790,30,보호구역,-1
36.41445,127.33740,30,보호구역,-1
36.40177,127.36589,30,보호구역,-1
36.39971,127.40004,30,보호구역,-1
36.39974,127.40654,30,보호구역,-1
36.41612,127.40915,30,보호구역,-1
36.41881,127.39636,30,보호구역,-1
36.42249,127.38871,30,보호구역,-1
36.43138,127.38355,30,보호구역,-1
36.43129,127.38379,30,보호구역,-1
36.43427,127.38126,30,보호구역,-1
36.43678,127.38621,30,과속단속,-1
35.07938,128.28080,50,과속단속,-1
35.07942,128.28077,50,과속단속,-1
35.13389,128.69579,50,과속단속,-1
35.30215,126.58113,30,보호구역,-1
37.48680,126.73504,50,과속단속,-1
37.48919,126.70606,50,과속단속,-1
37.50718,126.71482,30,과속단속,-1
37.49840,126.72792,40,과속단속,-1
37.48550,126.70673,50,과속단속,-1
37.59173,126.88206,60,과속단속,280
37.65046,126.87363,60,과속단속,-1
36.37549,127.30554,30,과속단속,-1
36.37787,127.30367,30,보호구역,-1
36.37769,127.30428,30,보호구역,-1
36.38943,127.29926,30,보호구역,-1
36.39377,127.30797,30,보호구역,-1
36.38877,127.31032,30,보호구역,-1
36.38822,127.32011,30,보호구역,-1
36.38079,127.31682,30,보호구역,-1
36.38098,127.31670,30,보호구역,-1
36.38397,127.32318,30,보호구역,-1
36.38084,127.32506,30,보호구역,-1
36.35958,127.32368,50,과속단속,269
36.35356,127.32011,30,보호구역,-1
36.35115,127.29736,50,보호구역,215
36.34292,127.29975,30,보호구역,-1
36.34245,127.30120,30,보호구역,-1
36.29918,127.31579,30,보호구역,-1
36.29643,127.32035,30,과속단속,-1
36.29705,127.32007,30,과속단속,-1
36.33377,127.34076,30,보호구역,-1
36.33374,127.34102,30,보호구역,-1
36.33979,127.34448,30,보호구역,-1
36.34276,127.34437,30,보호구역,-1
36.34519,127.33547,30,보호구역,-1
36.34763,127.33569,30,보호구역,-1
36.35348,127.33887,30,보호구역,-1
36.67095,127.43063,80,구간단속,-1
36.65615,127.39404,80,구간단속,67
36.64312,127.45410,60,과속단속,-1
37.59099,126.98170,30,과속단속,-1
37.59122,126.98186,30,과속단속,-1
37.21142,127.03621,30,보호구역,61
37.21138,127.03568,30,보호구역,241
37.20207,127.03696,30,보호구역,-1
37.20233,127.03689,30,보호구역,-1
37.21689,127.05176,30,보호구역,-1
37.21645,127.05168,30,보호구역,-1
37.52712,127.41496,30,보호구역,-1
37.43650,127.49417,30,보호구역,-1
37.43122,127.15129,30,보호구역,-1
37.44925,127.15343,30,보호구역,-1
37.39461,127.09816,30,보호구역,-1
37.36596,127.10974,30,보호구역,-1
37.40121,127.12366,30,보호구역,-1
37.39904,127.12770,30,보호구역,-1
37.37191,127.14068,30,보호구역,-1
37.38909,127.11665,30,보호구역,-1
37.44253,127.15939,30,보호구역,-1
37.38894,127.07852,30,보호구역,-1
35.23240,129.22042,50,과속단속,-1
35.23857,129.01388,50,과속단속,183
35.12415,129.04011,30,보호구역,-1
37.65074,126.89666,50,과속단속,-1
37.64857,126.89773,50,과속단속,-1
37.65377,126.90178,60,과속단속,-1
37.66157,126.91010,50,과속단속,-1
37.66159,126.91056,50,과속단속,-1
37.74779,127.08131,30,보호구역,-1
37.73817,127.08801,30,보호구역,-1
37.75062,127.11574,30,보호구역,-1
37.59212,127.13791,30,보호구역,-1
37.59303,127.15265,30,과속단속,-1
37.59724,127.13295,30,과속단속,-1
35.08946,126.10109,30,보호구역,-1
34.94487,127.52248,50,과속단속,180
34.95507,127.53073,50,과속단속,-1
36.77953,127.50693,110,구간단속,195
36.86410,127.47665,110,구간단속,154
36.89602,127.31825,60,과속단속,-1
36.30964,127.56092,60,과속단속,123
36.31315,127.55680,60,과속단속,-1
36.40380,127.73000,70,과속단속,-1
36.79792,127.58916,70,과속단속,229
36.98248,127.92849,60,과속단속,317
37.08176,127.95443,80,과속단속,220
36.59754,127.50577,60,과속단속,262
36.63639,127.50890,50,과속단속,-1
36.62751,127.51970,70,과속단속,184
35.10528,128.21692,30,보호구역,-1
35.06124,128.37391,30,보호구역,-1
35.06141,128.37420,30,보호구역,-1
34.99306,128.40509,30,보호구역,-1
34.90490,128.68257,60,과속단속,79
34.87023,128.72927,30,보호구역,-1
34.88954,128.64379,30,보호구역,-1
35.27613,128.21225,30,보호구역,-1
35.27624,128.21216,30,보호구역,-1
35.31603,128.99054,30,보호구역,-1
35.31589,128.99047,30,보호구역,-1
35.31152,128.99129,30,보호구역,-1
35.31123,128.99134,30,보호구역,-1
35.31211,128.99679,30,보호구역,-1
35.31186,128.99697,30,보호구역,-1
35.31704,128.99736,30,보호구역,-1
35.31699,128.99709,30,보호구역,-1
35.31534,129.00315,30,보호구역,-1
35.31546,129.00301,30,보호구역,-1
35.31570,129.00618,30,보호구역,-1
35.31597,129.00656,30,보호구역,-1
35.22086,128.85357,50,과속단속,-1
35.25681,128.86604,60,과속단속,338
35.21928,128.70713,40,과속단속,-1
35.22009,128.70616,40,과속단속,-1
35.27010,128.86894,50,과속단속,-1
37.67762,126.79888,60,과속단속,298
36.48458,127.04375,110,구간단속,114
36.57333,126.95156,110,구간단속,106
36.45564,128.89642,40,보호구역,-1
36.56325,128.72831,40,보호구역,272
36.56243,128.71675,40,보호구역,-1
36.56371,128.71503,40,보호구역,273
35.69786,129.47192,30,보호구역,-1
35.36716,129.17444,30,과속단속,-1
35.48966,129.08756,30,보호구역,-1
35.48941,129.08767,30,보호구역,-1
35.43980,129.04536,30,보호구역,-1
35.43982,129.04535,30,보호구역,-1
35.36249,129.04850,30,보호구역,-1
35.36288,129.04882,30,보호구역,-1
35.35263,129.04013,30,보호구역,-1
35.34621,129.04191,30,보호구역,-1
35.34595,129.04186,30,보호구역,-1
35.33189,129.02652,30,보호구역,-1
35.33173,129.02690,30,보호구역,-1
35.33143,129.03004,30,보호구역,-1
35.33159,129.02950,30,보호구역,-1
34.90103,128.55236,30,보호구역,-1
34.88621,128.48314,30,보호구역,-1
34.88605,128.48308,30,보호구역,-1
35.05555,128.33627,30,보호구역,-1
35.09799,128.25982,30,보호구역,-1
36.04363,128.98555,40,보호구역,-1
35.86910,128.90512,40,보호구역,-1
35.91427,129.00976,40,보호구역,-1
36.00360,129.06925,50,보호구역,279
36.53878,127.36472,80,구간단속,305
36.52956,127.40300,80,구간단속,288
36.17719,127.47311,80,구간단속,-1
36.23439,127.48119,80,구간단속,161
36.60127,126.56898,50,과속단속,-1
36.67736,126.29522,70,과속단속,114
36.40830,126.98637,70,과속단속,-1
36.80036,127.11122,50,과속단속,46
36.76658,127.15806,50,과속단속,-1
36.68956,126.79014,60,과속단속,244
36.76078,126.81294,80,과속단속,134
36.84522,127.04333,60,과속단속,89
36.81944,126.94517,70,과속단속,85
36.66133,126.98717,50,과속단속,-1
36.01427,126.70868,70,과속단속,360
36.62339,126.37776,70,과속단속,290
36.27442,126.94192,70,과속단속,90
36.35386,126.55794,60,과속단속,-1
36.97053,126.59569,60,과속단속,4
36.20450,127.21789,60,과속단속,-1
36.51925,127.13353,50,과속단속,-1
36.10033,126.67622,110,구간단속,103
36.18006,126.59614,110,구간단속,162
37.54773,126.72336,30,과속단속,-1
37.54783,126.72372,30,과속단속,-1
37.38998,126.42646,30,과속단속,-1
37.38978,126.42634,30,과속단속,-1
38.06733,127.01957,30,보호구역,-1
38.06704,127.01957,30,보호구역,-1
38.18278,127.10658,30,보호구역,-1
38.09713,127.09412,30,보호구역,-1
38.09746,127.07430,30,보호구역,-1
36.30675,127.96221,50,과속단속,-1
35.81301,128.75985,30,보호구역,-1
35.95740,128.80571,60,보호구역,-1
35.91893,128.81189,30,보호구역,91
35.91900,128.81189,30,보호구역,255
35.82669,128.71871,30,보호구역,-1
35.82777,128.72776,30,보호구역,-1
35.81851,128.75007,30,보호구역,-1
35.82060,128.72319,30,보호구역,-1
35.82087,128.72296,30,보호구역,-1
35.89628,128.38258,30,보호구역,-1
35.85775,128.35696,30,보호구역,-1
36.06021,128.89180,30,보호구역,-1
36.02055,128.97425,30,보호구역,-1
36.10959,128.92030,30,보호구역,-1
35.99564,128.82448,30,보호구역,-1
35.83275,127.09934,30,보호구역,-1
35.83788,127.11180,30,보호구역,-1
35.81752,127.12020,30,보호구역,-1
35.83549,127.11482,30,보호구역,-1
35.80745,127.14958,30,보호구역,-1
35.83185,127.16324,30,보호구역,-1
35.85766,127.15157,30,보호구역,-1
35.87601,127.13962,30,보호구역,-1
35.79988,127.10355,30,보호구역,-1
35.79885,127.10617,30,보호구역,-1
35.87653,127.13560,30,보호구역,-1
35.86249,127.11818,30,보호구역,-1
35.86193,127.11772,30,보호구역,-1
35.85063,127.03448,30,보호구역,-1
35.85065,127.03437,30,보호구역,-1
35.83699,127.06446,30,보호구역,171
35.88307,127.24324,30,보호구역,-1
35.88264,127.24315,30,보호구역,-1
35.66040,127.11126,30,보호구역,-1
35.66026,127.11111,30,보호구역,-1
35.82044,127.02438,30,보호구역,-1
37.57812,126.73504,30,과속단속,-1
37.56885,126.74776,30,과속단속,-1
37.56222,126.75518,30,과속단속,-1
37.53815,126.73652,50,과속단속,-1
37.54761,126.74090,30,과속단속,-1
36.87620,127.65411,30,보호구역,-1
36.91598,127.75579,30,보호구역,-1
36.93011,127.68532,30,보호구역,-1
36.93395,127.68409,30,보호구역,-1
36.92783,127.70021,30,보호구역,-1
36.92799,127.70017,30,보호구역,-1
36.90703,127.68085,30,보호구역,-1
36.67744,127.64465,60,과속단속,-1
36.58327,127.59568,70,과속단속,49
36.59880,127.49918,30,보호구역,-1
35.13735,128.77395,80,구간단속,123
35.15960,128.70965,80,구간단속,101
35.16075,128.70666,80,구간단속,300
35.13754,128.77397,80,구간단속,303
35.36464,128.92137,30,보호구역,-1
35.36392,128.92148,30,보호구역,-1
35.30990,129.11017,50,보호구역,52
35.35267,129.03974,30,보호구역,-1
35.37953,129.05427,30,보호구역,-1
35.37948,129.05428,30,보호구역,-1
35.33186,129.00595,30,과속단속,-1
35.33179,129.00601,30,과속단속,-1
35.39652,129.05581,30,보호구역,-1
35.39646,129.05578,30,보호구역,-1
35.85969,127.10067,30,과속단속,-1
35.49828,126.50899,60,과속단속,-1
35.44024,126.63422,30,보호구역,-1
37.25664,128.45489,30,보호구역,-1
37.18239,128.46744,30,보호구역,-1
37.18243,128.46779,30,보호구역,-1
36.38840,127.53827,30,보호구역,-1
36.31193,127.57775,30,보호구역,-1
36.35532,127.67311,30,보호구역,-1
36.39405,127.66119,30,보호구역,-1
36.34540,127.79318,30,보호구역,-1
36.27849,127.58079,30,보호구역,-1
36.29615,127.57923,30,보호구역,-1
36.29875,127.55924,30,보호구역,-1
36.30476,127.56086,30,보호구역,-1
36.27761,127.52811,30,보호구역,-1
36.27746,127.52837,30,보호구역,-1
36.31685,127.58550,30,보호구역,-1
36.96470,127.49497,30,보호구역,-1
36.96692,127.48796,30,보호구역,-1
36.97664,127.48981,30,보호구역,-1
36.96921,127.47449,30,보호구역,-1
36.96874,127.47434,30,보호구역,-1
36.94874,127.52418,30,보호구역,-1
36.91122,127.54160,30,보호구역,-1
36.92645,127.56385,30,보호구역,-1
36.92649,127.56357,30,보호구역,-1
36.91279,127.54273,30,보호구역,-1
36.91218,127.54246,30,보호구역,-1
36.89005,127.56623,30,보호구역,-1
36.90705,127.68033,30,보호구역,-1
37.46433,127.01826,60,구간단속,160
37.48266,127.01215,60,구간단속,339
37.53624,128.45483,40,보호구역,-1
37.46258,128.84690,50,과속단속,-1
37.46213,128.84750,50,과속단속,-1
37.41256,128.85636,50,과속단속,-1
37.41260,128.85643,50,과속단속,-1
37.18263,128.48082,50,과속단속,-1
37.18261,128.48030,50,과속단속,-1
37.38689,128.67090,30,보호구역,-1
37.45432,128.67302,30,보호구역,-1
37.33765,128.78762,30,보호구역,-1
37.39278,128.60150,30,보호구역,-1
37.19525,128.86615,30,보호구역,113
37.17604,128.47751,40,보호구역,-1
37.17581,128.47738,40,보호구역,-1
37.23525,128.32820,30,보호구역,-1
37.23540,128.32823,30,보호구역,-1
37.26681,128.25784,30,과속단속,-1
37.26669,128.25774,30,과속단속,-1
37.12906,128.57023,30,보호구역,-1
37.12912,128.57004,30,보호구역,-1
37.14635,128.68078,30,보호구역,-1
37.14632,128.68087,30,보호구역,-1
37.14231,128.83828,30,보호구역,-1
37.14231,128.83812,30,보호구역,-1
37.25650,128.45496,30,보호구역,-1
35.79553,127.12455,30,보호구역,-1
35.80226,127.11416,30,보호구역,-1
35.82188,127.11709,30,보호구역,-1
35.86383,127.12344,30,보호구역,-1
35.80079,127.12239,30,보호구역,-1
35.82111,127.09779,30,보호구역,-1
35.86832,127.12727,30,보호구역,-1
35.82363,127.14005,30,보호구역,-1
35.83736,127.14562,30,보호구역,-1
35.86919,127.07737,30,보호구역,-1
35.86279,127.09592,30,보호구역,33
35.80247,127.11688,30,보호구역,-1
35.83791,127.15083,30,보호구역,-1
35.83441,127.15745,30,보호구역,162
35.82738,127.16564,30,보호구역,-1
35.53127,127.01296,40,과속단속,-1
35.50057,127.00318,30,보호구역,-1
35.45436,126.92246,30,보호구역,-1
35.43071,126.93108,30,보호구역,-1
35.90830,127.77667,30,보호구역,-1
35.93350,127.65660,30,보호구역,-1
36.01465,127.58039,30,보호구역,-1
36.68336,126.83246,30,보호구역,-1
36.68329,126.83255,30,보호구역,-1
36.68413,126.84837,30,보호구역,-1
36.68229,126.84976,30,보호구역,-1
35.84312,127.10754,30,보호구역,-1
35.85176,127.15524,30,보호구역,-1
35.84115,127.15474,30,보호구역,162
35.88281,127.10954,30,보호구역,149
35.84159,127.05618,30,보호구역,-1
35.85689,127.11936,30,보호구역,-1
35.83209,127.10938,30,보호구역,-1
35.83018,127.11201,30,보호구역,-1
35.82776,127.10195,30,보호구역,-1
35.76970,127.09875,30,보호구역,-1
35.79509,127.11244,30,보호구역,-1
35.79087,127.11694,30,보호구역,-1
35.79088,127.11681,30,보호구역,-1
35.78625,127.12611,30,보호구역,-1
35.79074,127.13348,30,보호구역,-1
35.80224,127.12174,30,보호구역,-1
35.80991,127.11989,30,보호구역,-1
35.80976,127.12843,30,보호구역,-1
35.80674,127.13403,30,보호구역,-1
35.80982,127.14476,30,보호구역,-1
35.80501,127.10002,30,보호구역,-1
35.80558,127.09979,30,보호구역,-1
35.80569,127.09841,30,보호구역,-1
35.82315,127.15294,30,보호구역,-1
35.79833,127.13897,30,보호구역,-1
35.78482,127.13239,30,보호구역,-1
36.68822,126.79592,30,보호구역,-1
36.73173,126.82161,30,보호구역,-1
36.73329,126.82119,30,보호구역,-1
36.68532,126.64241,30,보호구역,-1
36.68526,126.64346,30,보호구역,-1
36.55190,126.77579,30,보호구역,-1
36.55010,126.77552,30,보호구역,-1
36.60205,126.86810,30,보호구역,-1
36.60217,126.86810,30,보호구역,-1
36.70333,126.71569,30,보호구역,-1
36.70148,126.71644,30,보호구역,-1
36.68802,126.74225,30,보호구역,-1
36.68814,126.74215,30,보호구역,-1
35.84620,127.07357,30,보호구역,-1
35.82598,127.13301,30,보호구역,-1
35.81184,127.10064,30,보호구역,-1
35.83725,127.06462,30,보호구역,351
35.84864,127.06206,30,보호구역,-1
35.87389,127.07268,30,보호구역,-1
35.86252,127.14679,30,보호구역,-1
35.86166,127.11215,30,보호구역,-1
35.84102,127.12576,30,보호구역,-1
35.84380,127.14786,30,보호구역,-1
35.82942,127.15135,30,보호구역,-1
35.80313,127.15004,30,보호구역,-1
35.77491,127.12795,30,보호구역,-1
35.86500,127.13127,30,보호구역,-1
35.20775,129.08216,30,보호구역,-1
35.20483,129.10619,30,과속단속,-1
35.20196,129.06569,50,보호구역,-1
35.20270,129.06369,30,보호구역,-1
35.21236,129.07312,30,보호구역,-1
35.21267,129.07288,30,보호구역,-1
35.20000,129.08013,30,보호구역,-1
35.21510,129.08878,50,보호구역,-1
36.80334,127.11467,30,보호구역,-1
36.70578,126.78618,30,보호구역,-1
36.70518,126.78580,30,보호구역,-1
36.74615,126.70272,30,보호구역,-1
36.74629,126.70306,30,보호구역,-1
36.74938,126.68131,30,보호구역,-1
36.74775,126.68144,30,보호구역,-1
36.70543,126.66428,30,보호구역,-1
36.70570,126.66771,30,보호구역,-1
36.63531,126.78607,30,보호구역,-1
36.63370,126.78663,30,보호구역,-1
36.65528,126.77023,30,보호구역,-1
36.65561,126.77016,30,보호구역,-1
36.65627,126.89280,30,보호구역,-1
36.65576,126.89275,30,보호구역,-1
36.72469,126.84300,30,보호구역,-1
36.72515,126.84332,30,보호구역,-1
36.69084,126.83413,30,보호구역,-1
36.69084,126.83301,30,보호구역,-1
36.68653,126.79507,30,보호구역,-1
34.80831,127.24868,30,보호구역,-1
34.91946,127.17393,30,보호구역,-1
34.90011,127.14087,30,보호구역,-1
34.89766,127.12740,30,보호구역,-1
34.80006,127.08764,30,보호구역,-1
34.87511,127.31523,30,보호구역,-1
34.87498,127.31522,30,보호구역,-1
34.77036,127.08004,30,보호구역,-1
34.81942,127.26216,80,과속단속,21
35.24773,129.08510,50,보호구역,-1
35.23372,129.09188,50,과속단속,5
35.25115,129.08785,30,보호구역,-1
35.26187,129.08799,30,보호구역,-1
35.22743,129.08335,30,보호구역,-1
35.23972,129.09030,50,보호구역,-1
35.26941,129.08515,30,보호구역,-1
35.22853,129.08013,30,보호구역,-1
35.29524,129.11161,30,보호구역,-1
35.27065,129.09288,50,보호구역,359
35.25004,129.05665,30,보호구역,-1
35.20217,129.11065,30,보호구역,-1
35.19521,129.05873,30,보호구역,76
35.19440,129.09343,30,보호구역,-1
35.19225,129.10521,30,과속단속,-1
35.19228,129.10754,50,보호구역,-1
35.20020,129.05736,30,과속단속,-1
35.20074,129.05566,30,보호구역,-1
36.31571,127.41743,30,보호구역,-1
36.33372,127.40947,30,보호구역,-1
37.89740,128.03719,80,과속단속,-1
37.59532,127.81851,30,보호구역,-1
37.74961,128.30654,30,보호구역,-1
34.82639,127.09093,80,과속단속,327
34.83088,127.09327,60,과속단속,-1
34.85769,127.32851,60,과속단속,-1
34.85780,127.32844,60,과속단속,-1
34.74222,127.13429,60,과속단속,-1
34.83798,127.34160,30,보호구역,-1
34.76972,127.07786,30,보호구역,-1
34.67235,127.08644,30,보호구역,-1
34.75469,127.18591,50,과속단속,-1
34.77822,127.19773,30,보호구역,-1
34.83126,127.15001,30,보호구역,-1
38.21033,127.22104,30,보호구역,-1
38.20855,127.22182,30,보호구역,-1
38.19376,127.26767,40,보호구역,102
38.19418,127.26782,40,보호구역,282
38.22319,127.23266,30,보호구역,-1
38.22249,127.23206,30,보호구역,-1
38.20568,127.21980,30,보호구역,-1
38.20262,127.21729,30,보호구역,-1
38.18540,127.31765,30,보호구역,-1
37.41358,126.62331,50,과속단속,270
37.49932,126.67165,50,과속단속,-1
37.49983,126.70287,50,과속단속,-1
37.51257,126.74017,50,과속단속,-1
37.44395,126.65495,50,과속단속,-1
37.44745,126.70064,50,과속단속,-1
37.44848,126.69936,50,과속단속,-1
37.57745,126.71780,60,과속단속,-1
37.62719,126.53176,60,과속단속,219
37.38511,126.69942,60,과속단속,282
34.83372,128.40939,30,보호구역,-1
34.83269,128.41036,30,보호구역,-1
35.20231,128.56769,40,보호구역,-1
35.21513,128.56658,30,보호구역,-1
35.19931,128.56344,30,보호구역,-1
35.21915,128.57884,30,보호구역,-1
38.15921,127.65053,30,보호구역,-1
38.17512,127.53449,30,보호구역,-1
38.08898,127.70015,30,보호구역,-1
38.05412,127.79119,30,보호구역,-1
38.09491,127.70182,50,과속단속,-1
38.16369,127.24289,40,보호구역,-1
38.16390,127.24294,40,보호구역,-1
35.80233,127.12202,30,보호구역,-1
35.79056,127.13370,30,보호구역,-1
35.76911,127.09824,30,보호구역,-1
36.73330,126.82990,60,과속단속,-1
36.71370,126.80855,30,보호구역,-1
36.70669,126.81313,60,과속단속,-1
36.67906,126.64556,50,과속단속,-1
36.66997,126.77941,60,과속단속,46
36.69807,126.83745,50,과속단속,-1
36.62744,126.59066,30,보호구역,-1
37.59394,127.01298,30,보호구역,-1
37.55008,126.68201,30,과속단속,-1
37.54371,126.68039,30,과속단속,-1
37.54358,126.68063,30,과속단속,-1
37.54311,126.68187,30,과속단속,-1
37.53881,126.64044,30,과속단속,-1
37.53924,126.64067,30,과속단속,-1
37.52271,126.66749,30,과속단속,-1
37.52260,126.66801,30,과속단속,-1
37.51026,126.66855,40,과속단속,-1
37.51225,126.66847,30,과속단속,-1
37.49152,126.68045,30,과속단속,-1
37.46138,126.71980,50,과속단속,268
37.45034,126.74657,50,과속단속,23
37.49010,126.54619,70,구간단속,220
37.47253,126.51321,70,구간단속,51
37.72948,127.08440,50,과속단속,72
36.79749,127.11606,30,보호구역,-1
37.72643,127.06417,60,과속단속,195
36.79516,127.09787,30,보호구역,-1
36.64910,126.77250,60,과속단속,-1
36.74650,126.69870,30,과속단속,-1
36.74980,126.66950,60,과속단속,-1
36.67170,126.85200,40,과속단속,-1
35.79548,127.12429,30,보호구역,-1
35.80234,127.11415,30,보호구역,-1
35.79849,127.13930,30,보호구역,-1
35.80061,127.12193,30,보호구역,-1
35.84095,127.12583,30,보호구역,-1
35.84404,127.14775,30,보호구역,-1
35.86165,127.11208,30,보호구역,-1
35.85067,127.15581,30,보호구역,-1
35.80203,127.11672,30,보호구역,-1
35.84311,127.10717,30,보호구역,-1
35.77467,127.12787,30,보호구역,-1
35.83883,127.14568,30,보호구역,-1
35.84162,127.05626,30,보호구역,-1
35.83235,127.10957,30,보호구역,-1
35.83012,127.11287,30,보호구역,-1
35.80991,127.11997,30,보호구역,-1
35.80978,127.12853,30,보호구역,-1
36.78882,127.13622,30,보호구역,-1
36.78095,127.14040,30,보호구역,-1
36.77925,127.15229,30,보호구역,182
36.78695,127.12401,30,보호구역,-1
36.82577,127.15452,30,보호구역,-1
36.95136,127.11454,30,보호구역,-1
36.91543,127.22561,30,보호구역,-1
36.87679,127.11543,30,보호구역,-1
36.80055,127.12919,30,보호구역,-1
36.79000,127.12362,30,보호구역,-1
36.82401,127.14048,30,보호구역,-1
36.83548,127.14688,30,보호구역,-1
36.83553,127.14698,30,보호구역,-1
36.82800,127.12290,30,보호구역,-1
36.87170,127.20060,30,보호구역,-1
36.94860,127.16620,30,보호구역,-1
36.91750,127.12890,30,보호구역,87
36.91690,127.13280,30,보호구역,-1
36.80650,127.14520,30,보호구역,93
36.78800,127.11540,30,보호구역,-1
36.83680,127.14370,30,보호구역,-1
36.83530,127.13590,30,보호구역,-1
36.92844,127.08729,30,보호구역,-1
36.94902,127.14639,30,보호구역,-1
34.81292,127.72807,60,과속단속,-1
34.77439,127.72703,50,과속단속,109
34.76419,127.70581,30,보호구역,313
34.75211,127.74408,30,보호구역,-1
34.87522,127.70994,30,보호구역,-1
34.88344,127.57814,30,보호구역,-1
34.72806,127.71378,30,보호구역,227
34.72742,127.71325,30,보호구역,48
34.98974,127.50597,50,과속단속,-1
34.89899,127.58470,60,과속단속,-1
36.68784,127.15764,30,보호구역,-1
36.78674,127.25841,30,보호구역,-1
36.73235,127.28369,30,보호구역,-1
36.79146,127.13136,30,보호구역,-1
36.78813,127.13107,30,보호구역,-1
36.82460,127.27310,30,보호구역,-1
36.74240,127.23620,30,보호구역,-1
36.74490,127.10280,30,보호구역,-1
36.72594,127.11918,30,보호구역,-1
36.80490,127.15000,30,보호구역,-1
36.82410,127.16040,30,보호구역,321
36.81320,127.13220,30,보호구역,-1
36.81214,127.13157,30,보호구역,-1
36.80576,127.13568,30,보호구역,-1
36.77778,127.34877,30,보호구역,-1
36.77356,127.21550,30,보호구역,-1
37.44840,127.12962,30,보호구역,-1
37.38780,127.11199,30,보호구역,-1
37.36779,126.95150,50,과속단속,58
37.37131,126.96180,60,과속단속,57
37.53954,127.67361,30,보호구역,-1
37.09157,127.07596,50,과속단속,-1
37.34687,126.95600,30,보호구역,-1
37.47488,128.04689,50,과속단속,326
37.83551,127.15420,60,과속단속,17
37.73851,127.04760,50,과속단속,-1
37.20313,127.04157,30,보호구역,-1
37.21911,126.98832,30,보호구역,-1
37.23580,127.06398,30,보호구역,-1
37.23226,127.05910,30,보호구역,-1
37.22416,126.98126,30,보호구역,-1
37.22445,126.98127,30,보호구역,-1
36.94824,127.05317,60,과속단속,18
37.00167,126.94426,70,과속단속,23
37.00151,127.09748,60,과속단속,285
37.29363,127.45601,30,보호구역,-1
37.28932,127.46005,30,보호구역,-1
37.29397,127.43414,30,보호구역,-1
37.28563,127.48885,30,보호구역,-1
37.39525,126.98463,60,과속단속,133
37.50190,127.47542,50,과속단속,284
37.49321,127.48705,30,보호구역,-1
37.49036,127.50927,30,보호구역,-1
37.30807,126.98698,30,보호구역,-1
37.29921,126.96923,30,보호구역,-1
37.43670,127.14225,30,보호구역,-1
37.43659,127.14177,30,보호구역,-1
37.20976,127.01319,30,보호구역,-1
37.14475,127.52995,30,보호구역,-1
37.35950,126.99229,40,과속단속,-1
37.48641,127.49740,30,보호구역,-1
37.45730,127.53301,60,과속단속,-1
37.36985,126.95578,50,과속단속,250
37.43316,127.12912,60,과속단속,353
37.48654,127.60813,50,과속단속,-1
37.38338,126.73273,30,보호구역,-1
37.61931,126.74802,30,보호구역,-1
37.62021,126.74901,30,보호구역,-1
37.05473,127.04349,50,과속단속,181
37.20375,127.66125,30,보호구역,-1
37.37476,127.58804,30,보호구역,-1
37.47237,127.47960,30,보호구역,-1
37.35008,126.72363,50,과속단속,10
37.34166,126.74023,50,과속단속,-1
37.43045,126.79239,30,보호구역,-1
37.49076,126.77789,30,보호구역,-1
37.49738,126.75357,30,보호구역,-1
37.60223,126.71974,30,보호구역,-1
37.62660,126.70983,30,보호구역,-1
37.64049,126.63378,30,보호구역,-1
37.64075,126.62881,30,보호구역,-1
37.34650,126.93921,30,보호구역,-1
37.48466,126.86974,30,보호구역,-1
37.21024,127.04217,30,보호구역,-1
37.21017,127.04173,30,보호구역,-1
37.20580,127.04533,30,보호구역,-1
37.20610,127.04532,30,보호구역,-1
37.20311,127.04096,30,보호구역,-1
37.82956,126.83409,30,과속단속,-1
37.83246,126.81721,30,보호구역,-1
37.89076,126.76038,30,과속단속,-1
37.82482,127.13688,30,과속단속,-1
37.84242,126.76862,80,과속단속,341
38.06423,127.20566,50,과속단속,-1
37.72405,127.20638,30,보호구역,217
37.59970,127.17395,50,보호구역,5
37.62045,127.17369,50,과속단속,-1
37.62005,127.15805,30,보호구역,-1
37.62040,127.15829,30,보호구역,-1
34.84226,128.39568,30,보호구역,-1
34.90273,128.36217,30,보호구역,-1
34.90286,128.36243,30,보호구역,-1
35.37927,128.32555,30,보호구역,-1
35.37920,128.32552,30,보호구역,-1
35.33264,128.24609,30,보호구역,-1
35.33267,128.24607,30,보호구역,-1
35.45387,128.04642,60,과속단속,-1
35.45411,128.04649,60,과속단속,-1
35.15462,128.11398,50,과속단속,-1
34.84584,128.21929,30,보호구역,-1
34.82733,128.42314,30,보호구역,-1
34.82732,128.42311,30,보호구역,-1
34.94783,128.41171,40,보호구역,-1
37.05273,127.04696,30,보호구역,-1
37.36978,126.95644,50,과속단속,70
37.55370,127.20035,30,보호구역,-1
37.55491,127.20115,30,보호구역,-1
37.53970,127.22280,30,보호구역,103
37.54004,127.22252,30,보호구역,282
37.50259,127.23159,60,과속단속,328
37.55823,127.19352,30,보호구역,-1
37.55698,127.19412,30,보호구역,-1
37.51175,127.22551,60,과속단속,156
37.51227,127.22545,60,과속단속,335
37.55672,127.18453,30,보호구역,-1
37.56355,127.18330,30,보호구역,-1
37.52182,127.61625,30,보호구역,-1
37.51899,127.45986,30,보호구역,-1
37.60193,127.42229,30,보호구역,-1
37.64351,127.37459,30,보호구역,-1
37.22818,126.95072,30,보호구역,-1
37.23079,126.94177,50,과속단속,-1
37.23046,126.94134,50,과속단속,-1
37.22407,126.94596,30,보호구역,-1
37.22398,126.94641,30,보호구역,-1
37.22821,126.94568,50,과속단속,-1
37.22768,126.94564,50,과속단속,-1
37.22250,126.94808,30,보호구역,64
37.22713,126.94278,50,과속단속,-1
37.22722,126.94215,50,과속단속,-1
37.40047,126.90258,30,보호구역,-1
36.16322,127.76842,30,보호구역,-1
36.17118,127.77323,30,보호구역,-1
36.17125,127.77311,30,보호구역,-1
36.16487,127.78127,30,보호구역,-1
36.16465,127.78127,30,보호구역,-1
36.16128,127.79319,30,보호구역,-1
37.13314,128.19491,30,보호구역,-1
37.13298,128.19462,30,보호구역,-1
37.18475,128.26280,30,보호구역,-1
37.18423,128.26369,30,보호구역,-1
37.15023,128.21217,50,보호구역,-1
37.15046,128.21182,50,보호구역,-1
37.16323,128.21579,30,보호구역,-1
37.16252,128.21604,30,보호구역,-1
37.11839,128.20407,30,보호구역,-1
37.11855,128.20420,30,보호구역,-1
37.06608,128.16499,30,보호구역,-1
36.99514,128.16540,30,보호구역,-1
36.93439,128.18551,30,보호구역,-1
36.90735,128.16872,30,보호구역,-1
36.88336,128.07988,30,보호구역,-1
36.98487,127.90634,60,과속단속,306
36.98233,127.92181,60,과속단속,-1
36.96449,127.94714,70,과속단속,357
37.54330,127.21522,30,보호구역,-1
37.11310,127.67711,30,보호구역,-1
37.03389,127.60601,30,보호구역,-1
37.03407,127.60617,30,보호구역,-1
36.99798,127.47153,30,보호구역,-1
37.01891,127.49692,30,보호구역,-1
36.93663,127.66488,50,과속단속,-1
36.97944,127.56418,30,보호구역,-1
37.00692,127.54138,30,보호구역,-1
36.99056,127.59291,30,보호구역,-1
36.98990,127.59562,30,보호구역,-1
37.10496,127.64081,30,보호구역,-1
36.99206,127.59950,30,보호구역,-1
37.01486,127.49907,30,보호구역,-1
36.09352,127.68559,50,보호구역,196
36.09313,127.68569,50,보호구역,17
36.19170,127.93293,30,보호구역,-1
36.19185,127.93296,30,보호구역,-1
36.22766,127.91180,30,보호구역,-1
36.22745,127.91169,30,보호구역,-1
36.26286,127.82783,30,보호구역,-1
36.26263,127.82778,30,보호구역,-1
36.27603,127.81006,30,보호구역,-1
36.27591,127.81038,30,보호구역,-1
36.12454,127.66734,30,보호구역,-1
36.12433,127.66734,30,보호구역,-1
36.02322,127.76523,30,보호구역,-1
36.02292,127.76512,30,보호구역,-1
37.36044,127.21644,30,보호구역,-1
37.37850,126.84666,60,과속단속,-1
37.44250,126.77235,60,과속단속,59
37.36080,126.78722,50,과속단속,178
37.41616,126.80854,30,보호구역,-1
36.44688,126.63145,60,과속단속,-1
36.39108,126.56348,70,과속단속,-1
36.38889,126.56070,30,보호구역,-1
36.27684,126.62728,60,과속단속,-1
36.27673,126.62730,60,과속단속,-1
36.24296,126.59389,60,과속단속,-1
36.30381,126.58536,30,보호구역,-1
36.28143,126.59693,70,과속단속,-1
36.26896,126.58976,70,과속단속,-1
36.27872,126.54059,60,과속단속,-1
36.27855,126.54082,60,과속단속,-1
36.19331,126.62126,60,과속단속,-1
36.34754,126.61787,30,보호구역,-1
36.35134,126.60959,30,보호구역,-1
36.35141,126.60965,30,보호구역,-1
36.12132,128.18744,30,보호구역,-1
36.98564,127.59867,30,보호구역,-1
36.99118,127.59808,30,보호구역,-1
36.99141,127.59109,30,보호구역,-1
36.99097,127.59835,30,보호구역,-1
37.07420,127.61435,30,보호구역,-1
37.11609,127.64336,30,보호구역,-1
37.56017,126.75832,30,과속단속,-1
37.59225,126.67621,30,과속단속,-1
37.59240,126.67575,30,과속단속,-1
37.59837,126.69927,30,과속단속,-1
37.61634,126.69554,30,과속단속,-1
37.60289,126.66515,30,과속단속,-1
37.49078,126.68523,30,과속단속,-1
37.59292,126.69222,30,과속단속,-1
37.59273,126.69208,30,과속단속,-1
37.53025,126.66600,30,과속단속,-1
37.52970,126.66586,30,과속단속,-1
37.54710,126.67087,30,과속단속,-1
37.54719,126.67055,30,과속단속,-1
37.54001,126.67283,30,과속단속,-1
37.54041,126.67267,30,과속단속,-1
37.50086,126.67013,30,과속단속,-1
37.50100,126.66991,30,과속단속,-1
35.40155,126.61190,60,과속단속,-1
35.55074,126.62058,40,과속단속,-1
35.44004,127.07493,40,과속단속,-1
35.44684,127.09281,40,과속단속,-1
35.77738,127.48153,50,과속단속,-1
35.39522,127.31663,40,과속단속,-1
35.39582,127.32162,40,과속단속,26
37.19046,127.06688,50,과속단속,71
37.19264,127.06114,30,보호구역,-1
37.19306,127.06126,30,보호구역,-1
35.09286,129.05957,30,보호구역,-1
35.07164,129.06191,30,보호구역,-1
35.07878,129.07383,30,보호구역,-1
35.07891,129.07390,30,보호구역,-1
35.13410,128.97426,30,보호구역,-1
35.16531,128.97787,30,보호구역,-1
35.16791,128.98216,50,보호구역,-1
35.16739,128.98340,30,보호구역,-1
35.17358,128.98570,30,보호구역,-1
35.16002,128.98662,30,보호구역,-1
35.18447,128.99565,30,보호구역,-1
35.18470,129.00155,30,보호구역,-1
35.14606,128.98481,30,보호구역,-1
35.15298,129.01109,30,보호구역,-1
35.13758,128.99395,30,보호구역,-1
37.89241,127.06088,30,보호구역,-1
37.89429,127.04870,30,과속단속,-1
37.45912,126.71480,30,과속단속,-1
37.40379,126.72389,50,과속단속,-1
37.46267,126.72061,50,과속단속,-1
37.46325,126.69869,50,과속단속,-1
37.45374,126.69574,30,과속단속,-1
37.57837,126.73502,30,과속단속,-1
37.53489,126.74140,30,과속단속,-1
37.53380,126.74085,30,과속단속,-1
37.52550,126.73619,50,과속단속,-1
37.56035,126.75836,30,과속단속,-1
37.60904,127.05370,70,과속단속,56
37.57412,126.84464,80,구간단속,308
37.57409,126.84475,80,구간단속,308
37.60376,127.03149,70,구간단속,301
37.60252,127.03566,70,구간단속,98
37.54639,126.89021,80,구간단속,336
37.54635,126.89030,80,구간단속,329
37.61094,126.99352,50,과속단속,119
37.59575,126.95628,70,구간단속,108
37.62036,127.16773,60,과속단속,-1
35.19848,129.07516,50,보호구역,-1
35.19039,129.08713,50,과속단속,-1
35.19047,129.08725,50,과속단속,-1
35.18571,129.10104,50,보호구역,-1
35.18566,129.09606,50,보호구역,-1
35.12228,129.11228,50,보호구역,-1
35.14709,129.09587,60,보호구역,314
35.16031,129.12949,50,보호구역,-1
35.15970,129.12717,50,보호구역,-1
35.11968,129.10784,30,보호구역,-1
35.16998,129.10342,30,보호구역,-1
35.08225,129.04488,30,보호구역,-1
35.08439,129.06849,30,보호구역,-1
37.56762,126.68351,30,과속단속,-1
37.71353,126.48014,30,과속단속,-1
37.74456,126.48356,30,과속단속,-1
37.74913,126.48533,30,과속단속,-1
37.77038,126.46229,30,과속단속,-1
37.80321,126.42198,30,과속단속,-1
37.66771,126.36111,30,과속단속,-1
37.74355,126.50222,30,과속단속,-1
37.74365,126.50260,30,과속단속,-1
37.69644,126.42260,50,과속단속,-1
37.69632,126.42319,50,과속단속,-1
37.74354,126.38772,50,과속단속,-1
37.74530,126.50504,30,과속단속,-1
37.66316,126.40841,60,과속단속,-1
35.65109,127.69621,100,구간단속,304
35.59331,127.77261,100,구간단속,191
35.61848,127.75334,100,과속단속,98
35.66367,127.67553,100,과속단속,143
35.55849,127.75758,100,과속단속,169
35.58298,127.76431,100,과속단속,224
37.61013,126.89889,60,과속단속,-1
37.60755,126.89287,60,과속단속,-1
37.68844,126.96211,60,과속단속,-1
37.71464,126.90138,50,과속단속,-1
37.71430,126.90116,50,과속단속,-1
37.59564,126.95135,70,구간단속,240
36.49786,127.33406,70,구간단속,217
36.48071,127.31368,70,구간단속,77
36.49769,127.33437,70,구간단속,37
38.03196,127.26087,70,과속단속,191
37.72091,126.71770,50,과속단속,-1
37.71059,126.75517,30,과속단속,-1
37.72989,126.73171,30,과속단속,-1
37.50017,126.91307,50,과속단속,-1
37.50845,126.90000,50,과속단속,-1
37.51328,126.89721,50,과속단속,247
37.58587,126.94950,30,보호구역,-1
37.55816,126.65201,30,과속단속,-1
37.59020,126.67219,30,과속단속,-1
37.59021,126.67249,30,과속단속,-1
37.59050,126.67700,30,과속단속,-1
37.60216,126.65192,30,과속단속,-1
37.59725,126.63722,30,과속단속,-1
37.59770,126.63741,30,과속단속,-1
37.53921,126.62838,30,과속단속,-1
37.53878,126.62823,30,과속단속,-1
37.52984,126.66483,30,과속단속,89
37.61282,126.68671,30,과속단속,-1
37.61444,126.68845,30,과속단속,-1
37.59416,126.69220,50,과속단속,-1
37.56792,126.68372,30,과속단속,-1
36.50143,127.32830,50,과속단속,262
36.50101,127.32817,50,과속단속,181
36.48091,127.31367,70,구간단속,255
36.31999,127.43288,50,과속단속,-1
36.32071,127.39897,30,보호구역,-1
36.32278,127.39832,30,보호구역,-1
36.33588,127.40326,30,보호구역,-1
36.31100,127.41047,30,보호구역,-1
36.29602,127.38295,50,과속단속,-1
36.32074,127.42415,30,보호구역,-1
36.31983,127.42457,30,보호구역,-1
36.32013,127.42561,30,보호구역,-1
36.30925,127.39316,30,보호구역,-1
36.30148,127.44770,30,보호구역,-1
37.42004,126.68000,30,과속단속,-1
37.42165,126.69345,30,과속단속,-1
36.33644,127.40588,30,보호구역,-1
36.31031,127.38961,30,과속단속,-1
36.31018,127.38987,30,과속단속,-1
36.31463,127.43111,30,보호구역,-1
36.31468,127.43148,30,보호구역,-1
36.33143,127.41627,30,과속단속,-1
36.31334,127.43453,50,과속단속,-1
36.30599,127.38680,50,과속단속,-1
36.30518,127.39503,50,과속단속,76
36.30837,127.39591,30,과속단속,-1
36.30992,127.44312,40,과속단속,-1
36.31705,127.43470,30,보호구역,-1
36.31517,127.40776,30,보호구역,-1
36.30591,127.39025,30,과속단속,-1
36.31957,127.41094,30,보호구역,-1
36.31900,127.40937,30,보호구역,-1
36.32707,127.42665,50,보호구역,155
36.32419,127.41999,30,보호구역,201
36.34317,127.41058,30,보호구역,-1
36.34314,127.41098,30,보호구역,-1
36.33017,127.39825,30,보호구역,-1
36.33679,127.41038,30,과속단속,-1
36.33450,127.42123,30,과속단속,-1
36.33320,127.42288,30,보호구역,-1
36.33312,127.42257,30,보호구역,-1
36.33202,127.42409,30,보호구역,-1
36.32917,127.41723,30,보호구역,-1
35.33787,129.01964,30,보호구역,-1
35.33126,129.01813,30,보호구역,-1
35.33098,129.01849,30,보호구역,-1
35.30388,129.02474,50,보호구역,-1
35.30385,129.02494,50,보호구역,-1
35.30382,129.02508,50,보호구역,-1
35.30387,129.02499,50,보호구역,-1
35.33178,129.01137,30,보호구역,-1
35.33141,129.01155,30,보호구역,-1
35.33491,129.00546,30,보호구역,-1
35.32184,129.02626,30,보호구역,-1
35.32170,129.02611,30,보호구역,-1
35.32210,129.02896,30,보호구역,-1
35.32208,129.02900,30,보호구역,-1
37.58448,126.71170,50,과속단속,-1
37.58434,126.71162,50,과속단속,-1
37.39628,126.63726,50,과속단속,310
37.39569,126.63744,50,과속단속,131
37.42287,126.70123,50,과속단속,-1
37.42321,126.70084,50,과속단속,276
37.39253,126.61984,30,과속단속,-1
37.41203,126.65735,30,과속단속,-1
37.42637,126.64831,30,과속단속,-1
37.40158,126.67498,30,과속단속,-1
37.40537,126.67009,30,과속단속,-1
37.40910,126.67828,30,과속단속,-1
37.42077,126.67041,30,과속단속,-1
35.96123,126.71077,30,보호구역,-1
35.97184,126.71062,30,보호구역,-1
35.95319,126.71088,30,보호구역,-1
35.95933,126.69809,30,보호구역,-1
35.96430,126.68053,30,보호구역,-1
35.95808,126.70683,30,보호구역,-1
35.96863,126.71977,30,보호구역,-1
35.96767,126.70564,30,보호구역,179
35.97959,126.71390,30,보호구역,-1
35.94292,126.68932,30,보호구역,-1
35.97373,126.72178,30,보호구역,-1
35.97154,126.71553,30,보호구역,-1
35.92391,126.64210,30,보호구역,-1
35.92147,126.68096,30,보호구역,-1
35.96508,126.70440,30,보호구역,-1
35.96653,126.72673,30,보호구역,-1
35.98157,126.70764,30,보호구역,-1
35.93509,126.86670,60,과속단속,-1
35.93485,126.86689,60,과속단속,-1
35.94688,126.82077,30,보호구역,40
35.43417,126.48462,50,과속단속,-1
35.49459,129.08707,30,보호구역,-1
35.49438,129.08775,30,보호구역,-1
35.31704,128.98898,30,보호구역,-1
35.31729,128.98914,30,보호구역,-1
35.33803,129.01964,30,보호구역,-1
35.86578,127.65583,30,보호구역,-1
35.03403,126.75370,30,보호구역,-1
34.95710,126.82656,30,보호구역,-1
35.04291,126.84722,30,보호구역,-1
35.04273,126.84727,30,보호구역,-1
35.03385,126.80493,30,보호구역,-1
35.01367,126.79680,30,보호구역,-1
35.01120,126.82235,30,보호구역,-1
35.02673,126.79118,30,보호구역,-1
35.00940,126.78714,30,보호구역,-1
35.02632,126.71682,30,보호구역,-1
34.93698,126.56522,30,보호구역,-1
34.96270,126.65567,30,보호구역,-1
34.91176,126.65786,30,보호구역,-1
34.91839,126.74782,30,보호구역,-1
34.94154,126.61210,30,보호구역,-1
35.05726,126.83478,70,과속단속,209
35.05627,126.83513,70,과속단속,-1
35.00694,126.81886,70,과속단속,-1
34.98310,126.69089,70,과속단속,-1
35.42588,129.18995,80,과속단속,249
35.42553,129.19015,80,과속단속,228
34.43880,126.28623,30,보호구역,-1
34.43901,126.28588,30,보호구역,-1
34.44525,126.19883,60,과속단속,-1
34.48877,126.23771,60,과속단속,-1
35.97750,126.71791,30,보호구역,-1
35.97357,126.70300,30,보호구역,-1
37.49371,126.78498,50,과속단속,-1
37.52279,126.77579,50,과속단속,164
37.51321,126.80043,50,과속단속,-1
37.48420,126.79400,50,과속단속,-1
37.48724,126.81836,50,과속단속,-1
37.65923,126.66714,70,과속단속,338
37.64620,126.62533,60,과속단속,256
37.36031,126.93316,50,과속단속,-1
37.34883,126.95466,50,과속단속,-1
37.35726,127.24652,70,과속단속,-1
37.35384,127.32917,70,과속단속,121
37.46255,126.87954,50,과속단속,235
37.40118,126.79330,60,과속단속,231
37.29948,127.01207,50,과속단속,323
37.46216,127.12578,60,과속단속,183
37.39086,127.06188,60,과속단속,77
37.42099,126.99607,60,과속단속,33
37.42130,126.99554,60,과속단속,215
37.07829,126.88751,110,과속단속,353
37.28404,127.16796,100,과속단속,126
37.25185,127.10360,110,과속단속,-1
37.28112,126.97223,60,구간단속,35
37.27583,126.95860,60,구간단속,-1
37.49918,126.92672,30,보호구역,-1
37.49922,126.92648,30,보호구역,-1
37.49858,126.92465,30,보호구역,-1
37.48695,126.90502,50,과속단속,33
35.97359,127.55850,30,보호구역,-1
37.32676,127.10304,60,과속단속,-1
37.32382,127.11365,50,과속단속,293
37.30275,127.23489,70,과속단속,-1
37.10099,127.13161,50,과속단속,-1
37.29984,127.62090,50,과속단속,-1
37.29378,127.62924,50,과속단속,-1
37.57861,127.74908,80,과속단속,200
37.51559,127.41402,70,과속단속,238
37.40740,126.92323,60,과속단속,339
37.40264,126.91025,50,과속단속,-1
37.37785,126.95505,60,과속단속,158
37.37867,126.95517,60,과속단속,300
37.00059,127.25043,50,과속단속,359
37.01748,127.32224,70,과속단속,62
37.32059,126.84560,50,과속단속,3
37.30423,126.85700,50,과속단속,143
37.32699,126.76419,50,과속단속,175
37.33446,126.80490,50,과속단속,94
37.36782,126.72304,30,보호구역,-1
37.26833,127.02699,50,과속단속,198
37.28287,127.03797,50,과속단속,129
37.26293,126.97253,60,과속단속,171
37.26265,127.01413,50,과속단속,-1
37.24654,127.03243,50,과속단속,107
37.42993,127.12949,60,과속단속,354
37.43010,127.15145,60,과속단속,-1
37.46002,127.12606,60,과속단속,299
37.40968,127.12845,60,과속단속,181
35.19433,127.47822,60,과속단속,-1
35.31841,127.46504,30,보호구역,-1
35.31672,127.43947,30,보호구역,-1
35.25824,127.44515,30,보호구역,-1
34.55723,126.58398,60,과속단속,35
35.17716,127.54296,30,보호구역,-1
35.22184,127.48666,30,보호구역,-1
34.94320,127.52474,50,과속단속,-1
34.92036,127.52495,70,과속단속,-1
34.94144,127.48828,50,과속단속,-1
37.23417,126.87953,110,구간단속,21
37.23419,126.87947,110,구간단속,21
37.15259,126.87825,110,구간단속,345
37.15258,126.87822,110,구간단속,345
37.19905,126.72254,70,과속단속,-1
37.22224,126.83963,70,과속단속,253
37.14186,127.05467,60,과속단속,185
37.13598,127.07279,60,과속단속,269
37.20244,127.03906,60,과속단속,331
37.18990,127.07011,30,보호구역,306
37.51638,127.14899,50,과속단속,288
37.51589,127.14936,50,과속단속,-1
37.00637,126.82361,70,과속단속,292
37.07438,127.08956,60,과속단속,351
37.23347,127.52157,60,과속단속,332
37.26606,127.46243,60,과속단속,118
37.33518,126.98035,60,과속단속,-1
37.60824,126.86335,60,과속단속,310
37.67550,126.85522,60,과속단속,75
37.67481,126.86165,60,과속단속,286
37.63009,126.88171,60,과속단속,152
37.62449,126.88169,60,과속단속,-1
37.65299,126.84249,60,과속단속,-1
37.65250,126.91981,50,보호구역,-1
37.95243,126.91852,30,보호구역,-1
37.72252,126.73808,30,보호구역,-1
37.84857,126.87789,30,보호구역,-1
37.80260,126.71824,30,보호구역,-1
37.73005,126.76073,60,과속단속,325
37.75554,126.76853,30,보호구역,-1
37.72437,126.72185,30,보호구역,-1
37.72439,126.72161,30,보호구역,-1
37.87023,126.78075,50,과속단속,-1
38.02622,127.11192,80,과속단속,119
38.02650,127.11161,80,과속단속,293
38.02242,127.12305,80,과속단속,82
38.02252,127.12246,80,과속단속,76
35.21379,129.10825,50,과속단속,-1
36.35151,127.38315,50,과속단속,-1
35.83833,127.13786,30,보호구역,195
35.83002,127.13593,30,보호구역,-1
35.85313,127.15479,50,과속단속,21
35.20022,127.60212,60,과속단속,-1
37.63389,126.82684,30,보호구역,-1
36.14018,126.75429,30,과속단속,-1
36.12018,126.79562,30,보호구역,-1
36.07321,126.76738,30,보호구역,-1
36.15325,126.52157,30,보호구역,-1
36.15243,126.52142,30,보호구역,-1
36.02761,126.68311,50,과속단속,-1
36.02735,126.68366,50,과속단속,-1
36.78831,127.19404,50,과속단속,-1
36.76935,127.14297,70,과속단속,177
36.90787,127.22717,70,과속단속,24
36.78565,127.13425,50,과속단속,289
36.80162,127.16422,50,과속단속,179
36.82497,127.10249,50,과속단속,8
36.84439,127.12197,60,과속단속,312
36.87652,127.14670,60,과속단속,358
34.80476,126.80756,50,과속단속,-1
34.74665,126.99344,30,보호구역,-1
34.63723,126.98093,60,과속단속,-1
34.48011,126.93827,30,보호구역,-1
34.48038,126.93841,30,보호구역,-1
34.67512,126.90801,30,보호구역,-1
34.67929,126.90213,30,보호구역,-1
34.68605,126.90422,30,과속단속,-1
37.62320,126.80499,60,과속단속,-1
37.64363,126.83877,60,과속단속,-1
36.14331,128.06242,30,보호구역,-1
36.12122,128.18820,30,보호구역,-1
36.12408,128.19286,30,보호구역,-1
37.80817,126.84726,50,과속단속,85
37.80844,126.85115,60,과속단속,284
35.87908,127.12796,60,과속단속,356
35.87883,127.12764,60,과속단속,167
35.81784,127.14725,50,과속단속,-1
37.70685,126.70238,30,보호구역,-1
37.83102,127.13849,30,보호구역,-1
37.86293,127.15622,30,보호구역,-1
37.81476,127.16957,30,보호구역,-1
37.77479,126.73978,50,보호구역,109
37.91495,126.89550,30,보호구역,-1
37.60851,127.14118,30,보호구역,-1
38.09073,127.27479,30,보호구역,-1
37.94659,127.18853,30,보호구역,-1
37.70332,126.75727,30,보호구역,-1
37.67131,126.73160,30,보호구역,-1
37.69607,126.75282,30,보호구역,-1
37.68520,126.72172,30,보호구역,-1
37.67957,126.77183,30,보호구역,-1
37.68111,126.76503,30,보호구역,-1
37.64382,126.78230,30,보호구역,-1
37.69662,126.78170,30,보호구역,-1
37.64993,126.78282,30,과속단속,-1
37.66344,126.89503,30,보호구역,-1
35.17945,128.79121,40,보호구역,-1
35.20691,128.80034,30,보호구역,-1
35.19727,128.80262,40,보호구역,-1
35.18547,128.79548,30,보호구역,-1
35.53061,127.68856,40,보호구역,-1
35.53060,127.68849,40,보호구역,-1
35.52034,127.71924,30,보호구역,-1
35.52036,127.71915,30,보호구역,-1
35.38596,127.65980,30,보호구역,-1
35.38597,127.65975,30,보호구역,-1
35.47695,127.73769,30,보호구역,-1
35.47654,127.73677,30,보호구역,-1
35.47254,127.79338,30,보호구역,-1
35.47254,127.79341,30,보호구역,-1
34.97915,128.28515,70,과속단속,95
34.97939,128.29209,70,과속단속,267
34.89762,128.57200,70,과속단속,278
36.18917,128.15764,60,과속단속,-1
36.12309,128.19342,30,보호구역,-1
36.12279,128.19342,30,보호구역,-1
36.12682,128.07658,40,보호구역,109
36.12525,128.09567,30,보호구역,-1
36.12473,128.09446,30,보호구역,-1
36.13172,128.12237,30,보호구역,-1
36.13085,128.12188,30,보호구역,-1
36.14374,128.06265,30,보호구역,-1
37.99373,127.07040,60,과속단속,-1
37.78542,127.08597,50,과속단속,218
37.90009,127.05019,50,과속단속,-1
37.55492,127.23790,60,과속단속,323
37.59773,127.14364,50,과속단속,-1
37.77894,127.46407,60,과속단속,196
37.72648,126.68877,90,구간단속,188
37.80052,126.68175,90,구간단속,200
37.76967,126.68357,90,구간단속,347
37.70374,126.68305,90,구간단속,359
37.71197,127.10804,100,과속단속,18
37.65546,127.13373,100,과속단속,8
37.65839,127.15794,70,과속단속,330
37.64040,126.75676,90,과속단속,122
37.61983,126.81216,60,과속단속,156
37.61996,126.81227,60,과속단속,336
37.86178,127.28971,70,과속단속,204
37.82349,127.51849,70,과속단속,247
34.82502,128.43384,40,보호구역,-1
34.84927,128.42939,30,보호구역,-1
35.17771,128.81601,30,보호구역,-1
35.16496,128.83014,30,보호구역,-1
36.32082,127.34773,50,과속단속,-1
36.32583,127.34812,50,과속단속,4
36.33980,127.34855,50,과속단속,337
35.97999,129.40774,40,보호구역,-1
35.99422,129.40417,30,보호구역,-1
35.99434,129.40411,30,보호구역,-1
37.16249,126.86981,30,보호구역,-1
37.15971,126.90350,30,보호구역,-1
37.05676,126.85545,30,보호구역,-1
37.05174,126.80800,30,보호구역,-1
37.19593,127.08889,30,보호구역,-1
37.11648,127.62803,30,보호구역,-1
37.44244,127.16579,30,보호구역,-1
37.44647,127.14931,30,보호구역,-1
37.50023,127.16321,30,보호구역,-1
37.49999,127.16301,30,보호구역,-1
37.50856,127.15898,30,보호구역,-1
37.27316,127.21884,30,보호구역,-1
37.14091,127.19764,30,보호구역,-1
37.27277,127.07188,30,보호구역,-1
37.26661,127.09384,30,보호구역,-1
37.27757,127.07903,30,보호구역,-1
37.27004,127.13325,30,보호구역,-1
37.47498,127.63757,30,보호구역,-1
37.50903,127.63315,30,보호구역,-1
37.73582,127.19989,30,보호구역,-1
37.73522,127.20015,30,보호구역,-1
37.75798,127.04265,50,과속단속,145
37.75836,127.04288,50,과속단속,1
37.73840,127.04203,50,과속단속,267
37.58742,127.14734,30,보호구역,3
37.60065,127.14712,30,보호구역,-1
37.60974,127.13413,30,보호구역,-1
37.61009,127.13055,30,보호구역,-1
37.58281,127.12559,30,보호구역,-1
37.70863,127.04116,80,과속단속,156
37.68930,126.75950,60,과속단속,-1
37.64771,126.77365,60,과속단속,146
37.64583,126.79134,50,과속단속,-1
37.63792,126.83191,50,과속단속,-1
37.63818,126.83120,50,과속단속,-1
37.61899,126.83398,60,과속단속,-1
37.89741,127.19624,30,보호구역,-1
37.65925,127.24166,30,보호구역,-1
37.64499,127.30146,30,과속단속,-1
37.65491,127.30076,50,과속단속,-1
37.65449,127.24841,30,과속단속,-1
37.64409,127.24077,30,과속단속,-1
37.58826,127.21897,30,과속단속,-1
37.65702,127.28003,30,과속단속,-1
34.87190,128.65072,30,보호구역,195
35.71011,128.01425,30,보호구역,-1
35.71004,128.01387,30,보호구역,-1
35.56677,127.92584,30,보호구역,-1
35.74870,127.91403,30,보호구역,-1
35.83879,127.87718,30,보호구역,-1
35.83880,127.87719,30,보호구역,-1
35.20938,129.07012,50,보호구역,-1
35.21297,129.07144,50,보호구역,-1
35.21263,129.07154,50,보호구역,-1
35.21209,129.06945,30,보호구역,-1
35.31990,129.23828,70,과속단속,313
35.31928,129.23886,70,과속단속,131
35.13392,129.07940,50,과속단속,248
37.89599,127.04924,30,보호구역,-1
37.62844,127.11522,30,보호구역,-1
37.59464,127.13126,50,보호구역,356
37.59718,127.13341,30,보호구역,-1
37.60452,127.13360,50,보호구역,29
37.60772,127.13086,50,보호구역,-1
37.61109,127.14026,60,과속단속,258
37.61097,127.14073,60,과속단속,78
37.63951,127.14693,70,과속단속,113
37.73805,127.20052,30,보호구역,-1
37.73776,127.20037,30,보호구역,-1
35.20589,128.11360,30,보호구역,-1
35.20589,128.11362,30,보호구역,-1
35.23853,128.09211,30,보호구역,-1
35.23144,128.25155,30,보호구역,-1
35.17183,128.09132,30,보호구역,-1
35.17178,128.09135,30,보호구역,-1
35.16319,128.10851,50,과속단속,-1
35.19433,128.07377,30,보호구역,-1
35.17612,128.06649,30,보호구역,-1
35.17236,128.13708,30,보호구역,-1
35.18676,128.12234,40,과속단속,-1
35.19105,128.11691,50,과속단속,-1
35.19081,128.11686,50,과속단속,-1
35.16370,128.06750,50,과속단속,-1
35.19793,128.11434,30,보호구역,-1
35.13626,128.14367,30,보호구역,-1
35.17498,128.10199,30,보호구역,-1
35.71304,127.91780,30,보호구역,-1
35.71373,127.91778,30,보호구역,-1
35.68852,127.90390,50,과속단속,-1
35.68937,127.90401,30,보호구역,-1
34.88522,128.60771,30,보호구역,92
34.88513,128.60851,30,보호구역,92
34.86855,128.72843,30,보호구역,-1
34.99164,128.68182,30,보호구역,-1
34.99162,128.68183,30,보호구역,-1
34.87192,128.65084,30,보호구역,13
37.83358,127.09587,30,보호구역,-1
37.83192,126.94455,50,과속단속,-1
37.49160,126.98034,30,보호구역,-1
37.50034,126.92546,30,보호구역,-1
37.49559,126.91648,30,보호구역,-1
37.51105,126.92734,30,보호구역,-1
37.49931,126.94436,30,보호구역,-1
37.48120,126.96577,30,보호구역,-1
37.50494,126.95222,30,보호구역,-1
37.51143,126.94011,30,보호구역,180
37.65965,126.90098,50,과속단속,-1
37.66306,126.89738,30,보호구역,-1
37.92821,127.26452,30,보호구역,-1
37.77736,127.14891,30,보호구역,-1
37.81492,127.16922,30,보호구역,-1
37.59220,126.87196,80,구간단속,115
37.62761,126.79214,80,구간단속,102
37.90102,127.28473,30,보호구역,-1
37.47885,126.69820,30,과속단속,-1
34.91828,128.67436,30,보호구역,-1
34.91821,128.67457,30,보호구역,-1
34.89052,128.60321,30,보호구역,-1
34.91306,128.51665,30,보호구역,-1
34.90095,128.55215,30,보호구역,-1
35.19179,128.06239,30,보호구역,-1
37.82839,127.06672,50,과속단속,-1
37.82119,127.09514,50,과속단속,-1
37.79246,126.96958,30,보호구역,-1
37.80133,127.07906,30,보호구역,-1
37.84903,127.02837,30,보호구역,-1
35.08253,129.02172,30,보호구역,-1
35.10598,128.96408,60,보호구역,89
35.10482,128.96582,50,보호구역,62
35.09902,128.95941,30,보호구역,275
35.07609,128.97302,30,보호구역,359
35.08042,128.97714,50,보호구역,97
35.08270,128.96647,30,보호구역,-1
35.09281,128.97309,30,보호구역,-1
35.10007,128.97697,50,보호구역,-1
35.10498,128.97306,30,보호구역,-1
35.06076,128.97434,50,보호구역,-1
35.09675,128.98135,30,보호구역,-1
35.09660,128.98169,30,보호구역,-1
35.09124,128.99561,50,보호구역,-1
35.08828,129.00291,50,보호구역,-1
35.09761,128.96105,50,보호구역,163
35.09831,128.96244,30,보호구역,-1
35.06860,128.98004,30,보호구역,-1
36.57825,127.29268,50,과속단속,14
36.57583,127.29171,50,과속단속,195
36.63314,127.28764,60,과속단속,342
36.53432,127.29412,50,과속단속,259
36.53411,127.29480,50,과속단속,78
36.81590,126.34010,60,과속단속,-1
36.73350,126.49660,40,과속단속,-1
36.76699,126.45152,30,과속단속,-1
36.76663,126.45571,30,과속단속,-1
36.96740,126.41230,70,과속단속,146
36.96760,126.41240,70,과속단속,345
36.74890,126.50710,70,과속단속,141
36.74910,126.50690,70,과속단속,137
36.77330,126.46730,50,과속단속,310
36.77300,126.46740,50,과속단속,90
36.76944,126.46344,30,보호구역,-1
36.76949,126.46335,30,보호구역,-1
36.66701,126.53294,30,보호구역,-1
36.66706,126.53285,30,보호구역,-1
36.78732,126.46593,30,보호구역,-1
36.78752,126.46573,30,보호구역,-1
36.78424,126.46828,40,보호구역,-1
36.47803,126.58756,110,구간단속,344
36.33781,126.56956,110,구간단속,313
36.15359,127.00854,40,과속단속,-1
36.14577,127.04056,50,과속단속,106
35.18951,129.06262,50,과속단속,239
35.11771,129.01199,30,보호구역,-1
35.07807,129.01612,30,보호구역,-1
35.10973,129.02238,50,보호구역,-1
35.09958,129.02203,30,보호구역,-1
35.09816,129.01668,30,보호구역,-1
35.81874,128.74973,30,보호구역,-1
36.43459,129.05391,30,보호구역,-1
36.40988,128.15813,30,보호구역,-1
36.40997,128.15782,30,보호구역,-1
36.47853,128.10777,40,과속단속,-1
36.51538,128.15526,30,보호구역,-1
36.57305,128.17582,30,보호구역,-1
36.57904,128.14524,30,보호구역,-1
35.94224,128.93329,70,과속단속,313
36.08785,129.38118,50,과속단속,-1
36.04842,129.35134,50,과속단속,-1
36.02123,129.35402,50,과속단속,123
37.71866,126.97480,50,과속단속,210
37.83877,127.09128,50,과속단속,-1
37.82286,127.09183,50,과속단속,-1
37.78782,127.09040,50,과속단속,-1
37.87180,127.00380,60,과속단속,235
37.88938,126.97451,60,과속단속,-1
37.85080,127.04140,60,과속단속,-1
36.69953,126.66518,50,과속단속,-1
36.62042,126.62286,60,과속단속,-1
36.71690,126.54360,30,보호구역,-1
36.76741,126.42101,80,과속단속,81
37.58344,126.88188,50,과속단속,-1
37.49923,126.85970,30,보호구역,-1
37.50141,126.85884,30,보호구역,-1
37.50118,126.85845,30,보호구역,-1
37.47560,127.12675,50,과속단속,194
37.47607,127.12736,50,과속단속,302
37.47475,126.70008,30,과속단속,-1
36.68009,129.44198,30,보호구역,-1
36.72306,129.43942,30,보호구역,-1
36.72271,129.43925,30,보호구역,-1
36.93205,129.17464,60,과속단속,-1
36.91343,129.38282,30,보호구역,-1
36.95757,129.39360,30,보호구역,-1
36.93455,129.24816,30,보호구역,-1
36.98694,129.39815,30,보호구역,-1
37.06252,129.42090,30,보호구역,-1
37.10212,129.37282,30,보호구역,-1
37.10226,129.37310,30,보호구역,-1
35.65962,128.25531,60,과속단속,-1
36.81217,128.61340,50,과속단속,-1
35.87468,128.81701,60,과속단속,79
37.12937,128.21255,30,보호구역,-1
37.12936,128.21257,30,보호구역,-1
37.16918,127.98771,30,보호구역,-1
37.16917,127.98771,30,보호구역,-1
37.14087,128.02198,30,보호구역,-1
37.14086,128.02202,30,보호구역,-1
37.13790,128.11498,30,보호구역,-1
37.13791,128.11499,30,보호구역,-1
37.15628,128.15867,50,보호구역,-1
37.15346,128.21616,30,보호구역,-1
37.15345,128.21616,30,보호구역,-1
37.15424,128.22343,30,보호구역,-1
37.15399,128.22335,30,보호구역,-1
37.13820,128.20421,30,보호구역,-1
37.15171,128.18803,60,과속단속,-1
37.14745,128.19669,50,과속단속,-1
37.14793,128.19646,50,과속단속,-1
37.16570,128.22179,60,과속단속,-1
36.61151,127.53767,40,구간단속,-1
36.59880,127.55285,40,구간단속,-1
36.59878,127.55281,40,구간단속,-1
36.61150,127.53764,40,구간단속,-1
35.96529,128.55137,70,과속단속,-1
35.96486,128.55164,70,과속단속,40
37.56515,126.90154,50,과속단속,139
37.57340,126.89921,50,과속단속,36
37.57310,126.89897,50,과속단속,90
37.57834,126.89061,50,과속단속,-1
35.09578,128.91706,50,보호구역,-1
35.09548,128.91951,30,보호구역,-1
35.08517,128.89941,30,보호구역,-1
35.08561,128.87464,30,보호구역,-1
35.08204,128.87741,30,보호구역,-1
35.21418,128.97994,30,보호구역,-1
35.20458,128.89170,50,과속단속,-1
35.19630,128.89706,50,보호구역,288
35.19619,128.89715,50,보호구역,100
35.20361,128.90415,50,과속단속,-1
35.15066,128.83769,30,보호구역,-1
35.15076,128.83596,30,보호구역,-1
36.87391,127.71506,70,과속단속,128
36.83278,127.76643,70,구간단속,-1
36.91354,127.69271,70,구간단속,-1
36.88634,127.70552,70,과속단속,137
37.14282,128.19608,30,보호구역,-1
37.14316,128.19635,30,보호구역,-1
37.14023,128.20752,30,보호구역,-1
37.14105,128.20801,30,보호구역,-1
37.14101,128.20802,30,보호구역,-1
37.13763,128.21678,30,보호구역,-1
37.13762,128.21677,30,보호구역,-1
37.13512,128.22664,30,보호구역,-1
37.13496,128.22843,30,보호구역,-1
37.12822,128.22600,30,보호구역,-1
37.12823,128.22601,30,보호구역,-1
37.36631,127.10993,30,보호구역,-1
37.24686,127.03891,30,보호구역,15
37.29038,126.94036,30,보호구역,-1
37.26478,127.07797,30,보호구역,-1
37.24871,126.98749,30,보호구역,-1
37.35944,126.94161,30,보호구역,-1
37.35338,126.93306,30,보호구역,-1
37.35398,126.93450,30,보호구역,-1
37.46903,126.87415,30,보호구역,-1
37.17390,127.48014,30,보호구역,-1
35.88198,128.61165,30,보호구역,-1
35.88231,128.60984,30,보호구역,-1
35.10282,129.03014,50,과속단속,-1
35.10292,129.03240,50,보호구역,-1
35.10463,129.02989,30,보호구역,-1
35.10405,129.02932,30,보호구역,-1
35.10557,129.02381,50,보호구역,-1
35.13447,129.05926,50,보호구역,266
35.11783,129.03775,30,보호구역,-1
35.13434,129.04346,30,보호구역,-1
35.21374,128.95232,60,과속단속,97
35.18117,128.95675,50,과속단속,281
35.08918,128.91205,70,과속단속,272
35.09652,128.91192,50,과속단속,-1
35.10058,128.92335,50,보호구역,-1
35.10912,128.92184,30,보호구역,-1
35.26168,128.61819,60,과속단속,-1
35.32359,128.24322,30,보호구역,-1
35.32368,128.24276,30,보호구역,-1
35.10169,128.39719,70,과속단속,109
34.99532,128.32975,70,과속단속,41
34.84429,127.89318,30,보호구역,-1
36.99463,127.07291,50,과속단속,126
36.99504,127.07255,50,과속단속,304
36.99471,127.07988,30,과속단속,-1
36.99470,127.07930,30,과속단속,228
37.43010,127.10091,30,보호구역,-1
37.42797,127.10100,30,보호구역,-1
37.42552,127.10069,50,과속단속,-1
37.34481,127.63012,30,보호구역,-1
37.09673,127.11759,50,과속단속,-1
36.98818,127.08592,30,보호구역,-1
36.99577,127.11730,30,보호구역,251
37.17048,127.10699,60,과속단속,-1
37.37081,126.80413,50,과속단속,-1
37.37288,126.79038,50,과속단속,355
37.37224,126.79599,30,보호구역,-1
37.37251,126.79547,30,보호구역,-1
37.29842,126.99116,30,보호구역,-1
37.39249,127.01263,60,과속단속,73
37.39492,127.09825,30,보호구역,-1
37.40091,127.12342,30,보호구역,-1
37.39700,127.12555,30,보호구역,-1
35.84213,129.22917,30,보호구역,-1
35.67497,129.46200,30,보호구역,-1
35.84222,129.20852,30,보호구역,-1
35.85017,129.21177,30,보호구역,-1
35.85002,129.21215,30,보호구역,-1
35.09684,128.80339,30,보호구역,-1
35.14930,128.71083,30,보호구역,-1
35.15223,128.65316,30,보호구역,-1
35.77908,127.81843,30,보호구역,-1
35.77908,127.81844,30,보호구역,-1
35.75196,127.83059,30,보호구역,-1
35.70086,127.95073,60,과속단속,-1
35.70085,127.95076,60,과속단속,-1
35.67120,127.91724,50,과속단속,-1
35.55211,128.29122,60,과속단속,-1
35.23950,128.89911,40,보호구역,-1
35.24323,128.91029,40,보호구역,-1
35.23123,128.91777,40,보호구역,-1
35.23701,128.88889,50,과속단속,-1
35.23913,128.87476,40,보호구역,-1
35.10412,128.80514,30,보호구역,-1
35.11364,128.74969,50,과속단속,-1
35.26161,128.61820,60,과속단속,-1
35.96102,126.71955,30,보호구역,-1
36.14520,127.03280,50,과속단속,244
36.80623,127.15177,30,과속단속,92
36.80681,127.14238,30,보호구역,-1
37.79841,126.79181,60,과속단속,188
35.82548,129.19941,60,과속단속,14
35.82548,129.19912,60,과속단속,194
35.98879,129.25545,80,과속단속,213
35.83319,129.20723,50,과속단속,0
35.84154,129.18616,60,과속단속,-1
35.84478,129.09513,30,보호구역,-1
35.87283,129.20320,30,보호구역,-1
35.89177,129.05281,30,보호구역,-1
35.86922,129.20279,30,보호구역,-1
35.85018,129.10255,30,보호구역,-1
35.92012,129.24504,70,과속단속,195
35.89616,129.26686,30,보호구역,-1
35.85014,129.20487,30,보호구역,-1
35.84994,129.20509,30,보호구역,-1
35.85839,129.22427,30,보호구역,-1
35.85881,129.22431,30,보호구역,-1
35.99000,126.78552,30,보호구역,-1
35.98365,126.81595,30,보호구역,203
35.98427,126.81575,30,보호구역,-1
35.95852,126.79606,30,보호구역,-1
35.95845,126.79606,30,보호구역,-1
36.00633,126.90861,30,보호구역,-1
36.00629,126.90855,30,보호구역,-1
36.00226,126.87738,30,보호구역,-1
36.00220,126.87739,30,보호구역,-1
35.98240,126.87631,30,보호구역,-1
35.98248,126.87634,30,보호구역,-1
35.95873,126.86137,30,보호구역,-1
35.95864,126.86132,30,보호구역,-1
35.91841,126.82083,30,보호구역,-1
35.91848,126.82081,30,보호구역,-1
35.93906,126.74889,30,보호구역,-1
35.93913,126.74891,30,보호구역,-1
35.95838,126.67327,30,보호구역,-1
35.95846,126.67328,30,보호구역,-1
35.96660,126.56284,30,보호구역,-1
35.96659,126.56246,30,보호구역,-1
35.98983,126.70656,30,보호구역,-1
35.98977,126.70650,30,보호구역,-1
35.98203,126.71788,30,보호구역,-1
35.98232,126.71778,30,보호구역,-1
35.96266,126.71975,30,보호구역,-1
36.03103,126.83124,30,보호구역,-1
35.98790,126.78633,30,보호구역,-1
35.98789,126.78625,30,보호구역,-1
35.92374,126.64203,30,보호구역,-1
35.97829,126.71567,30,보호구역,-1
35.97833,126.71550,30,보호구역,-1
35.96688,126.73915,30,보호구역,-1
35.96671,126.73937,30,보호구역,-1
35.97797,126.72351,30,보호구역,-1
35.97794,126.72283,30,보호구역,-1
35.96586,126.71079,30,보호구역,-1
35.96585,126.71067,30,보호구역,-1
35.96453,126.69420,30,보호구역,-1
35.96433,126.69386,30,보호구역,-1
35.96633,126.69083,30,보호구역,-1
35.96639,126.69088,30,보호구역,-1
35.96065,126.67840,30,보호구역,-1
35.96065,126.67849,30,보호구역,-1
35.94722,126.71763,30,보호구역,-1
35.94675,126.71810,30,보호구역,-1
35.92388,126.68651,30,보호구역,-1
35.92361,126.68606,30,보호구역,-1
35.91417,126.75242,30,보호구역,-1
35.91427,126.75246,30,보호구역,-1
35.96026,126.63079,30,보호구역,-1
35.98994,126.78609,30,보호구역,-1
37.49553,126.56532,30,과속단속,-1
37.49568,126.56578,30,과속단속,-1
37.48429,126.62707,30,과속단속,-1
37.48438,126.62747,30,과속단속,-1
37.71920,126.50323,50,과속단속,-1
37.23265,128.07978,100,과속단속,112
38.17821,127.32799,60,과속단속,35
38.24293,127.37463,70,과속단속,242
37.67273,128.62299,60,구간단속,-1
37.68469,128.65929,60,구간단속,-1
37.44183,129.17825,50,과속단속,-1
38.07854,128.61637,80,과속단속,39
38.19878,128.59456,50,과속단속,-1
37.17490,128.99548,60,과속단속,-1
37.50358,129.10713,60,과속단속,-1
37.37571,127.88046,50,과속단속,317
37.41643,127.96373,60,과속단속,279
37.74636,128.87325,50,과속단속,80
37.77050,128.87520,60,과속단속,20
37.87614,127.75255,50,과속단속,-1
37.85493,127.74695,50,과속단속,-1
35.47571,129.22403,80,과속단속,359
35.46065,129.21761,80,과속단속,-1
35.54706,129.26206,50,과속단속,-1
35.98639,126.84916,30,보호구역,-1
35.98639,126.84908,30,보호구역,-1
36.03100,126.83131,30,보호구역,-1
35.22523,128.84191,50,보호구역,-1
37.72654,127.06445,60,과속단속,96
37.73464,127.08046,40,과속단속,-1
37.74019,127.11372,50,과속단속,-1
37.74435,127.11635,50,과속단속,-1
37.81353,127.04894,50,과속단속,-1
37.81956,127.05768,50,과속단속,-1
37.81990,127.05714,50,과속단속,-1
38.01071,127.22752,50,과속단속,333
37.79700,127.10017,50,과속단속,26
37.65012,127.23719,50,보호구역,226
37.65023,127.23786,50,보호구역,-1
37.65252,127.12846,60,과속단속,177
37.65154,127.12874,60,과속단속,356
37.65219,127.25280,60,과속단속,18
35.40880,127.40806,60,과속단속,271
35.40860,127.40842,60,과속단속,78
37.48933,126.53298,30,과속단속,-1
37.49937,126.48533,30,과속단속,-1
37.49822,126.55903,30,과속단속,-1
37.44738,126.41184,30,과속단속,-1
37.49089,126.55164,30,과속단속,-1
37.49060,126.55129,30,과속단속,-1
37.48303,126.51015,30,과속단속,-1
37.48313,126.51106,30,과속단속,-1
37.52037,126.72892,30,과속단속,-1
37.51046,126.72608,30,과속단속,-1
37.51024,126.72588,30,과속단속,-1
35.20111,128.80659,40,보호구역,-1
35.20541,128.81101,30,보호구역,-1
35.23405,128.87064,40,보호구역,-1
35.24235,128.86732,40,보호구역,-1
35.22250,128.86899,40,보호구역,-1
35.24257,128.86051,30,보호구역,-1
35.49195,128.74500,60,과속단속,-1
35.49214,128.74482,60,과속단속,-1
35.51194,128.76195,60,보호구역,-1
34.95128,128.21481,50,보호구역,-1
34.95126,128.21481,50,보호구역,-1
35.15604,128.66514,40,과속단속,-1
35.30931,128.72722,30,보호구역,-1
35.30404,128.72636,30,보호구역,-1
35.30241,128.73862,30,보호구역,-1
35.24843,128.75432,30,보호구역,-1
35.24843,128.75434,30,보호구역,-1
35.14579,128.55642,30,보호구역,66
35.10949,128.41499,30,보호구역,-1
35.21106,128.57760,30,보호구역,-1
35.08708,128.58554,30,보호구역,-1
35.08706,128.58551,30,보호구역,-1
35.12073,128.53772,30,보호구역,-1
35.11946,128.58033,30,보호구역,-1
37.81149,127.13466,60,과속단속,25
37.78539,127.12304,70,과속단속,36
37.79473,127.12643,70,과속단속,5
35.98860,129.44163,30,보호구역,-1
35.89606,129.49407,30,보호구역,-1
35.95755,129.43189,50,보호구역,-1
36.57662,128.08828,30,보호구역,-1
36.53370,128.07186,30,보호구역,-1
36.27495,129.02875,60,과속단속,-1
36.24619,128.90180,60,과속단속,-1
36.38784,129.08647,60,과속단속,-1
36.44893,128.35611,30,보호구역,-1
36.37529,128.38103,30,보호구역,-1
36.33643,128.49557,30,보호구역,-1
36.29933,128.58030,30,보호구역,-1
36.29942,128.57849,30,보호구역,-1
36.37784,128.58004,30,보호구역,-1
36.47268,128.50469,30,보호구역,-1
36.23746,128.81270,30,보호구역,-1
36.39332,128.80717,30,보호구역,-1
36.42546,128.76089,30,보호구역,-1
35.76586,129.19525,30,보호구역,-1
37.50208,126.71884,30,과속단속,-1
37.48584,126.73759,30,과속단속,-1
37.49846,126.73579,30,과속단속,-1
37.52302,126.88540,50,과속단속,-1
37.52491,126.90243,50,과속단속,-1
37.51951,126.92381,30,보호구역,-1
37.50683,126.90140,50,과속단속,-1
37.50684,126.91095,50,과속단속,179
37.50574,126.91108,50,과속단속,104
37.52500,126.89074,30,보호구역,-1
37.52882,126.90394,30,보호구역,-1
37.53079,128.45510,60,과속단속,-1
37.52432,128.45180,60,과속단속,-1
37.49299,128.45656,50,과속단속,-1
37.48713,128.45368,60,과속단속,-1
37.45474,128.43967,60,과속단속,-1
37.45471,128.43983,60,과속단속,-1
37.33273,127.93914,30,보호구역,-1
37.35236,127.90984,50,과속단속,342
37.35445,127.89978,50,과속단속,120
37.33707,127.91714,50,과속단속,140
37.85796,127.73058,30,보호구역,-1
37.84888,127.74370,30,보호구역,-1
37.85134,127.74097,30,보호구역,-1
37.83757,127.53295,60,과속단속,-1
37.83756,127.53245,60,과속단속,222
37.77836,127.11507,70,과속단속,224
37.82214,127.13994,60,과속단속,40
37.78841,127.12544,70,과속단속,207
37.82721,127.14836,60,과속단속,233
37.80537,127.13129,60,과속단속,125
37.36754,126.66600,60,과속단속,38
35.76226,127.99363,30,보호구역,-1
35.76314,127.99398,30,보호구역,-1
35.80366,127.91768,30,보호구역,-1
35.80358,127.91766,30,보호구역,-1
35.26460,128.87321,30,보호구역,-1
35.26314,128.86723,40,보호구역,-1
35.25252,128.87182,40,보호구역,-1
35.26624,128.86524,40,보호구역,-1
35.20126,128.71035,30,보호구역,-1
35.20137,128.71032,30,보호구역,-1
35.20631,128.69744,30,보호구역,-1
35.20644,128.69767,30,보호구역,-1
35.18758,128.68893,30,보호구역,-1
35.18763,128.68884,30,보호구역,-1
35.20143,128.62848,30,보호구역,-1
35.20125,128.62856,30,보호구역,-1
35.20559,128.70317,30,보호구역,-1
35.20600,128.70288,30,보호구역,-1
35.21059,128.69855,30,보호구역,-1
35.21041,128.69167,30,보호구역,-1
35.21026,128.69185,30,보호구역,-1
35.22490,128.66222,30,보호구역,-1
35.22514,128.66195,30,보호구역,-1
35.21507,128.69052,30,보호구역,-1
35.21469,128.69071,30,보호구역,-1
35.22016,128.69777,30,보호구역,-1
37.55416,127.71146,30,보호구역,-1
37.15609,127.34039,30,보호구역,-1
37.26953,127.13770,30,보호구역,-1
37.32958,127.67917,30,보호구역,-1
37.01076,127.27224,30,보호구역,-1
37.00058,127.16755,30,보호구역,-1
37.23780,127.16970,30,보호구역,-1
36.83118,127.15412,30,과속단속,-1
36.69800,126.66456,50,과속단속,-1
36.65301,126.80654,30,과속단속,-1
36.58451,126.85613,60,과속단속,-1
36.00548,126.75773,30,보호구역,-1
36.00455,126.75848,30,보호구역,-1
35.79865,127.11019,40,과속단속,-1
36.48344,127.72700,50,과속단속,-1
36.92438,128.34381,70,과속단속,-1
36.93611,128.31014,60,과속단속,-1
36.96567,127.55424,60,과속단속,-1
36.96639,127.55347,60,과속단속,-1
36.62411,127.36990,70,과속단속,100
36.62362,127.35906,70,과속단속,34
36.61967,127.38994,70,과속단속,98
36.60919,127.32299,60,과속단속,67
36.60396,127.30740,60,과속단속,67
36.60498,127.30978,70,과속단속,247
36.61574,127.43016,30,보호구역,-1
36.61680,127.42986,30,보호구역,-1
37.00551,127.25278,30,보호구역,-1
37.00738,127.17212,30,보호구역,-1
37.27449,126.93444,30,보호구역,-1
37.27054,126.95389,30,보호구역,-1
37.28376,126.97487,30,보호구역,-1
37.19874,127.11171,30,보호구역,-1
37.19875,127.11134,30,보호구역,-1
36.96304,127.05891,30,보호구역,-1
36.99946,127.12937,50,과속단속,-1
36.98869,126.92653,30,보호구역,-1
37.11639,127.62762,30,보호구역,-1
37.31635,126.95057,30,보호구역,-1
37.38384,126.97391,30,보호구역,-1
37.26831,127.22447,30,보호구역,-1
37.23511,127.19202,30,보호구역,-1
37.29218,127.15165,30,보호구역,-1
37.28932,127.11551,30,보호구역,-1
37.28564,127.15359,30,보호구역,-1
37.00115,127.22064,30,보호구역,-1
37.45094,127.16607,30,보호구역,-1
37.44246,127.16615,30,보호구역,-1
37.41341,127.15847,30,보호구역,-1
37.44540,127.13212,30,보호구역,-1
37.44798,127.14048,30,보호구역,-1
37.43746,127.13331,30,보호구역,160
37.40917,127.25625,30,보호구역,-1
34.93545,127.76570,60,과속단속,-1
34.94412,127.70979,60,과속단속,-1
34.93707,127.70661,50,과속단속,-1
34.94982,127.70168,50,과속단속,-1
34.96429,127.60269,60,과속단속,-1
34.56716,126.64947,30,보호구역,-1
37.69666,126.93049,60,과속단속,-1
37.82914,127.05352,40,보호구역,-1
37.82210,127.04919,40,보호구역,-1
37.79772,127.08354,30,보호구역,-1
37.79640,127.10611,30,보호구역,-1
37.83444,127.06882,30,보호구역,-1
37.83175,127.07025,30,보호구역,-1
37.89328,126.97508,30,보호구역,-1
37.83494,127.07201,30,보호구역,-1
37.81347,127.10222,30,보호구역,-1
37.79346,126.99966,50,과속단속,65
37.81870,126.98350,30,보호구역,-1
37.71081,126.93430,60,보호구역,-1
37.90149,126.98728,50,과속단속,-1
37.79618,126.98725,30,보호구역,139
37.82359,127.09886,50,과속단속,-1
36.12095,128.11831,30,보호구역,-1
35.81850,128.72970,30,보호구역,-1
35.81889,128.72956,30,보호구역,-1
36.00896,129.35384,50,과속단속,101
35.97074,129.40977,50,과속단속,-1
36.57803,128.48071,30,보호구역,-1
36.64861,128.46043,30,보호구역,-1
36.65566,128.45047,30,보호구역,-1
35.68321,126.88844,50,과속단속,-1
35.68107,126.91309,80,과속단속,118
35.60796,126.99136,60,과속단속,-1
35.61330,127.02979,60,과속단속,-1
35.56527,126.86594,50,과속단속,-1
35.63546,129.35885,50,과속단속,-1
35.63553,129.35881,50,과속단속,-1
35.66704,129.37566,40,과속단속,-1
35.63247,129.34579,70,과속단속,-1
35.63985,129.34427,70,과속단속,172
35.65421,129.34291,70,과속단속,68
35.65433,129.34308,70,과속단속,346
35.56489,129.29175,60,구간단속,172
35.55038,129.29105,60,구간단속,29
34.98259,127.75351,30,과속단속,-1
34.98677,127.74544,30,과속단속,-1
34.96263,127.60433,60,과속단속,-1
37.70359,127.53966,30,보호구역,-1
37.70356,127.53934,30,보호구역,-1
37.77440,127.37140,30,보호구역,-1
37.77496,127.37101,30,보호구역,-1
37.83810,127.28808,30,보호구역,-1
37.69362,127.36729,50,과속단속,-1
36.77043,128.31622,30,보호구역,-1
36.63390,128.20567,30,보호구역,-1
35.98623,127.94098,30,보호구역,-1
35.98622,127.94083,30,보호구역,-1
36.15913,128.24550,30,보호구역,260
36.14778,128.19003,60,과속단속,49
36.11850,128.17874,40,과속단속,-1
36.17526,128.25569,60,과속단속,-1
36.15664,128.15292,30,보호구역,-1
36.20132,128.16136,30,보호구역,-1
36.20131,128.16070,30,보호구역,-1
36.11133,128.17288,40,과속단속,-1
36.05476,128.20782,60,과속단속,-1
36.08505,128.12273,60,과속단속,-1
36.05287,128.12893,60,과속단속,-1
36.11827,128.12250,30,보호구역,-1
36.13788,128.11421,40,과속단속,-1
36.12577,128.09545,30,보호구역,-1
36.12559,128.09597,30,보호구역,-1
36.11411,128.12524,50,과속단속,-1
36.11773,128.14065,30,보호구역,61
36.12119,128.11814,30,보호구역,-1
37.06286,127.93511,100,구간단속,278
37.07621,128.14454,100,구간단속,237
36.96161,127.84846,110,구간단속,6
36.87084,127.91236,110,구간단속,293
36.39900,127.73969,30,보호구역,-1
36.39892,127.73969,30,보호구역,-1
36.42337,127.77786,30,보호구역,-1
36.42330,127.77786,30,보호구역,-1
36.38780,127.82838,30,보호구역,-1
36.38771,127.82838,30,보호구역,-1
36.47031,127.78960,30,보호구역,-1
36.47031,127.78973,30,보호구역,-1
36.44501,127.57994,30,보호구역,-1
36.44436,127.57930,30,보호구역,-1
37.65469,127.24835,30,보호구역,-1
37.65811,127.24929,30,보호구역,-1
37.66740,127.24841,30,보호구역,-1
37.66115,127.25126,30,보호구역,-1
37.66083,127.24340,30,보호구역,-1
37.64569,127.23895,30,보호구역,-1
37.64443,127.24109,30,보호구역,-1
37.80200,127.34312,30,보호구역,-1
37.80217,127.34252,30,보호구역,-1
37.67866,127.49186,30,보호구역,-1
37.67890,127.49119,30,보호구역,-1
37.24889,126.92763,30,보호구역,-1
37.18839,126.76088,30,보호구역,-1
37.20447,126.77377,30,보호구역,-1
37.20599,126.82218,30,보호구역,-1
37.53738,127.22398,30,보호구역,-1
37.57120,127.17952,30,보호구역,-1
37.57238,127.19392,30,보호구역,-1
37.22725,127.21090,50,과속단속,-1
37.24490,127.43710,70,과속단속,256
37.21785,127.41544,70,과속단속,-1
37.30191,127.38772,60,과속단속,-1
37.29589,127.41235,60,과속단속,120
37.27778,127.47194,70,과속단속,34
37.27735,127.39940,70,과속단속,350
37.10935,127.60931,80,과속단속,139
37.10947,127.60951,80,과속단속,320
37.25143,127.45827,60,과속단속,-1
37.54032,127.22276,30,보호구역,-1
37.14106,127.20380,80,과속단속,312
37.30882,127.12909,50,과속단속,302
37.30736,127.13001,50,과속단속,139
37.04936,127.15912,50,과속단속,-1
37.00797,127.19430,50,보호구역,67
37.04785,127.06317,30,과속단속,67
38.08459,128.62924,70,과속단속,186
38.08495,128.62967,70,과속단속,359
37.68294,129.00851,60,과속단속,-1
35.29740,128.39668,60,과속단속,-1
35.34441,128.52065,70,과속단속,166
35.49110,128.52849,50,과속단속,-1
35.49111,128.52851,50,과속단속,-1
35.55256,128.11493,70,과속단속,-1
35.55236,128.11441,70,과속단속,-1
37.01657,127.03793,30,보호구역,39
37.44620,126.80062,50,과속단속,-1
37.42868,126.77397,50,과속단속,100
37.44609,126.80029,50,과속단속,-1
37.52186,127.61667,30,보호구역,-1
37.60797,127.34919,30,보호구역,-1
37.07711,127.06313,30,보호구역,-1
36.98864,126.92113,60,과속단속,68
37.53610,127.22213,30,보호구역,-1
37.54147,127.20687,30,보호구역,-1
37.55905,127.20011,30,보호구역,-1
37.55979,127.19926,30,보호구역,-1
36.94650,126.91295,70,과속단속,340
37.05034,127.05839,30,보호구역,-1
36.97334,127.10531,50,과속단속,-1
37.07004,127.04986,30,보호구역,-1
37.05853,127.05910,30,보호구역,176
37.25537,127.21262,50,과속단속,-1
37.20114,126.88782,30,보호구역,-1
37.20007,126.98070,30,보호구역,-1
37.20293,126.98133,30,보호구역,-1
36.42890,126.50770,60,과속단속,-1
35.84465,129.21200,50,과속단속,272
35.85582,129.21016,50,과속단속,-1
35.99271,129.22116,30,보호구역,-1
37.49890,127.11985,40,보호구역,-1
37.49545,127.15026,40,과속단속,-1
37.50993,127.11241,50,과속단속,-1
37.51060,127.11200,50,과속단속,-1
37.51527,127.10713,50,과속단속,-1
37.51556,127.10647,50,과속단속,-1
37.49413,127.15176,40,과속단속,-1
37.49818,127.13427,50,과속단속,-1
37.50160,127.12832,50,과속단속,-1
37.50185,127.12773,50,과속단속,-1
37.51574,127.09803,50,과속단속,153
37.51133,127.10182,50,과속단속,320
37.51339,127.10734,50,과속단속,-1
37.51400,127.10751,50,과속단속,-1
34.82605,128.42273,50,과속단속,-1
34.82631,128.42060,50,과속단속,-1
35.20536,128.79743,50,과속단속,-1
35.22251,128.81335,60,과속단속,-1
35.23002,128.81768,60,과속단속,-1
35.23455,128.81939,60,과속단속,-1
35.23686,128.82992,60,과속단속,-1
34.96529,128.06417,50,과속단속,-1
34.95905,128.07124,50,과속단속,66
36.46366,129.03726,40,과속단속,-1
36.50675,129.11962,40,과속단속,-1
35.33359,129.16576,50,과속단속,-1
35.32279,129.17294,50,보호구역,-1
35.32903,129.16748,30,보호구역,-1
35.32847,129.16868,50,보호구역,-1
35.32815,129.16871,50,보호구역,-1
35.32201,129.18699,30,보호구역,-1
35.31965,129.18728,50,보호구역,-1
35.32636,129.17766,50,보호구역,-1
35.26391,129.22162,30,보호구역,-1
35.32965,129.28287,30,보호구역,-1
35.31688,129.25913,30,보호구역,-1
35.22535,129.22520,50,보호구역,-1
35.27467,129.15035,50,보호구역,-1
35.27467,129.15035,30,보호구역,-1
35.22462,129.22749,30,보호구역,-1
35.29925,129.25819,50,보호구역,-1
35.23591,129.21048,30,보호구역,-1
35.25435,129.21658,30,보호구역,-1
36.31992,126.51085,30,보호구역,-1
36.31992,126.51081,70,구간단속,-1
36.36319,126.43843,70,구간단속,121
36.31612,126.51598,70,구간단속,-1
36.30427,127.37515,50,과속단속,-1
36.30701,127.37533,30,보호구역,-1
36.30070,127.37854,30,보호구역,-1
36.29471,127.36210,30,보호구역,-1
36.30194,127.35433,30,보호구역,-1
36.29903,127.34463,30,보호구역,-1
36.29945,127.34482,30,보호구역,-1
36.30807,127.34032,50,과속단속,-1
36.30771,127.34092,50,과속단속,-1
37.75046,127.06712,30,과속단속,-1
37.82700,127.51477,30,과속단속,-1
37.84072,127.50646,30,과속단속,-1
37.83903,127.50670,30,과속단속,-1
37.73452,127.41498,30,과속단속,-1
37.73777,127.42735,30,과속단속,-1
37.73705,127.42168,30,보호구역,-1
37.82939,127.51094,30,보호구역,-1
37.82980,127.51091,30,보호구역,-1
37.83108,127.51651,30,과속단속,-1
37.82950,127.50716,30,과속단속,-1
37.83208,127.50861,30,보호구역,-1
37.83184,127.50826,30,보호구역,-1
37.88284,127.06759,60,과속단속,-1
37.83872,127.28801,30,보호구역,-1
36.66137,128.46058,30,보호구역,-1
36.51107,128.30057,30,보호구역,-1
36.54679,128.38978,30,보호구역,-1
37.52031,126.72873,30,과속단속,-1
37.48201,126.74144,30,과속단속,-1
37.50048,126.74153,30,과속단속,-1
37.51131,126.73626,50,과속단속,-1
37.50453,126.69262,50,과속단속,-1
37.48528,126.72939,30,과속단속,-1
37.50658,126.70680,30,과속단속,-1
36.31006,127.34710,30,보호구역,-1
36.32697,127.37406,30,보호구역,-1
36.32624,127.37393,30,보호구역,-1
36.33251,127.37812,30,보호구역,-1
36.33233,127.37776,30,보호구역,-1
36.36637,127.42531,30,과속단속,78
36.30265,127.37891,30,보호구역,-1
36.33986,127.37858,30,보호구역,-1
36.33961,127.37870,30,보호구역,-1
36.33468,127.39340,30,보호구역,-1
36.33420,127.39378,30,보호구역,-1
36.34060,127.38617,30,보호구역,-1
36.33882,127.38385,30,보호구역,-1
36.33913,127.38597,30,과속단속,-1
36.33122,127.38871,30,보호구역,-1
36.31917,127.38209,30,보호구역,-1
36.31931,127.38194,30,보호구역,-1
36.32599,127.38622,30,보호구역,-1
36.32370,127.38430,30,보호구역,-1
36.31590,127.37611,30,보호구역,-1
36.31236,127.37432,30,보호구역,-1
36.30448,127.37469,50,과속단속,-1
34.80449,126.43223,30,보호구역,-1
34.80911,126.44138,30,보호구역,-1
34.80093,126.43857,30,보호구역,-1
34.79085,126.40028,30,보호구역,-1
34.79096,126.40029,30,보호구역,-1
34.79565,126.39376,30,보호구역,-1
34.79055,126.39043,30,보호구역,-1
34.79150,126.39172,30,보호구역,-1
34.79148,126.39173,30,보호구역,-1
34.78238,126.37392,30,보호구역,-1
34.78606,126.37951,30,보호구역,-1
34.78599,126.37946,30,보호구역,-1
34.79577,126.37877,30,보호구역,-1
34.81167,126.38028,30,보호구역,-1
34.81776,126.39010,30,보호구역,-1
34.80861,126.43081,50,과속단속,21
34.80318,126.43943,60,과속단속,-1
34.81682,126.42587,30,과속단속,-1
34.80592,126.38531,50,과속단속,-1
34.82855,126.41995,60,과속단속,143
37.60020,126.70890,50,과속단속,-1
37.59650,126.70760,30,과속단속,-1
37.59920,126.71310,30,과속단속,-1
36.36122,127.36853,30,보호구역,-1
36.36546,127.38211,30,과속단속,-1
36.36215,127.37459,30,보호구역,-1
36.35362,127.39390,30,보호구역,-1
36.34326,127.39161,30,보호구역,-1
36.36242,127.39290,30,보호구역,-1
36.35587,127.39361,30,보호구역,-1
36.35151,127.39039,50,과속단속,-1
36.35116,127.39561,30,보호구역,90
36.34912,127.39490,50,과속단속,-1
36.34892,127.38054,30,보호구역,61
36.34429,127.37506,50,과속단속,6
36.34265,127.37131,50,과속단속,-1
36.34298,127.36783,50,과속단속,-1
36.34884,127.36940,50,과속단속,-1
36.35557,127.35916,30,보호구역,-1
36.35625,127.36080,30,과속단속,-1
36.36234,127.37136,30,보호구역,-1
36.34194,127.39332,30,과속단속,-1
34.81908,126.39714,30,보호구역,-1
34.81035,126.42794,30,보호구역,-1
34.81532,126.42507,30,보호구역,-1
34.81530,126.42496,30,보호구역,-1
34.81374,126.41364,30,보호구역,-1
34.80641,126.41977,30,보호구역,-1
34.80379,126.42216,30,보호구역,-1
36.03018,129.32463,30,보호구역,-1
35.98858,129.44207,30,보호구역,-1
36.02900,129.35565,30,보호구역,236
36.03860,129.34852,30,보호구역,-1
36.03849,129.34854,30,보호구역,-1
35.97018,129.39832,30,보호구역,-1
35.98987,129.55284,30,보호구역,-1
36.07939,129.55818,30,보호구역,-1
36.63747,127.88729,30,보호구역,-1
36.34967,127.36811,50,과속단속,-1
36.35992,127.36699,30,보호구역,-1
36.56773,127.91261,30,보호구역,-1
36.40673,128.02207,40,보호구역,-1
36.44319,127.99694,60,구간단속,-1
36.41349,128.01940,60,구간단속,-1
36.36093,127.39648,50,과속단속,-1
36.36501,127.38715,50,과속단속,270
36.35966,127.39376,30,보호구역,-1
36.35993,127.37407,50,과속단속,-1
36.34658,127.39418,50,과속단속,-1
36.34497,127.37990,50,과속단속,321
36.35187,127.37672,30,과속단속,114
36.35627,127.36408,50,과속단속,-1
36.36355,127.36660,60,과속단속,235
36.36464,128.29773,30,보호구역,-1
36.37427,128.24921,40,과속단속,-1
36.12272,128.18780,30,보호구역,-1
36.12259,128.18767,30,보호구역,-1
36.15901,128.26032,30,보호구역,-1
36.12173,128.17445,30,보호구역,-1
36.13401,128.12005,30,보호구역,-1
36.13381,128.12029,30,보호구역,-1
36.06591,128.12511,30,보호구역,-1
36.12524,128.12306,30,보호구역,-1
36.14283,128.11699,50,과속단속,-1
36.17794,128.11727,30,보호구역,-1
36.39110,127.95073,30,보호구역,-1
36.34205,127.96097,30,보호구역,-1
36.31683,127.96124,30,보호구역,-1
36.30192,127.95990,30,보호구역,-1
36.28715,127.94367,30,보호구역,-1
36.47864,128.17343,30,보호구역,-1
36.46753,128.20926,30,보호구역,-1
36.28847,128.09644,30,보호구역,-1
37.16835,126.98449,30,보호구역,-1
37.21324,126.81603,70,과속단속,-1
37.21081,126.85598,60,과속단속,176
36.94768,127.31547,30,보호구역,-1
37.08047,127.06474,30,보호구역,-1
37.16749,127.06451,60,과속단속,349
37.20201,127.06748,60,과속단속,-1
37.20182,127.06710,60,과속단속,180
37.22327,127.05009,30,보호구역,-1
37.47611,127.15092,30,보호구역,-1
37.47571,127.15082,30,보호구역,-1
37.47687,127.15201,30,보호구역,-1
37.02381,126.91587,30,보호구역,269
36.98159,126.91836,30,보호구역,268
36.99579,127.11776,30,보호구역,71
37.12504,126.98089,30,보호구역,-1
37.23089,126.69194,30,보호구역,-1
37.08564,126.82263,30,보호구역,-1
37.11882,126.94235,30,보호구역,-1
37.13219,126.92740,30,보호구역,-1
37.23785,126.73761,30,보호구역,-1
37.13930,126.95616,60,과속단속,-1
37.20821,127.05238,30,보호구역,-1
37.22458,127.05884,30,보호구역,-1
36.60189,127.82624,30,보호구역,-1
36.81247,127.15099,30,보호구역,-1
36.81538,127.16330,30,보호구역,-1
36.76980,127.20272,30,보호구역,-1
36.78947,127.13799,30,보호구역,-1
36.77218,127.13091,30,보호구역,-1
37.61858,127.05441,30,보호구역,-1
37.61833,127.05439,30,보호구역,-1
37.41027,126.66936,50,과속단속,-1
37.40967,126.66969,50,과속단속,-1
37.44008,126.79721,30,보호구역,-1
37.13028,126.84044,30,보호구역,-1
37.41880,127.61019,30,보호구역,-1
37.48542,127.59035,30,보호구역,-1
37.11333,127.63200,60,과속단속,266
37.22387,127.05965,30,보호구역,-1
37.20111,127.04863,30,보호구역,-1
37.20131,127.04831,30,보호구역,-1
37.16858,126.98504,30,보호구역,-1
37.21361,126.98142,50,과속단속,-1
37.31367,127.07475,30,보호구역,5
37.51577,127.41753,70,과속단속,82
37.04937,127.20358,50,과속단속,-1
37.33256,127.54266,30,보호구역,-1
37.27988,127.50474,60,과속단속,-1
37.15213,127.57750,70,과속단속,-1
37.24375,127.43143,70,과속단속,82
36.98984,126.92350,60,과속단속,241
36.75601,126.42666,30,보호구역,-1
36.75547,126.42690,30,보호구역,-1
36.75661,126.56274,30,보호구역,-1
36.75662,126.56278,30,보호구역,-1
36.97837,126.38610,40,보호구역,-1
36.97837,126.38609,40,보호구역,-1
36.76991,126.44921,30,보호구역,-1
36.76963,126.44909,30,보호구역,-1
36.78346,126.46695,30,보호구역,-1
36.78345,126.46684,30,보호구역,-1
36.91716,127.12787,30,보호구역,-1
36.83036,127.12970,30,보호구역,-1
36.87786,127.15808,30,보호구역,263
36.82564,127.11873,30,보호구역,190
36.87682,127.14898,30,보호구역,-1
36.88232,127.15473,30,보호구역,-1
36.80711,127.11009,30,보호구역,285
36.79369,127.15749,30,보호구역,222
36.82037,127.12311,30,보호구역,-1
36.78770,127.15111,30,보호구역,70
36.80575,127.11009,30,보호구역,-1
36.81931,127.11982,30,보호구역,-1
36.82603,127.11917,30,보호구역,9
36.81540,127.14193,30,보호구역,-1
36.80287,127.11900,30,보호구역,-1
36.83100,127.17460,30,보호구역,-1
36.79079,127.16296,30,보호구역,-1
36.81897,127.10396,30,보호구역,-1
36.80431,127.15269,30,보호구역,-1
37.44465,127.16031,30,보호구역,-1
37.39602,127.11674,30,보호구역,-1
37.34779,127.11208,30,보호구역,-1
37.34760,127.11195,30,보호구역,-1
37.32243,126.94143,30,보호구역,-1
35.98026,126.74224,30,보호구역,-1
35.97072,126.66085,50,과속단속,-1
35.96003,126.60115,60,과속단속,-1
35.96714,126.62867,60,과속단속,74
35.97385,126.70108,50,과속단속,-1
35.94932,126.71593,60,과속단속,-1
35.96150,126.62139,60,과속단속,8
37.41631,126.67723,50,과속단속,16
37.41634,126.67711,50,과속단속,197
36.00202,126.72102,60,과속단속,-1
36.00135,126.72293,60,과속단속,-1
36.07384,126.78598,60,과속단속,-1
36.07760,126.72481,60,과속단속,-1
36.10563,126.64524,70,과속단속,-1
36.15123,126.53645,60,과속단속,-1
36.78734,126.45483,30,보호구역,-1
36.78758,126.45516,30,보호구역,-1
36.66192,126.40059,30,보호구역,-1
36.66182,126.40053,30,보호구역,-1
36.74587,126.48367,30,보호구역,-1
36.74609,126.48339,30,보호구역,-1
36.70584,126.51067,30,보호구역,78
36.70596,126.51074,30,보호구역,258
34.97608,127.60960,30,보호구역,-1
34.96932,127.61142,30,보호구역,-1
37.31349,127.02160,80,과속단속,251
37.29846,127.05684,80,과속단속,305
37.30431,127.04289,80,과속단속,124
37.39305,127.07235,30,보호구역,-1
37.20164,127.01241,50,과속단속,226
37.20465,127.03726,60,과속단속,152
37.23302,127.28389,70,과속단속,261
37.23673,127.20853,50,과속단속,-1
37.29705,126.85833,50,과속단속,360
37.28228,126.84027,60,과속단속,261
37.29776,126.87269,30,과속단속,-1
37.45487,127.16248,30,보호구역,-1
37.33761,127.11910,30,보호구역,-1
37.48366,126.77637,50,과속단속,-1
37.29641,127.23377,70,과속단속,-1
37.23969,127.31852,70,과속단속,34
37.26754,127.07502,50,과속단속,278
37.22417,127.05949,30,보호구역,-1
37.20848,127.05275,30,보호구역,-1
37.19357,127.32556,70,과속단속,176
37.32320,127.05979,50,과속단속,-1
37.22292,127.09881,50,과속단속,-1
37.38524,126.86006,30,보호구역,-1
37.44262,126.78478,30,보호구역,-1
37.51942,129.10352,60,과속단속,152
37.47096,129.14009,60,과속단속,139
38.06899,128.63955,80,과속단속,-1
37.93534,128.78529,80,과속단속,-1
37.60792,129.06683,60,과속단속,-1
37.70415,128.91489,30,보호구역,-1
35.26006,129.22325,50,과속단속,-1
35.06177,128.98456,30,과속단속,-1
35.08321,128.98631,50,과속단속,-1
35.21983,129.12820,50,과속단속,-1
35.09870,128.91465,50,보호구역,-1
37.34733,126.84174,50,과속단속,-1
37.42950,127.14447,30,보호구역,-1
37.37314,127.13878,30,보호구역,320
37.18604,127.22900,60,과속단속,-1
37.26242,127.28185,60,과속단속,-1
37.31395,127.02636,80,과속단속,93
34.94777,127.68686,30,보호구역,-1
34.94280,127.58270,30,보호구역,-1
35.01550,127.61914,30,보호구역,-1
34.95043,127.69195,30,보호구역,-1
35.12171,127.69051,30,보호구역,-1
34.95464,127.68686,30,보호구역,-1
34.93244,127.69232,30,보호구역,-1
34.97159,127.58268,30,보호구역,-1
34.97935,127.57830,30,보호구역,-1
34.97694,127.59305,30,보호구역,-1
35.35715,127.84512,60,과속단속,-1
35.35281,128.00025,60,과속단속,-1
35.32813,127.99836,60,과속단속,-1
37.62899,127.07321,30,보호구역,-1
37.63283,127.05962,30,보호구역,-1
37.64771,127.08043,30,보호구역,-1
37.64412,127.07430,30,보호구역,-1
37.64454,127.06709,30,보호구역,-1
37.63455,127.07192,30,보호구역,-1
37.65204,127.06434,30,보호구역,-1
37.66454,127.05469,30,보호구역,-1
36.63614,127.42336,60,과속단속,349
36.95739,127.93395,60,과속단속,-1
36.95426,127.92033,60,과속단속,118
37.07201,128.28230,30,보호구역,-1
36.92145,128.35890,30,보호구역,-1
36.97946,128.35584,30,보호구역,-1
36.97801,128.35741,30,보호구역,-1
36.98013,128.36797,30,보호구역,-1
36.97989,128.36869,30,보호구역,206
37.03165,128.29622,30,보호구역,-1
37.03123,128.29528,30,보호구역,-1
37.03355,128.26362,30,보호구역,-1
37.03254,128.26369,30,보호구역,-1
37.49899,129.13049,60,과속단속,-1
37.49485,129.12946,60,과속단속,-1
37.53111,129.10483,60,과속단속,302
37.51937,129.12144,60,과속단속,-1
35.01269,126.50973,30,보호구역,-1
35.01049,126.51400,30,보호구역,-1
35.11326,126.60905,30,보호구역,-1
34.72497,128.60298,30,보호구역,-1
34.72500,128.60281,30,보호구역,-1
34.77865,128.59477,30,보호구역,-1
34.77865,128.59483,30,보호구역,-1
35.43296,128.31416,30,보호구역,-1
35.43295,128.31408,30,보호구역,-1
35.38238,128.38736,30,보호구역,-1
35.38234,128.38739,30,보호구역,-1
35.06839,128.35700,30,보호구역,-1
35.47442,128.73718,60,과속단속,235
35.47685,128.74091,50,과속단속,-1
35.47671,128.74107,50,과속단속,234
35.66210,127.91283,60,과속단속,-1
35.66176,127.91280,60,과속단속,-1
35.21096,128.05495,50,과속단속,1
35.21097,128.05459,50,과속단속,180
35.77489,127.86579,30,과속단속,-1
35.77492,127.86580,30,과속단속,-1
35.27282,127.93818,60,과속단속,-1
35.39750,128.01775,60,과속단속,-1
35.28420,127.83483,60,과속단속,-1
35.75166,127.12404,30,보호구역,-1
35.75162,127.12411,30,보호구역,-1
35.89140,127.18060,30,보호구역,-1
35.89148,127.18056,30,보호구역,-1
35.92207,127.15504,30,보호구역,-1
35.92216,127.15503,30,보호구역,-1
35.91946,127.07961,30,보호구역,-1
35.91943,127.07936,30,보호구역,-1
35.96911,126.69734,50,과속단속,-1
35.98955,126.69869,50,과속단속,237
35.98945,126.69877,50,과속단속,237
35.97929,126.70567,50,과속단속,-1
35.11384,129.01406,50,과속단속,-1
35.08269,129.01870,30,보호구역,-1
35.09421,128.99317,50,보호구역,-1
35.04101,128.35696,70,구간단속,161
35.09058,128.37887,70,구간단속,252
34.31976,126.74624,40,과속단속,-1
34.33904,126.64776,60,과속단속,-1
35.17954,126.62919,30,보호구역,-1
35.15725,126.49852,30,보호구역,-1
35.14453,126.43251,30,보호구역,-1
35.02733,126.53989,30,보호구역,-1
35.82199,127.11622,30,보호구역,-1
35.85995,126.72650,40,과속단속,-1
35.85997,126.72642,40,과속단속,-1
35.86334,126.73512,40,과속단속,-1
35.86327,126.73515,40,과속단속,-1
35.85311,126.71113,40,과속단속,-1
35.85308,126.70981,40,과속단속,-1
37.50840,127.12256,30,보호구역,-1
37.50425,127.14022,30,보호구역,-1
37.48358,127.00809,50,과속단속,-1
37.50148,127.01197,50,과속단속,-1
37.49687,127.02443,50,과속단속,69
37.50346,127.02075,50,과속단속,251
37.56210,126.95567,30,보호구역,-1
37.57516,126.91671,30,보호구역,-1
37.63465,127.06633,50,과속단속,-1
37.64173,127.07257,50,보호구역,-1
37.55255,126.86119,50,보호구역,116
37.56180,126.86003,30,보호구역,-1
35.13413,129.05937,50,보호구역,90
35.21780,128.93769,60,보호구역,112
35.72057,127.12047,30,보호구역,-1
35.93754,127.16382,30,보호구역,-1
35.85959,127.21007,30,보호구역,-1
35.85959,127.20997,30,보호구역,-1
35.74477,127.14911,30,보호구역,-1
35.74485,127.14909,30,보호구역,-1
35.82188,127.15283,30,보호구역,-1
35.82187,127.15267,30,보호구역,-1
35.83932,127.14346,30,보호구역,-1
35.83927,127.14354,30,보호구역,-1
35.82509,127.13300,30,보호구역,-1
35.82519,127.13299,30,보호구역,-1
35.88296,127.10977,30,보호구역,-1
35.88291,127.10930,30,보호구역,-1
35.79879,127.10456,30,보호구역,-1
35.79860,127.10415,30,보호구역,-1
35.81090,127.10159,30,보호구역,-1
35.81064,127.10127,30,보호구역,-1
35.86040,127.15902,30,보호구역,-1
35.86039,127.15915,30,보호구역,-1
35.86648,127.13105,30,보호구역,-1
35.86639,127.13105,30,보호구역,-1
35.84877,127.11060,30,보호구역,-1
35.84870,127.11067,30,보호구역,-1
35.80916,127.13195,30,보호구역,-1
35.80925,127.13223,30,보호구역,-1
35.82199,127.11608,30,보호구역,-1
35.54958,129.29604,30,과속단속,-1
35.62110,129.22421,50,과속단속,-1
36.36209,127.25238,30,보호구역,-1
36.41751,127.09044,30,보호구역,-1
36.48623,127.17871,30,보호구역,-1
36.48625,127.17873,30,보호구역,-1
36.52850,127.12290,50,보호구역,-1
35.64072,129.34997,30,보호구역,-1
35.63108,129.34093,30,보호구역,-1
35.63112,129.34103,30,보호구역,-1
35.63573,129.33420,30,보호구역,-1
35.63381,129.33236,30,보호구역,-1
35.63384,129.33246,30,보호구역,-1
35.63673,129.32991,30,보호구역,-1
35.63676,129.33004,30,보호구역,-1
35.63251,129.32819,30,보호구역,-1
35.63263,129.32789,30,보호구역,-1
35.63314,129.32525,30,보호구역,-1
35.63308,129.32507,30,보호구역,-1
35.49133,129.21185,30,보호구역,-1
35.49133,129.21186,30,보호구역,-1
35.53592,129.10776,30,보호구역,-1
35.54034,129.10815,30,보호구역,-1
35.54021,129.10695,30,보호구역,-1
35.57608,129.24203,30,보호구역,-1
35.56689,129.34904,30,보호구역,-1
35.56698,129.34900,30,보호구역,-1
35.56515,129.35045,30,보호구역,-1
35.56514,129.35044,30,보호구역,-1
35.56514,129.34788,30,보호구역,-1
35.57058,129.33764,30,보호구역,-1
35.56253,129.26758,50,보호구역,-1
35.56052,129.31008,30,보호구역,-1
35.56056,129.31003,30,보호구역,-1
35.54957,129.29605,30,과속단속,-1
35.52267,129.42957,30,보호구역,-1
35.54468,129.43112,30,보호구역,-1
35.55241,129.25379,30,보호구역,-1
35.52452,129.32646,30,보호구역,-1
35.52462,129.32380,30,보호구역,-1
35.52567,129.32386,30,보호구역,355
35.52511,129.31635,30,보호구역,-1
35.52514,129.31647,30,보호구역,-1
35.52160,129.31930,50,과속단속,82
35.52163,129.31928,50,과속단속,262
35.52870,129.31655,30,보호구역,-1
35.53012,129.30524,30,과속단속,-1
35.53001,129.30524,30,과속단속,-1
35.54985,129.27869,30,보호구역,-1
35.57612,129.31952,30,보호구역,-1
35.55298,129.35392,30,보호구역,-1
35.59185,129.36600,30,보호구역,-1
35.60342,129.36656,30,보호구역,81
35.60355,129.36668,30,보호구역,261
35.60084,129.36949,30,보호구역,261
35.60226,129.37013,30,보호구역,171
35.60219,129.37029,30,보호구역,351
35.64943,129.35365,30,보호구역,-1
35.65314,129.35060,30,보호구역,-1
35.63961,129.35001,30,과속단속,-1
35.63962,129.35016,30,과속단속,-1
35.64074,129.34997,30,보호구역,-1
35.11577,129.04015,50,과속단속,25
36.16124,128.43637,30,보호구역,-1
36.13828,128.42674,30,보호구역,-1
36.76950,126.46350,30,보호구역,-1
36.76660,126.45960,30,보호구역,-1
36.76660,126.45940,30,보호구역,-1
36.76940,126.45000,30,보호구역,-1
36.76980,126.45020,30,보호구역,-1
36.77920,126.44680,30,보호구역,-1
36.77740,126.44630,40,보호구역,-1
36.77750,126.44610,40,보호구역,-1
36.79990,126.51950,30,보호구역,-1
36.81110,126.58200,30,보호구역,-1
36.81120,126.58210,30,보호구역,-1
36.27630,126.93750,50,과속단속,-1
36.27190,126.86530,60,과속단속,-1
36.25720,126.82510,60,과속단속,-1
36.28320,126.87390,60,과속단속,120
36.12670,126.86130,30,보호구역,-1
36.16670,126.96210,30,보호구역,-1
36.27430,126.88060,30,보호구역,96
36.27440,126.88040,30,보호구역,-1
36.28540,126.92260,30,보호구역,-1
36.25040,126.81010,30,보호구역,-1
36.25040,126.81090,30,보호구역,-1
36.21670,126.84040,30,보호구역,-1
35.51507,129.42544,30,보호구역,-1
35.50453,129.42507,30,보호구역,-1
35.52271,129.42961,30,보호구역,-1
35.21068,128.10850,50,과속단속,-1
35.62728,128.04273,40,과속단속,-1
35.62729,128.04273,40,과속단속,-1
35.40110,128.01798,60,과속단속,-1
37.42406,126.70110,30,과속단속,-1
37.41581,126.68694,30,과속단속,-1
37.41559,126.68644,30,과속단속,-1
36.82620,127.09983,60,과속단속,128
36.88693,126.89445,60,과속단속,266
36.77248,127.02174,50,과속단속,27
36.79957,126.92919,50,과속단속,-1
36.79959,126.92919,50,과속단속,-1
36.79810,127.00073,50,과속단속,-1
36.77491,127.08220,50,과속단속,-1
36.78472,127.09043,60,과속단속,154
36.78549,127.09060,60,과속단속,335
36.79670,127.05583,50,과속단속,184
36.91046,127.03418,50,과속단속,11
36.91012,127.03385,50,과속단속,192
36.91398,127.06339,60,과속단속,-1
36.71730,126.39370,30,보호구역,-1
36.75530,126.42330,30,보호구역,-1
36.75530,126.42350,30,보호구역,-1
36.77580,126.40060,30,보호구역,-1
36.82270,126.45040,30,보호구역,-1
36.82250,126.45040,30,보호구역,-1
36.76940,126.46330,30,보호구역,-1
34.89131,128.68928,50,보호구역,-1
34.88836,128.69049,30,보호구역,-1
34.88810,128.69075,30,보호구역,-1
34.89607,128.63405,30,보호구역,-1
34.89606,128.63397,30,보호구역,-1
36.00636,129.33737,30,보호구역,-1
35.98507,129.40110,40,보호구역,-1
35.96896,129.35995,30,보호구역,-1
36.03436,129.37997,30,보호구역,-1
35.87692,129.51358,30,보호구역,-1
36.07875,129.33008,30,보호구역,-1
36.15919,129.09226,40,보호구역,-1
36.07982,129.40193,30,보호구역,-1
36.04525,129.35098,30,보호구역,-1
35.44748,128.24863,30,보호구역,-1
35.44764,128.24847,30,보호구역,-1
35.48115,128.41500,30,보호구역,-1
35.48108,128.41497,30,보호구역,-1
35.47902,128.24183,30,보호구역,-1
35.47903,128.24175,30,보호구역,-1
35.34864,128.29135,30,보호구역,-1
35.34880,128.29132,30,보호구역,-1
34.92990,128.08296,30,보호구역,-1
35.07851,128.08881,30,보호구역,-1
35.07862,128.08888,30,보호구역,-1
35.21074,128.10859,50,과속단속,-1
37.66101,127.23999,50,과속단속,-1
37.56139,127.23350,60,과속단속,141
37.65148,127.32129,60,과속단속,-1
37.72937,127.19469,30,보호구역,-1
37.60945,127.26253,30,보호구역,-1
36.14152,128.31607,30,보호구역,-1
36.14160,128.31618,30,보호구역,-1
37.50832,127.13038,30,보호구역,-1
37.51256,127.11964,30,보호구역,-1
37.48296,127.12727,50,과속단속,-1
37.59689,126.94761,30,보호구역,-1
37.57682,126.90881,30,과속단속,-1
37.55840,127.16132,30,보호구역,-1
37.54126,127.13807,30,보호구역,-1
37.54501,127.12877,30,과속단속,-1
37.53235,127.12398,30,과속단속,-1
37.55714,127.17415,30,보호구역,87
37.56249,127.16608,40,보호구역,-1
37.56016,127.16598,30,보호구역,-1
37.54913,127.15413,30,보호구역,-1
35.56955,127.90182,60,과속단속,-1
35.70741,128.01240,50,과속단속,-1
35.74703,127.90453,60,구간단속,-1
35.77227,127.89413,60,구간단속,-1
35.40545,128.35800,60,과속단속,-1
35.83572,127.11576,30,보호구역,-1
35.82171,127.11801,30,보호구역,-1
35.80321,127.11377,30,보호구역,-1
37.65740,127.30573,30,과속단속,-1
37.65772,127.30566,30,과속단속,-1
37.68412,127.30710,30,과속단속,-1
37.65233,127.33704,50,보호구역,-1
37.64671,127.29809,30,보호구역,-1
37.64863,127.30564,30,보호구역,-1
37.63642,127.30348,50,보호구역,-1
37.64495,127.30174,30,보호구역,-1
37.73388,127.29448,30,보호구역,-1
37.57905,127.21893,30,보호구역,-1
37.57961,127.22833,30,보호구역,-1
37.58722,127.21504,30,보호구역,-1
37.59020,127.22041,30,보호구역,-1
37.59062,127.22016,30,보호구역,-1
37.62701,127.15777,30,보호구역,-1
37.62736,127.15781,30,보호구역,-1
37.62837,127.20309,30,보호구역,-1
37.62823,127.20325,30,보호구역,-1
37.61495,127.16187,30,보호구역,126
37.60813,127.15217,30,보호구역,-1
37.60833,127.15214,30,보호구역,-1
37.69894,127.20267,30,보호구역,-1
37.71762,127.18150,30,보호구역,-1
37.71756,127.19965,30,보호구역,-1
37.72549,127.20334,50,과속단속,-1
37.69463,127.19430,60,과속단속,78
37.45368,127.16192,30,보호구역,-1
37.43780,127.13330,30,보호구역,340
37.44489,127.15079,30,보호구역,-1
37.36848,127.11252,30,보호구역,-1
37.37845,127.13129,30,보호구역,138
37.40507,127.11547,30,보호구역,-1
37.33872,126.93227,30,보호구역,-1
37.38532,127.22896,30,보호구역,-1
37.38576,127.22944,30,보호구역,-1
37.44146,127.17916,30,보호구역,16
37.37680,127.11757,30,보호구역,-1
37.07353,127.05001,30,과속단속,-1
37.43899,127.16458,30,보호구역,-1
37.43769,127.16691,30,보호구역,-1
37.44873,127.16222,30,보호구역,-1
37.47198,127.17575,30,과속단속,-1
37.46288,127.15560,30,과속단속,-1
37.37495,127.13525,30,보호구역,138
37.25680,127.40531,30,보호구역,-1
37.49586,127.40955,30,보호구역,-1
37.45202,127.15782,30,보호구역,-1
37.38623,127.09164,30,보호구역,-1
37.38206,127.12816,30,보호구역,304
37.69052,127.20379,50,과속단속,-1
37.65092,127.29429,30,과속단속,-1
37.65505,127.30227,30,과속단속,-1
37.38673,126.74367,30,보호구역,-1
37.37296,126.81140,30,보호구역,-1
37.44701,126.79662,30,보호구역,296
37.23600,126.87008,30,보호구역,-1
37.24789,126.89180,70,과속단속,50
37.27327,126.88660,30,보호구역,-1
37.21557,127.39377,50,보호구역,-1
37.28398,127.45201,30,보호구역,-1
37.08886,127.54242,30,보호구역,-1
37.08851,127.54241,30,보호구역,-1
37.30720,127.40275,60,과속단속,343
37.13408,127.49141,60,과속단속,-1
37.33878,127.49108,30,보호구역,-1
37.30766,127.48317,30,보호구역,-1
37.16693,127.43883,60,과속단속,-1
37.25472,127.35999,70,과속단속,275
37.27394,127.38605,40,과속단속,-1
37.22705,127.45048,30,보호구역,-1
37.22736,127.45042,30,보호구역,-1
37.16282,127.31430,30,보호구역,-1
37.23461,127.28410,30,보호구역,-1
37.16328,127.36831,30,보호구역,-1
37.23155,127.11015,30,보호구역,-1
37.29042,126.86093,30,보호구역,-1
37.37458,126.84213,30,보호구역,-1
37.34734,126.78340,30,보호구역,-1
37.44419,127.13511,30,보호구역,-1
37.46193,127.12894,30,보호구역,-1
37.37244,127.12183,30,보호구역,320
37.35091,126.94472,50,과속단속,11
37.36106,127.21662,30,보호구역,-1
37.37874,127.25688,30,보호구역,-1
37.37781,127.25650,30,보호구역,-1
37.39930,126.64647,30,과속단속,-1
37.45336,126.62679,60,과속단속,208
37.50252,126.56412,60,과속단속,252
37.35824,127.14824,30,보호구역,-1
37.34528,127.17659,30,보호구역,-1
37.34558,127.17643,30,보호구역,-1
37.39784,127.24804,30,보호구역,-1
37.43187,127.20381,50,과속단속,284
36.98788,127.11632,50,과속단속,61
36.98780,127.11586,50,과속단속,169
37.01644,127.03732,30,보호구역,218
37.45219,127.14909,50,과속단속,213
37.60649,126.73101,50,과속단속,104
37.61122,126.73079,50,과속단속,25
37.36080,126.72977,30,보호구역,-1
37.07735,127.06304,30,보호구역,-1
37.30219,127.43806,60,과속단속,-1
37.12615,127.52073,60,과속단속,-1
37.28943,127.46718,50,과속단속,-1
37.73282,127.08127,40,과속단속,309
37.74112,127.09667,30,과속단속,-1
37.45106,127.67340,40,과속단속,-1
37.88031,127.54648,30,보호구역,-1
37.75517,127.06522,30,과속단속,-1
37.60827,127.14146,30,보호구역,-1
37.58737,127.13456,30,보호구역,-1
37.58756,127.13489,40,보호구역,90
37.59012,127.14365,30,보호구역,-1
37.59188,127.14213,30,보호구역,-1
37.58996,127.14325,30,보호구역,-1
37.60848,127.14104,30,보호구역,-1
35.24962,129.20902,50,과속단속,69
35.25610,129.22400,60,과속단속,206
35.34130,129.25030,70,과속단속,-1
35.12530,129.06988,50,과속단속,272
35.12506,129.07031,50,과속단속,91
35.12137,129.07829,50,과속단속,139
37.09099,126.97225,30,보호구역,-1
37.07193,127.04978,30,보호구역,-1
37.27408,127.38645,40,과속단속,-1
37.30340,126.86005,50,과속단속,341
37.32238,126.78725,50,과속단속,344
37.30800,126.82677,30,보호구역,274
37.32852,126.83760,50,과속단속,117
37.43945,127.12766,60,과속단속,145
34.47823,126.26368,50,과속단속,281
34.47824,126.26393,50,과속단속,-1
34.94592,127.52689,30,과속단속,-1
37.74303,126.88730,30,보호구역,-1
37.85380,126.78627,30,과속단속,-1
37.93052,126.85864,30,보호구역,-1
37.98775,127.00486,30,보호구역,-1
37.80128,126.87580,30,보호구역,-1
37.77993,126.85246,30,보호구역,-1
37.66996,127.51589,30,보호구역,-1
37.66988,127.51536,30,보호구역,-1
37.88005,127.54616,30,보호구역,-1
37.72796,126.77424,60,과속단속,86
37.72116,126.78549,60,과속단속,309
37.74373,126.80722,30,보호구역,-1
37.73163,126.75705,30,보호구역,-1
37.89997,127.06075,30,보호구역,-1
37.88501,127.05144,30,보호구역,-1
37.88559,127.05166,30,보호구역,-1
37.89096,127.10338,30,보호구역,-1
37.89102,127.10310,30,보호구역,-1
37.75567,127.06770,30,과속단속,-1
37.74554,127.03466,30,보호구역,-1
37.74038,127.03843,30,보호구역,-1
37.74100,127.03960,30,보호구역,-1
37.70521,127.04823,30,과속단속,-1
37.72250,127.04455,30,과속단속,-1
36.08959,128.44089,40,보호구역,-1
36.08959,128.44175,40,보호구역,-1
36.93912,127.69026,50,과속단속,-1
36.93912,127.69037,50,과속단속,-1
36.92280,127.61189,30,보호구역,-1
33.44361,126.56285,50,구간단속,-1
33.43849,126.57397,50,구간단속,-1
33.38661,126.61879,50,구간단속,-1
37.54891,126.84726,50,보호구역,-1
37.56902,126.81638,50,보호구역,180
37.57258,126.80623,30,보호구역,-1
37.53429,126.83818,30,보호구역,-1
37.57102,126.84186,50,보호구역,-1
37.56673,126.85148,30,보호구역,-1
35.67386,127.00339,40,과속단속,-1
35.67292,126.98457,40,과속단속,-1
35.67284,126.98446,40,과속단속,-1
34.83615,126.63629,30,보호구역,-1
34.82074,126.69918,30,보호구역,-1
34.79641,126.68939,30,보호구역,-1
34.71946,126.59733,30,보호구역,-1
34.69931,126.57414,30,보호구역,-1
34.72715,126.56501,30,보호구역,-1
34.74406,126.45608,30,보호구역,-1
34.74785,126.47200,30,보호구역,-1
34.74612,126.47047,30,보호구역,-1
34.76084,126.39728,30,보호구역,-1
34.47807,126.26380,50,과속단속,101
36.74300,126.69940,70,과속단속,-1
36.73050,126.69360,70,과속단속,-1
36.71296,126.67633,70,과속단속,-1
36.71278,126.67657,70,과속단속,-1
36.68742,126.93963,30,보호구역,-1
36.68879,126.84215,50,과속단속,-1
36.75220,126.70190,70,과속단속,-1
36.68740,126.75910,60,과속단속,101
36.58340,127.28280,30,과속단속,-1
36.67600,127.20630,30,과속단속,-1
36.49040,127.26310,30,보호구역,-1
36.47220,127.25460,30,보호구역,-1
36.47730,127.25220,40,과속단속,-1
36.51900,127.23940,30,보호구역,-1
36.60130,127.30370,30,보호구역,-1
36.72370,127.17380,70,과속단속,-1
36.48070,127.25050,50,과속단속,248
36.48070,127.25060,50,과속단속,-1
36.48270,127.25660,50,과속단속,243
35.92053,128.83633,80,과속단속,55
36.41680,128.20859,40,보호구역,306
36.10184,129.34031,80,과속단속,294
36.16116,128.43673,30,보호구역,-1
36.16108,128.43180,30,보호구역,-1
36.16120,128.43142,30,보호구역,-1
36.09170,128.43672,30,보호구역,-1
36.09152,128.43658,30,보호구역,-1
36.48125,127.30090,30,보호구역,-1
36.48247,127.31062,30,보호구역,-1
36.48231,127.31091,30,보호구역,-1
36.49771,127.31149,50,과속단속,263
36.49756,127.31192,50,과속단속,82
36.52713,127.37937,30,보호구역,-1
36.52706,127.37948,30,보호구역,-1
36.58923,127.29854,30,보호구역,-1
36.59026,127.29264,30,과속단속,-1
36.59039,127.29277,30,보호구역,-1
36.59740,127.30100,30,보호구역,-1
36.49930,127.23310,30,보호구역,-1
36.49850,127.23730,30,보호구역,-1
36.47840,127.28370,40,과속단속,64
36.50960,127.25650,30,보호구역,-1
36.50950,127.25660,30,보호구역,-1
36.50140,127.25400,30,보호구역,-1
36.50510,127.24750,30,보호구역,-1
36.87818,126.57031,30,보호구역,-1
36.87815,126.57038,30,보호구역,-1
36.90165,126.63897,30,보호구역,-1
36.90119,126.63750,30,보호구역,-1
36.89864,126.63713,30,보호구역,-1
36.89147,126.63159,30,보호구역,-1
36.88650,126.65277,50,과속단속,-1
36.88765,126.65305,30,보호구역,-1
36.88640,126.64750,50,과속단속,180
36.95090,126.76070,60,과속단속,-1
36.94760,126.75960,60,과속단속,-1
36.09246,128.42723,30,보호구역,-1
37.54168,126.84022,50,과속단속,-1
37.61970,127.02075,50,과속단속,-1
37.55002,127.12733,50,과속단속,-1
37.51635,127.01971,50,과속단속,221
37.48848,127.04952,50,과속단속,198
37.60902,127.03001,50,과속단속,223
37.54268,127.03029,80,구간단속,296
37.53894,127.10078,80,구간단속,223
37.51608,126.92278,80,구간단속,114
37.55521,126.87365,80,구간단속,137
36.51392,127.24321,30,보호구역,-1
36.51737,127.23807,30,보호구역,-1
36.52462,127.24160,30,과속단속,-1
36.52493,127.26813,30,보호구역,-1
36.51178,127.25581,40,과속단속,-1
36.50848,127.26358,50,과속단속,94
36.50418,127.25813,30,보호구역,-1
36.49670,127.26655,30,과속단속,-1
36.48724,127.24660,30,과속단속,-1
36.48872,127.24753,30,보호구역,-1
36.48846,127.24757,30,보호구역,-1
36.47971,127.25066,30,과속단속,221
36.48002,127.25261,30,보호구역,79
36.48116,127.30115,30,보호구역,-1
35.21899,128.57913,30,보호구역,-1
37.58152,127.07944,50,과속단속,259
37.56644,126.99798,50,과속단속,176
37.55481,127.01095,50,과속단속,-1
37.58831,126.97240,40,과속단속,-1
37.57091,126.99764,50,과속단속,263
37.61120,126.92955,50,과속단속,325
37.58975,126.91697,50,과속단속,241
37.53783,126.96632,40,과속단속,-1
37.49217,126.89566,50,과속단속,343
37.51275,126.85383,50,과속단속,-1
37.49273,127.11870,50,과속단속,323
37.58655,127.03309,50,과속단속,-1
37.60335,127.02623,50,과속단속,25
37.54398,127.03638,60,과속단속,298
37.47519,127.00168,60,과속단속,-1
37.50266,127.00364,50,과속단속,260
37.57652,126.95549,50,과속단속,-1
37.55508,126.92106,50,과속단속,228
37.50612,126.96908,50,과속단속,294
37.58549,127.05111,50,과속단속,-1
37.66256,127.04827,50,보호구역,-1
37.64527,127.06372,50,과속단속,159
37.47590,126.88057,50,과속단속,-1
37.49492,126.84080,50,과속단속,-1
37.53950,127.07087,50,과속단속,345
37.48203,126.94381,50,과속단속,97
37.48194,126.91449,50,과속단속,177
37.86501,127.75066,30,보호구역,-1
36.73534,126.33086,60,과속단속,130
36.74782,126.30444,50,과속단속,-1
36.79454,126.30619,60,과속단속,-1
36.64553,126.30742,70,과속단속,0
36.64556,126.30748,70,과속단속,0
35.74952,127.85625,50,과속단속,-1
35.74949,127.85624,50,과속단속,-1
35.24814,128.51049,50,과속단속,-1
35.29777,128.29712,60,과속단속,340
35.28844,128.33946,50,과속단속,-1
35.27139,128.44141,60,과속단속,301
35.24190,128.42684,60,과속단속,191
35.31306,128.47675,60,과속단속,-1
35.34864,128.43054,50,과속단속,-1
35.24568,128.33159,60,과속단속,-1
35.24566,128.33159,60,과속단속,-1
35.23189,128.56912,30,보호구역,-1
35.21626,128.58495,30,보호구역,-1
36.09240,128.42723,30,보호구역,-1
36.09405,128.43711,30,보호구역,-1
35.24503,128.50683,30,보호구역,-1
35.26621,128.52229,30,보호구역,-1
35.24497,128.50678,30,보호구역,-1
35.83702,127.11226,30,보호구역,-1
35.83572,127.11597,30,보호구역,-1
35.85199,127.15605,30,보호구역,-1
35.85200,127.15640,30,보호구역,-1
35.83369,127.16072,30,보호구역,77
36.08981,128.43079,30,보호구역,-1
36.08953,128.43047,30,보호구역,-1
36.36339,128.14929,30,보호구역,-1
35.87859,128.84339,50,과속단속,-1
35.83223,128.33955,70,과속단속,11
35.98365,128.40416,60,과속단속,-1
36.20361,129.36803,30,보호구역,-1
36.06985,129.40009,30,보호구역,-1
36.58067,128.17671,60,과속단속,-1
36.42665,128.27010,40,과속단속,-1
35.73749,128.73309,80,과속단속,166
35.98709,129.45843,30,보호구역,-1
35.80317,127.11368,30,보호구역,-1
35.82025,127.09801,30,보호구역,-1
35.82026,127.09793,30,보호구역,-1
35.83679,127.11112,30,보호구역,-1
35.83673,127.11109,30,보호구역,-1
35.81752,127.12031,30,보호구역,-1
35.83846,127.15253,30,보호구역,-1
35.83845,127.15261,30,보호구역,-1
35.82261,127.14056,30,보호구역,-1
35.83667,127.13581,30,보호구역,-1
35.83662,127.13572,30,보호구역,-1
35.82086,127.15403,30,보호구역,-1
35.82079,127.15404,30,보호구역,-1
35.81034,127.11846,30,보호구역,-1
35.81036,127.11978,30,보호구역,-1
35.83574,127.06608,30,보호구역,-1
35.83567,127.06607,30,보호구역,-1
35.83658,127.11210,30,보호구역,-1
35.60232,126.88725,30,보호구역,-1
35.58402,126.85620,30,보호구역,-1
35.61095,126.95056,30,보호구역,-1
36.13859,128.13213,60,과속단속,-1
36.13867,128.13172,60,과속단속,-1
35.84076,128.75957,60,과속단속,236
35.83394,128.73457,60,과속단속,91
35.85073,128.72804,60,과속단속,-1
35.90721,128.81236,60,과속단속,61
35.96047,128.76247,60,과속단속,-1
36.38768,127.94766,60,과속단속,-1
35.77035,128.87780,30,보호구역,-1
36.14783,128.33100,40,보호구역,-1
36.13075,128.33563,30,보호구역,207
36.15263,128.32180,40,보호구역,-1
36.15064,128.31074,40,보호구역,-1
36.14216,128.31793,30,보호구역,-1
36.14367,128.32242,30,보호구역,-1
36.14410,128.32260,40,보호구역,-1
36.10518,129.34624,30,보호구역,-1
36.10520,129.34580,30,보호구역,-1
36.06332,129.33566,30,보호구역,-1
36.12985,129.34876,30,보호구역,-1
35.98617,129.33884,50,과속단속,-1
35.91691,128.31376,70,과속단속,89
35.98498,129.36216,30,보호구역,-1
34.74808,126.46670,30,보호구역,-1
34.74251,126.47339,70,과속단속,-1
34.82077,126.69844,30,보호구역,-1
34.83381,126.69244,80,과속단속,318
36.61073,128.30632,80,과속단속,55
36.23181,126.78350,110,구간단속,216
35.55707,129.37893,50,과속단속,-1
35.55708,129.37910,50,과속단속,-1
35.63296,129.34531,70,과속단속,163
35.64694,129.34315,70,과속단속,-1
35.53297,129.30726,50,과속단속,171
35.50904,129.23672,70,과속단속,21
35.51691,129.34122,70,과속단속,210
35.55700,129.36099,60,과속단속,17
35.55875,129.32814,60,과속단속,1
35.55837,129.34138,50,과속단속,-1
35.56857,129.34328,60,과속단속,-1
36.12142,126.75251,30,보호구역,-1
36.12142,126.75218,30,보호구역,-1
36.10387,126.64818,30,보호구역,-1
36.10396,126.64818,30,보호구역,-1
36.07275,126.64350,30,보호구역,-1
36.07276,126.64354,30,보호구역,-1
36.05692,126.68033,30,보호구역,-1
36.05699,126.67923,30,보호구역,-1
36.04373,126.80504,30,보호구역,-1
36.04184,126.77639,30,보호구역,-1
36.04042,126.77812,30,보호구역,-1
35.14770,129.06650,50,과속단속,168
36.48630,127.28210,50,과속단속,66
36.48620,127.28230,50,과속단속,66
36.48842,127.26388,30,보호구역,-1
36.49621,127.26314,50,보호구역,-1
36.49006,127.26303,50,보호구역,-1
36.52813,127.12279,50,보호구역,-1
36.45630,127.12764,40,보호구역,-1
36.51626,127.13464,30,보호구역,-1
36.49801,127.11157,30,보호구역,-1
36.49809,127.11163,30,보호구역,-1
36.55447,126.95111,30,보호구역,-1
36.45981,127.11778,30,보호구역,-1
36.53857,127.11624,30,보호구역,-1
36.53955,127.11680,30,보호구역,-1
36.47751,127.07837,30,보호구역,-1
36.47775,127.07782,30,보호구역,-1
36.60256,127.11812,30,보호구역,-1
36.51776,126.95483,30,보호구역,-1
36.51747,126.95496,30,보호구역,-1
36.56439,127.11630,30,보호구역,-1
36.56421,127.11614,30,보호구역,-1
36.50622,127.02472,40,보호구역,-1
36.50574,127.02455,40,보호구역,-1
36.24013,126.59229,30,보호구역,-1
36.43796,126.52299,30,보호구역,-1
36.38077,126.52469,30,보호구역,-1
36.36251,126.60841,30,보호구역,-1
36.35814,126.60698,30,보호구역,-1
36.34203,126.59613,30,보호구역,-1
36.36273,126.60834,30,보호구역,-1
36.35347,126.59969,30,보호구역,-1
35.41301,129.33595,50,과속단속,-1
35.41401,129.33822,60,과속단속,-1
35.28230,127.15068,60,과속단속,-1
35.28388,127.29093,30,보호구역,-1
36.55050,128.73228,30,보호구역,-1
36.55763,128.75395,40,보호구역,309
35.11473,129.03926,50,과속단속,197
36.07041,126.77323,110,구간단속,187
35.14302,129.05916,50,과속단속,178
35.14171,129.05953,50,과속단속,-1
35.29691,127.34143,30,보호구역,-1
36.51490,127.24440,30,보호구역,-1
36.51490,127.24480,30,보호구역,-1
36.57387,128.50118,30,보호구역,-1
36.57262,128.71899,40,보호구역,-1
35.30557,127.18709,30,보호구역,-1
35.23824,127.12063,30,보호구역,-1
36.36394,128.10051,30,보호구역,-1
35.91892,128.81981,30,과속단속,-1
36.11367,129.33241,80,과속단속,359
35.24656,127.11561,50,과속단속,-1
36.93631,126.59318,30,보호구역,-1
36.93638,126.59303,30,보호구역,-1
36.89756,126.63995,30,보호구역,-1
36.89761,126.63942,30,보호구역,-1
36.51460,127.26280,30,보호구역,-1
36.50510,127.24770,30,보호구역,-1
35.28016,127.28788,30,보호구역,-1
37.90059,127.06134,30,보호구역,-1
37.72588,126.74745,30,보호구역,-1
37.75237,126.74748,30,보호구역,-1
37.71913,126.71311,30,보호구역,-1
37.72781,126.70796,30,보호구역,-1
35.24658,127.11543,50,과속단속,-1
36.49178,127.25652,50,과속단속,355
36.41753,127.25621,50,과속단속,-1
36.60203,127.50316,60,과속단속,-1
36.10220,128.33547,30,보호구역,-1
36.11951,128.37446,40,보호구역,-1
37.48825,126.95512,30,보호구역,-1
37.48413,126.90908,30,보호구역,-1
37.48972,126.93059,30,보호구역,-1
37.47551,126.95265,50,과속단속,-1
37.48614,126.92117,30,과속단속,-1
37.46109,126.91898,30,보호구역,172
37.47431,126.91714,30,보호구역,152
37.48881,126.94626,30,보호구역,-1
37.49328,126.90635,30,과속단속,-1
37.50990,126.91734,30,보호구역,-1
37.51787,126.92446,50,과속단속,-1
37.52976,126.90157,30,과속단속,-1
37.53946,126.89526,30,보호구역,-1
35.85522,126.99092,60,과속단속,-1
35.78466,126.91382,50,과속단속,-1
35.78445,126.91385,50,과속단속,-1
35.90907,126.94092,60,과속단속,268
35.89191,126.96849,60,과속단속,141
35.14390,129.10070,60,과속단속,118
35.14413,129.10085,60,과속단속,300
35.21295,129.01156,50,과속단속,-1
35.15232,129.05001,50,과속단속,-1
36.72490,127.54213,80,과속단속,4
36.71760,127.42883,50,과속단속,-1
37.54796,127.20967,30,보호구역,-1
34.84553,126.48735,70,과속단속,16
34.80543,126.47046,60,과속단속,-1
36.44564,127.95253,30,보호구역,-1
36.14008,128.09154,30,보호구역,-1
36.14032,128.09180,30,보호구역,-1
36.09161,128.35845,30,보호구역,-1
36.09027,128.35750,30,보호구역,-1
36.12251,128.33912,40,보호구역,-1
36.08851,128.35191,30,보호구역,77
36.08870,128.35218,30,보호구역,198
36.09910,128.35995,30,보호구역,-1
36.42809,128.15603,30,보호구역,-1
36.07885,129.32742,30,보호구역,-1
36.07108,129.37948,30,보호구역,-1
36.62018,128.70733,40,보호구역,-1
36.59752,128.53630,40,보호구역,173
36.59753,128.53629,40,보호구역,173
36.52615,128.46221,40,보호구역,-1
36.41144,128.15726,30,보호구역,-1
36.40932,128.16183,30,보호구역,-1
37.49558,127.14541,50,과속단속,198
37.49552,127.14569,50,과속단속,-1
36.16623,128.44120,30,보호구역,-1
36.16672,128.44464,30,보호구역,-1
37.74648,127.20752,30,보호구역,-1
36.01812,128.26774,50,과속단속,-1
34.80054,126.44092,60,과속단속,-1
34.80064,126.44078,60,과속단속,-1
35.33980,126.95086,30,보호구역,-1
35.24866,127.03669,30,보호구역,-1
35.17746,127.02685,30,보호구역,-1
35.30981,126.95150,60,과속단속,71
35.31000,126.95137,60,과속단속,258
35.27766,126.88969,30,보호구역,-1
35.27756,126.88972,30,보호구역,-1
34.81463,126.45493,60,과속단속,-1
35.11391,126.29613,30,보호구역,-1
34.83934,126.47478,30,보호구역,-1
34.84970,126.49449,30,보호구역,-1
34.99077,126.47771,30,보호구역,-1
34.87120,126.50972,30,보호구역,-1
34.87911,126.42031,30,보호구역,-1
35.01435,126.39716,30,과속단속,-1
35.01964,126.40718,30,보호구역,-1
34.81979,126.48943,90,과속단속,315
35.06503,126.28470,60,과속단속,-1
34.99257,126.48169,50,과속단속,-1
34.86612,126.50871,70,과속단속,124
34.86627,126.50919,70,과속단속,348
34.81425,126.47130,60,과속단속,27
34.80851,126.48782,60,과속단속,-1
34.80531,126.47061,60,과속단속,91
36.39562,127.31170,60,과속단속,149
36.36680,127.32701,60,과속단속,90
36.35108,127.43244,50,과속단속,5
37.14754,127.04661,30,보호구역,-1
37.37017,127.12737,30,보호구역,137
37.33361,127.59426,40,보호구역,-1
37.33359,127.59424,40,보호구역,-1
37.23814,127.55821,30,보호구역,-1
37.38858,127.55774,60,과속단속,-1
37.38857,127.55773,60,과속단속,-1
36.32875,126.65181,50,과속단속,-1
36.50884,126.48616,40,과속단속,-1
36.44594,126.82872,30,보호구역,-1
36.45299,126.79930,30,보호구역,-1
36.42601,126.71350,30,보호구역,-1
36.41501,126.94741,30,보호구역,-1
36.45327,126.80784,30,과속단속,-1
36.51630,126.78698,30,보호구역,-1
36.43051,126.71691,30,보호구역,-1
37.77521,126.70257,30,보호구역,-1
37.74092,126.79202,30,보호구역,-1
37.74104,126.79238,30,보호구역,-1
37.72592,126.75618,30,보호구역,-1
37.71413,126.75146,30,보호구역,-1
38.00130,127.31046,60,과속단속,-1
38.07067,127.30339,60,과속단속,-1
37.74534,127.20944,40,과속단속,-1
37.74554,127.21006,40,과속단속,-1
37.15974,127.05763,30,보호구역,-1
36.84547,126.23821,60,과속단속,-1
36.45216,126.38203,60,과속단속,-1
36.90104,126.29895,30,보호구역,-1
36.82931,126.16122,40,과속단속,-1
36.75949,126.19507,40,과속단속,-1
36.69337,126.17529,30,보호구역,-1
36.69344,126.17508,30,보호구역,-1
36.75988,126.29182,30,보호구역,-1
36.75271,126.30577,30,보호구역,-1
36.75144,126.30793,30,보호구역,-1
36.75425,126.31970,30,보호구역,-1
36.16489,127.01682,30,과속단속,-1
36.16216,127.01321,30,과속단속,-1
36.18883,127.01312,30,과속단속,-1
36.10954,127.16325,50,보호구역,-1
36.10962,127.16346,50,보호구역,-1
36.13396,127.13767,60,과속단속,-1
37.16190,127.06340,30,보호구역,-1
37.14739,127.04702,30,보호구역,-1
36.33483,127.38850,50,과속단속,-1
36.34903,127.38672,50,과속단속,-1
36.38127,127.32309,60,과속단속,337
37.34770,126.94054,50,과속단속,-1
37.36035,126.93706,50,과속단속,236
37.14647,127.07815,60,과속단속,178
37.15502,127.08152,60,과속단속,-1
37.43004,127.74955,30,보호구역,-1
37.36177,126.92369,30,보호구역,-1
37.34469,127.63049,30,보호구역,-1
37.35818,126.73435,30,보호구역,-1
37.25815,127.49208,30,보호구역,-1
37.15168,127.48355,30,보호구역,-1
37.32340,126.84374,30,보호구역,-1
37.28260,126.83265,30,보호구역,-1
37.29382,126.82477,30,보호구역,-1
37.28715,126.86094,30,보호구역,-1
37.29304,126.87245,30,보호구역,-1
37.33764,126.93227,30,보호구역,-1
37.32200,126.94100,30,보호구역,-1
37.32324,126.94214,30,보호구역,-1
37.32618,126.91236,30,보호구역,-1
37.32987,126.91555,30,보호구역,-1
37.02384,126.91630,30,보호구역,272
37.39320,127.12505,30,보호구역,-1
37.16397,127.06797,30,보호구역,-1
37.16201,127.06310,30,보호구역,-1
37.16426,127.06809,30,보호구역,-1
37.14374,127.04904,30,보호구역,-1
37.14360,127.04948,30,보호구역,-1
37.23102,126.69156,30,보호구역,-1
37.23818,126.73778,30,보호구역,-1
37.20645,127.00877,30,보호구역,149
37.13981,126.70220,30,보호구역,-1
37.20122,126.88823,30,보호구역,-1
37.23537,126.86661,30,보호구역,-1
37.21902,126.97394,30,보호구역,-1
37.23549,126.95498,30,보호구역,-1
37.21774,126.95127,30,보호구역,-1
37.27311,126.88633,30,보호구역,-1
35.09110,128.96916,30,과속단속,-1
35.96280,127.66059,100,구간단속,337
35.87573,127.65295,100,구간단속,33
35.42635,127.38675,70,과속단속,-1
35.94723,127.71501,30,보호구역,-1
36.00844,127.78829,30,보호구역,-1
36.01018,127.66088,30,보호구역,-1
37.20016,126.82274,30,보호구역,-1
37.20004,126.82298,30,보호구역,-1
37.20585,126.82226,30,보호구역,-1
37.20336,126.82877,30,보호구역,-1
37.13406,127.05428,60,과속단속,91
37.16921,127.06635,50,과속단속,-1
37.17705,127.06186,50,과속단속,-1
37.44755,127.13906,30,보호구역,-1
37.39125,127.12542,30,보호구역,-1
36.91994,127.26053,30,보호구역,-1
36.24279,128.30078,30,보호구역,-1
36.15390,128.33131,30,보호구역,-1
36.15360,128.33137,30,보호구역,-1
36.13021,128.49410,30,보호구역,-1
36.20259,128.39050,30,보호구역,-1
35.64152,128.62077,30,과속단속,-1
36.12254,128.35634,40,과속단속,180
36.12219,128.35668,40,과속단속,129
36.53010,128.34126,60,과속단속,-1
36.70464,128.44451,60,과속단속,-1
36.70296,128.44545,60,과속단속,-1
36.37744,128.14776,60,과속단속,209
36.36336,128.14932,30,보호구역,-1
36.33573,127.90266,30,보호구역,-1
37.11216,126.90160,30,보호구역,-1
37.11742,126.87235,30,보호구역,-1
37.05710,126.85564,30,보호구역,-1
37.05198,126.80823,30,보호구역,-1
37.10889,126.79928,30,보호구역,-1
37.08068,126.95095,30,보호구역,-1
37.09092,126.97235,30,보호구역,-1
36.93513,127.23370,30,보호구역,-1
37.58323,127.02996,30,과속단속,-1
37.61341,127.05028,30,보호구역,-1
37.59000,126.94604,30,보호구역,-1
37.58991,126.94599,30,보호구역,-1
37.56872,126.96069,30,보호구역,-1
37.55738,126.94746,20,보호구역,-1
37.59552,126.95159,30,보호구역,-1
37.49402,127.14231,50,과속단속,-1
37.49593,127.13122,50,보호구역,-1
37.49805,126.99111,50,과속단속,-1
37.49145,126.98705,30,과속단속,-1
37.47393,127.03101,30,보호구역,-1
37.46156,127.04993,50,과속단속,300
37.47590,126.61631,50,과속단속,-1
37.47518,126.61582,50,과속단속,157
36.08625,128.37010,50,과속단속,-1
36.08625,128.37102,50,과속단속,-1
36.11453,128.33913,50,과속단속,180
36.09361,128.37689,50,과속단속,-1
35.92864,128.28486,60,과속단속,-1
36.21157,128.32878,30,보호구역,-1
36.21160,128.32872,30,보호구역,-1
36.18171,128.35073,40,보호구역,158
36.18219,128.35060,40,보호구역,341
36.26253,128.25355,30,보호구역,-1
36.30017,128.33077,30,보호구역,-1
36.29996,128.33080,30,보호구역,-1
36.93553,127.23397,30,보호구역,-1
37.55804,127.01503,30,보호구역,-1
37.55482,127.01211,30,보호구역,-1
37.56572,126.91248,80,과속단속,71
37.57789,126.93124,70,과속단속,57
36.59505,128.74703,60,과속단속,-1
37.51483,127.05211,50,보호구역,157
37.51666,127.05166,50,보호구역,337
37.47202,127.09491,30,보호구역,77
37.47369,127.10810,30,보호구역,-1
37.52845,127.04424,30,보호구역,-1
37.52471,126.96551,30,보호구역,-1
37.53525,126.97285,30,보호구역,-1
37.54758,126.96356,30,보호구역,-1
37.54753,126.96336,30,보호구역,-1
37.54145,127.14893,30,보호구역,-1
37.54591,127.13817,30,과속단속,-1
37.54796,127.13279,30,보호구역,-1
37.55750,126.93703,20,과속단속,-1
37.55701,126.93677,20,과속단속,-1
37.56162,126.96358,50,과속단속,204
37.56357,126.96532,50,과속단속,28
37.60568,127.04758,50,과속단속,54
36.39175,128.09888,110,구간단속,129
36.44205,127.98412,110,구간단속,92
34.94540,127.71340,60,보호구역,-1
34.97801,127.71876,80,과속단속,-1
34.98815,127.58537,30,보호구역,-1
34.94421,127.69463,30,보호구역,-1
34.94432,127.69524,30,보호구역,-1
34.95617,127.69033,30,보호구역,-1
34.93234,127.69233,30,보호구역,-1
34.94023,127.68197,30,보호구역,-1
34.93379,127.69585,30,보호구역,-1
34.86644,126.48992,110,구간단속,209
34.97250,126.49642,110,구간단속,167
35.00538,126.49263,110,구간단속,352
34.86896,126.49157,110,구간단속,17
37.48500,127.13246,30,과속단속,-1
37.48535,127.13333,30,과속단속,-1
37.51157,127.08284,50,과속단속,94
37.51133,127.08946,50,과속단속,-1
37.51686,127.10030,30,과속단속,-1
37.51341,127.12305,60,과속단속,-1
37.51205,127.09226,50,과속단속,-1
37.50945,127.08663,50,과속단속,-1
37.59104,126.94696,30,과속단속,-1
37.58870,126.94577,30,과속단속,-1
37.59711,126.94752,30,보호구역,-1
37.56296,126.94377,50,과속단속,40
37.55408,126.96536,50,과속단속,213
37.56049,127.01537,30,보호구역,-1
35.13688,128.71106,30,보호구역,-1
35.14827,128.66897,30,보호구역,-1
35.14825,128.66898,30,보호구역,-1
35.12594,128.70665,30,보호구역,-1
35.15718,128.69448,30,보호구역,-1
35.15704,128.69443,30,보호구역,-1
35.14923,128.71075,30,보호구역,-1
35.09969,128.80811,30,보호구역,-1
35.15641,128.70625,30,보호구역,-1
35.15644,128.70625,30,보호구역,-1
35.15456,128.70260,30,보호구역,-1
35.15239,128.65318,30,보호구역,-1
35.14443,128.70494,30,보호구역,-1
35.15890,128.66257,30,보호구역,-1
35.15572,128.71872,30,보호구역,-1
35.14587,128.66287,50,보호구역,-1
35.15258,128.67603,50,과속단속,-1
37.46430,126.70218,50,과속단속,-1
35.11110,128.55574,80,구간단속,326
35.08654,128.58976,80,구간단속,299
35.11004,128.55619,80,구간단속,149
35.08648,128.58984,80,구간단속,299
35.08625,128.58986,80,구간단속,118
35.11098,128.55578,80,구간단속,326
34.97174,127.74621,50,과속단속,-1
34.97239,127.74634,50,과속단속,-1
34.95608,127.58079,80,과속단속,-1
34.94409,127.68903,50,과속단속,-1
36.96955,127.23794,30,보호구역,-1
37.49210,127.07459,40,과속단속,-1
37.49052,127.07726,30,보호구역,-1
37.48614,127.08296,30,보호구역,-1
37.46950,127.09173,30,보호구역,177
36.86156,127.47906,110,구간단속,322
36.79408,127.50762,110,구간단속,357
37.47085,127.08974,30,보호구역,-1
37.59775,126.92015,50,과속단속,-1
37.60379,126.92547,50,과속단속,-1
36.45662,127.72703,110,구간단속,268
36.45534,127.81606,110,구간단속,269
37.60994,126.91890,50,과속단속,-1
37.61412,126.90988,50,보호구역,19
37.63079,126.92795,50,과속단속,-1
37.63427,126.92981,30,보호구역,-1
35.32775,129.04914,70,과속단속,302
35.36742,129.15102,50,과속단속,-1
35.24576,128.86699,50,과속단속,19
35.24876,128.86846,60,과속단속,150
35.25542,128.62951,50,과속단속,-1
35.25528,128.63008,50,과속단속,-1
35.25763,128.62863,50,과속단속,-1
35.25765,128.62871,50,과속단속,-1
35.80471,127.92077,40,과속단속,-1
35.80013,127.92089,40,과속단속,-1
34.92936,128.07340,30,보호구역,-1
34.92927,128.07363,30,보호구역,-1
36.16833,127.52601,30,보호구역,-1
36.04287,127.50401,30,보호구역,-1
36.13015,127.45351,30,보호구역,-1
36.22457,127.50898,30,보호구역,-1
36.16536,127.39824,30,보호구역,-1
36.39902,126.50348,40,과속단속,-1
36.39901,126.50341,40,과속단속,-1
36.80011,127.02657,60,과속단속,304
36.79987,127.02669,60,과속단속,125
36.76179,126.91792,60,과속단속,80
36.78740,127.01740,30,과속단속,-1
36.83250,126.49850,50,보호구역,132
36.83260,126.49840,50,보호구역,-1
36.97720,126.38530,30,보호구역,-1
36.72620,126.51930,30,과속단속,-1
36.76940,126.44640,30,보호구역,-1
36.76950,126.44630,30,보호구역,-1
35.36472,127.84700,60,구간단속,-1
35.41116,127.84808,60,구간단속,-1
35.41116,127.84816,60,구간단속,-1
35.36482,127.84702,60,구간단속,-1
35.04419,128.06639,80,과속단속,17
35.72279,128.10370,30,보호구역,-1
37.49803,127.05923,50,보호구역,-1
37.50152,127.06508,30,과속단속,-1
37.49347,127.06147,50,보호구역,60
37.57400,127.07997,50,과속단속,-1
37.57520,127.08420,30,보호구역,-1
37.57310,127.08430,30,보호구역,-1
37.59160,127.09790,50,과속단속,-1
37.60700,127.09529,50,과속단속,-1
37.59453,127.10172,30,보호구역,-1
35.45456,129.28901,60,과속단속,-1
35.45625,129.28975,60,과속단속,-1
35.45913,129.29015,60,과속단속,-1
35.41740,129.28295,40,과속단속,-1
35.41729,129.28290,40,과속단속,-1
35.46858,129.31912,70,과속단속,-1
35.46886,129.31894,70,과속단속,-1
35.46210,129.36452,60,과속단속,-1
35.48637,129.35075,60,과속단속,-1
36.10223,127.52502,80,과속단속,-1
36.21759,127.49350,70,과속단속,227
36.12358,127.50889,100,구간단속,180
36.20672,127.49050,100,구간단속,187
36.50417,126.62847,30,보호구역,-1
36.56586,126.65425,30,보호구역,-1
36.55859,126.68600,30,보호구역,-1
36.60219,126.55380,30,보호구역,-1
36.54431,126.47200,50,과속단속,-1
36.57877,126.51263,30,보호구역,-1
36.52575,126.54594,30,보호구역,-1
36.52921,126.58850,30,보호구역,-1
36.25012,127.37473,30,보호구역,-1
36.11142,127.54693,30,보호구역,-1
35.96101,126.98491,30,보호구역,-1
35.96100,126.98479,30,보호구역,-1
35.96226,126.95992,30,보호구역,-1
35.96224,126.96003,30,보호구역,-1
35.96279,126.95848,30,보호구역,-1
35.93837,126.96303,30,보호구역,-1
35.95441,126.98112,30,보호구역,-1
35.95390,126.98117,30,보호구역,-1
35.95385,126.97895,30,보호구역,-1
35.95352,126.97898,30,보호구역,-1
35.94570,126.94019,30,보호구역,-1
35.94152,126.91477,30,보호구역,-1
35.94153,126.91467,30,보호구역,-1
35.96036,126.93669,30,보호구역,219
35.95614,126.97688,30,보호구역,-1
35.95664,126.97862,30,보호구역,-1
37.65454,127.06079,50,과속단속,346
37.51641,126.89062,50,보호구역,-1
37.49104,126.90308,30,보호구역,-1
35.32455,129.01296,50,과속단속,-1
35.33471,129.02931,50,과속단속,-1
37.10551,126.90146,60,과속단속,355
37.29158,127.02708,50,과속단속,-1
37.59730,127.08858,50,과속단속,-1
37.60371,127.07913,50,과속단속,-1
37.59800,127.07994,50,과속단속,-1
37.59829,127.08036,50,과속단속,253
37.30174,127.05099,50,과속단속,236
36.10326,126.99592,30,보호구역,-1
36.13378,126.94719,30,보호구역,-1
36.13372,126.94725,30,보호구역,-1
36.09600,126.96053,30,보호구역,-1
36.09599,126.96066,30,보호구역,-1
36.09801,126.92806,30,보호구역,-1
36.09807,126.92816,30,보호구역,-1
36.05981,126.91218,30,보호구역,-1
36.05985,126.91224,30,보호구역,-1
36.04011,126.93876,30,보호구역,-1
36.04015,126.93887,30,보호구역,-1
36.00918,126.94312,30,보호구역,-1
36.00921,126.94320,30,보호구역,-1
36.00804,126.94570,30,보호구역,-1
36.00797,126.94573,30,보호구역,-1
36.01939,126.98466,30,보호구역,-1
36.01933,126.98460,30,보호구역,-1
35.92698,127.07737,30,보호구역,-1
35.92695,127.07730,30,보호구역,-1
35.99088,127.10465,30,보호구역,-1
35.99090,127.10472,30,보호구역,-1
35.98860,126.97668,30,보호구역,-1
35.98866,126.97672,30,보호구역,-1
35.93477,127.00626,30,보호구역,-1
35.93474,127.00676,30,보호구역,-1
35.96698,127.01200,30,보호구역,-1
35.02896,126.71920,30,보호구역,-1
34.97014,126.70516,30,보호구역,-1
34.98431,126.54454,60,과속단속,-1
35.14730,126.49619,80,과속단속,-1
35.05312,126.96476,30,보호구역,-1
35.05503,126.99465,30,보호구역,-1
35.06579,126.98566,30,보호구역,-1
35.01289,126.90972,30,보호구역,-1
34.98736,126.91098,30,보호구역,-1
34.98823,126.95857,30,보호구역,-1
34.97766,127.00211,30,보호구역,-1
34.87556,126.97155,30,보호구역,-1
35.11766,127.04513,30,보호구역,-1
35.07168,127.12771,30,보호구역,-1
37.52788,127.10779,80,과속단속,31
37.46086,127.03665,50,과속단속,47
35.92970,126.97346,30,보호구역,-1
35.92961,126.97348,30,보호구역,-1
36.05836,127.08518,30,보호구역,-1
36.05831,127.08506,30,보호구역,-1
36.05509,126.99977,30,보호구역,-1
36.05505,126.99988,30,보호구역,-1
36.06660,127.01392,30,보호구역,-1
36.06668,127.01346,30,보호구역,-1
36.10332,126.99593,30,보호구역,-1
37.49430,126.89320,20,보호구역,54
37.49682,126.88263,50,과속단속,358
37.36823,126.80562,30,보호구역,-1
37.37074,126.80604,50,과속단속,-1
37.53800,127.21724,30,보호구역,-1
37.54432,127.21640,30,보호구역,-1
37.51544,127.16148,30,보호구역,-1
37.28479,127.44191,30,보호구역,-1
37.26128,127.47952,30,보호구역,-1
37.24083,127.48741,30,보호구역,-1
37.24072,127.51762,30,보호구역,-1
37.24096,127.51724,30,보호구역,283
37.14009,127.39462,70,과속단속,307
37.37460,127.00720,50,과속단속,-1
37.14454,127.58924,50,보호구역,-1
37.29243,127.64374,30,보호구역,235
35.01754,126.76023,60,과속단속,-1
35.01698,126.77879,50,과속단속,-1
35.02522,126.78001,50,과속단속,-1
34.98715,126.72917,50,과속단속,-1
35.02488,126.69475,70,과속단속,-1
35.02083,126.71466,50,과속단속,-1
34.92657,126.56174,70,과속단속,-1
34.91938,126.74707,30,보호구역,-1
34.96148,126.73289,60,과속단속,-1
35.00677,126.71212,30,보호구역,-1
37.41432,127.14131,30,보호구역,-1
37.51628,127.28338,60,과속단속,-1
37.50733,127.15806,30,보호구역,-1
37.51104,127.16019,30,보호구역,-1
37.51129,127.16057,30,보호구역,-1
37.36569,127.24412,70,과속단속,-1
37.45509,127.25242,70,과속단속,192
37.47135,127.28938,70,과속단속,265
37.42434,127.30879,50,과속단속,-1
37.42759,127.30592,50,과속단속,-1
37.40741,127.26458,50,과속단속,-1
37.39167,127.28391,70,과속단속,137
37.32782,127.39681,70,과속단속,310
37.39725,127.43249,50,과속단속,-1
37.39727,127.43247,50,과속단속,-1
37.38174,127.52372,60,과속단속,-1
37.31752,127.62747,80,과속단속,28
37.17412,127.47994,30,보호구역,-1
37.40389,127.44496,30,보호구역,-1
35.32824,129.24716,60,과속단속,306
35.32804,129.24704,60,과속단속,121
37.48541,126.82317,30,보호구역,-1
37.48239,126.82089,30,과속단속,-1
37.49680,126.83970,30,과속단속,-1
37.49171,126.85601,50,과속단속,-1
37.50009,126.85641,30,보호구역,-1
37.48820,126.89429,20,보호구역,-1
37.40986,127.23633,30,보호구역,-1
37.49611,127.30111,30,보호구역,-1
37.44655,127.26767,30,보호구역,-1
37.39992,127.27073,30,보호구역,-1
37.39502,127.29144,30,보호구역,-1
37.37689,127.31709,30,보호구역,-1
37.35017,127.33795,30,보호구역,-1
37.33484,127.31284,30,보호구역,-1
36.96063,127.18763,30,보호구역,-1
36.99988,127.16836,30,보호구역,-1
37.07730,127.42149,30,보호구역,-1
37.39363,126.97948,30,보호구역,-1
37.37855,126.96596,30,보호구역,-1
37.40626,126.93383,30,보호구역,-1
37.36564,126.96450,30,보호구역,-1
37.41143,126.90614,30,과속단속,-1
37.41133,126.90456,30,보호구역,-1
37.51215,126.80709,30,보호구역,-1
37.44482,127.12978,30,보호구역,-1
36.11264,128.36363,30,보호구역,153
36.12498,128.33398,40,보호구역,-1
36.12498,128.33438,40,보호구역,-1
36.10882,128.33933,30,보호구역,-1
36.12215,128.36616,40,보호구역,108
37.34603,126.98022,30,보호구역,-1
38.18567,128.60107,50,과속단속,193
37.52438,129.10949,40,보호구역,-1
37.49585,129.10210,30,보호구역,-1
37.49585,129.10157,30,보호구역,-1
37.48607,129.10510,30,보호구역,-1
37.51650,129.10773,30,보호구역,-1
37.59124,129.09061,40,보호구역,306
37.49506,129.12308,30,보호구역,-1
37.49477,129.12333,30,보호구역,-1
37.37028,127.00724,30,보호구역,-1
36.04196,129.36453,30,보호구역,-1
36.09084,129.38448,30,보호구역,-1
36.09069,129.38554,30,보호구역,-1
36.07742,129.39249,30,보호구역,-1
36.02181,129.35731,40,보호구역,31
36.03112,129.34437,30,보호구역,-1
36.02883,129.35563,30,보호구역,35
36.00369,129.31614,30,보호구역,-1
35.21713,128.67129,60,과속단속,125
34.99935,128.18654,30,보호구역,-1
34.97539,128.32207,30,보호구역,-1
34.97536,128.32210,30,보호구역,-1
34.86503,128.69345,30,보호구역,-1
34.86502,128.69357,30,보호구역,-1
34.88790,128.61788,30,보호구역,-1
34.88786,128.61778,30,보호구역,-1
34.85883,128.57610,30,보호구역,-1
34.85873,128.57593,30,보호구역,-1
35.39903,129.00471,30,과속단속,-1
35.40907,128.99819,30,과속단속,-1
38.23051,128.20720,40,보호구역,-1
38.06267,128.16939,30,보호구역,-1
38.06403,128.17130,30,보호구역,-1
38.06402,128.17073,30,보호구역,-1
37.12709,128.82750,50,과속단속,-1
37.35405,126.98616,30,보호구역,-1
36.03973,129.35300,40,과속단속,-1
36.05090,129.36206,40,과속단속,348
36.08049,129.38544,40,과속단속,-1
36.02934,129.37433,30,보호구역,-1
36.02213,129.36657,30,보호구역,-1
36.02286,129.36160,30,보호구역,-1
36.02273,129.36170,30,보호구역,-1
37.88134,127.73328,40,보호구역,-1
37.88202,127.73192,40,보호구역,-1
37.89108,127.75453,30,보호구역,-1
37.91122,127.73811,30,보호구역,-1
37.91116,127.73840,30,보호구역,-1
37.93678,127.77550,30,보호구역,-1
37.87345,127.72095,30,보호구역,-1
37.87302,127.72060,30,보호구역,-1
37.87804,127.72439,30,보호구역,-1
35.96047,129.40871,30,보호구역,-1
36.06894,129.37235,30,보호구역,193
36.07101,129.37947,30,보호구역,-1
36.06531,129.36811,30,과속단속,-1
36.06640,129.36809,30,보호구역,-1
36.06016,129.37476,30,보호구역,-1
36.05743,129.36611,30,보호구역,-1
36.05741,129.36596,30,보호구역,-1
36.05019,129.37005,30,보호구역,-1
36.05021,129.36995,30,보호구역,-1
36.04233,129.36477,30,보호구역,-1
37.61206,126.72689,30,보호구역,90
36.48790,127.45981,70,과속단속,27
36.64596,127.42228,60,과속단속,132
36.83693,127.47264,30,보호구역,-1
36.78018,127.53634,30,보호구역,-1
37.59888,127.00741,30,보호구역,-1
37.59892,127.03970,30,보호구역,-1
37.61024,127.05925,30,보호구역,-1
37.60850,127.03625,30,보호구역,-1
37.60356,127.03724,30,보호구역,-1
37.59856,127.01422,30,보호구역,-1
37.58558,127.01278,30,보호구역,-1
37.59311,126.99816,30,보호구역,-1
35.98405,128.55117,30,과속단속,-1
35.99600,128.39921,30,과속단속,-1
36.05213,128.49854,40,과속단속,-1
36.11506,129.34710,30,보호구역,-1
36.11507,129.34723,30,보호구역,-1
36.09673,129.33425,30,보호구역,271
36.09651,129.33403,30,보호구역,271
36.06275,129.33583,30,보호구역,-1
36.07179,129.39184,30,보호구역,-1
36.07177,129.39171,30,보호구역,-1
36.01355,129.36034,30,보호구역,-1
36.01215,129.35302,30,보호구역,-1
36.01291,129.32605,30,보호구역,-1
36.03001,129.32070,30,보호구역,-1
36.02751,129.37916,50,과속단속,205
36.02536,129.35685,40,과속단속,-1
36.10863,128.33922,30,보호구역,-1
37.27162,127.15825,30,보호구역,-1
37.28239,127.14212,30,보호구역,-1
37.28357,127.14077,30,보호구역,-1
37.28524,127.14425,30,보호구역,-1
37.27728,127.14634,30,보호구역,-1
37.26660,127.09310,30,보호구역,-1
37.28347,127.16290,30,보호구역,-1
37.40402,126.92151,30,보호구역,-1
37.40425,126.92264,30,보호구역,-1
37.40640,126.91789,30,보호구역,-1
37.38365,126.93413,50,과속단속,-1
37.39092,126.90779,30,과속단속,-1
37.39103,126.90753,30,과속단속,-1
37.41712,126.90785,30,보호구역,-1
37.38054,126.95680,30,보호구역,-1
37.38027,126.95675,30,보호구역,-1
37.37479,126.95409,30,보호구역,-1
37.38455,126.96466,30,보호구역,-1
37.39003,126.96385,30,보호구역,-1
37.38858,126.96000,30,보호구역,-1
37.39107,126.97517,30,보호구역,-1
37.39653,126.97874,30,보호구역,-1
37.31169,126.84761,30,보호구역,274
37.30141,126.84708,30,보호구역,171
37.28877,126.85159,30,보호구역,-1
37.29905,126.86683,30,보호구역,-1
37.27692,127.44470,30,보호구역,-1
37.32800,127.09472,50,보호구역,-1
37.29847,127.07139,30,보호구역,-1
37.30986,127.10999,30,보호구역,312
37.30142,127.12128,30,보호구역,-1
35.36525,129.25195,100,구간단속,339
37.31493,127.08369,30,보호구역,-1
35.23104,129.20800,100,구간단속,342
37.29900,127.57165,30,보호구역,-1
37.12748,126.92697,30,보호구역,-1
37.12720,126.92687,30,보호구역,-1
37.12584,126.92344,30,보호구역,-1
37.16966,126.70812,30,보호구역,-1
37.16994,126.70822,30,보호구역,-1
37.17352,126.93402,30,보호구역,-1
36.99003,127.10657,30,보호구역,-1
36.97959,126.87777,70,과속단속,50
36.95026,127.05273,30,보호구역,-1
37.01790,127.06072,60,과속단속,325
37.01754,127.06080,60,과속단속,141
37.00164,127.07879,30,보호구역,-1
36.99982,127.09433,30,보호구역,-1
37.00418,127.09996,30,보호구역,-1
37.25187,127.13728,30,보호구역,-1
34.76754,127.07171,30,보호구역,-1
34.90016,127.14090,30,보호구역,-1
34.67583,126.90169,30,보호구역,-1
34.71543,126.92948,80,과속단속,41
34.68500,126.90669,50,과속단속,-1
34.68528,126.90719,50,과속단속,-1
37.28340,127.21971,30,보호구역,-1
37.27321,127.21980,30,보호구역,-1
37.26797,127.21429,30,보호구역,-1
37.27074,127.21976,30,보호구역,-1
37.26804,127.22479,30,보호구역,-1
37.14062,127.19745,30,보호구역,-1
37.23748,127.17002,30,보호구역,-1
37.34161,127.17546,30,보호구역,-1
37.10142,127.13857,30,보호구역,-1
37.26145,127.22309,30,보호구역,-1
37.24745,127.22806,30,보호구역,-1
37.40092,126.92520,30,보호구역,-1
37.38618,126.95354,30,보호구역,-1
37.39793,126.95651,30,보호구역,-1
37.39798,126.95619,30,보호구역,-1
37.40625,126.95824,30,과속단속,-1
37.38761,127.08942,30,보호구역,-1
37.37174,127.14369,30,보호구역,-1
37.15512,127.33789,60,과속단속,-1
37.05435,126.97761,50,과속단속,-1
35.03473,126.77241,70,과속단속,-1
34.78230,127.33464,30,보호구역,-1
34.65233,127.38268,30,보호구역,-1
34.57633,127.24365,30,과속단속,-1
34.46325,127.12885,40,과속단속,-1
34.52932,127.14054,30,과속단속,355
34.52900,127.14046,30,과속단속,175
34.51619,127.31972,40,과속단속,-1
34.61387,127.28994,30,과속단속,-1
34.61420,127.29013,30,과속단속,-1
34.67234,127.08638,30,보호구역,-1
34.77799,127.19762,30,보호구역,-1
34.91970,127.17368,30,보호구역,-1
34.89761,127.12747,30,보호구역,-1
34.83048,127.15044,30,보호구역,-1
34.79998,127.08758,30,보호구역,-1
34.84620,127.35096,30,보호구역,-1
34.84621,127.35141,30,보호구역,-1
34.84821,127.34135,30,보호구역,-1
34.83796,127.34176,30,보호구역,-1
34.76499,127.08257,30,보호구역,-1
36.36041,127.41749,30,과속단속,-1
36.36103,127.44640,50,과속단속,-1
36.36091,127.42742,30,과속단속,-1
36.36078,127.42755,30,과속단속,-1
36.44318,127.41119,30,과속단속,-1
36.44313,127.41121,30,과속단속,-1
36.42536,127.42678,50,보호구역,-1
36.42617,127.42539,50,보호구역,-1
36.44732,127.42387,30,보호구역,-1
36.44716,127.42385,30,보호구역,-1
36.45198,127.42314,30,보호구역,-1
36.45202,127.42264,30,보호구역,-1
36.36693,127.42822,30,보호구역,-1
36.36702,127.42797,30,보호구역,-1
37.48635,126.95826,30,과속단속,-1
37.48971,126.94784,30,보호구역,-1
37.48334,126.90577,30,과속단속,-1
37.47258,126.91923,30,보호구역,332
37.49015,126.92469,50,과속단속,272
35.60203,129.35493,60,과속단속,-1
35.60509,129.35348,60,과속단속,-1
35.54203,129.35418,60,과속단속,43
35.54214,129.35394,60,과속단속,-1
35.64899,129.35834,50,과속단속,136
35.53213,129.43296,50,과속단속,-1
35.35660,129.31871,50,과속단속,-1
35.35643,129.31871,50,과속단속,-1
35.35831,129.32257,50,과속단속,-1
37.52758,126.84530,50,과속단속,258
35.08706,128.09383,50,보호구역,-1
35.08708,128.09368,50,보호구역,-1
34.99750,127.80779,60,과속단속,-1
35.00401,127.90808,70,과속단속,-1
34.98977,127.80689,70,과속단속,59
35.42390,129.19664,50,과속단속,-1
35.43747,129.19106,60,과속단속,26
34.98927,128.32712,70,과속단속,165
34.91837,128.52356,70,과속단속,-1
35.02249,128.81076,80,구간단속,76
35.19297,128.98298,50,과속단속,322
35.18716,129.11723,60,과속단속,345
35.13724,129.06333,50,과속단속,271
35.15334,128.81230,80,과속단속,61
35.11199,129.03490,50,과속단속,46
35.20046,128.99150,50,과속단속,-1
35.17225,129.05952,50,과속단속,222
35.16494,129.03481,50,과속단속,-1
35.09558,129.06377,50,과속단속,-1
35.24003,129.13355,70,과속단속,210
36.37011,127.43524,30,보호구역,-1
36.36006,127.45244,30,보호구역,-1
36.36005,127.45240,30,보호구역,-1
36.37164,127.43258,30,보호구역,-1
36.35493,127.45567,30,보호구역,-1
36.35491,127.45598,30,보호구역,-1
37.49259,126.92506,30,보호구역,-1
37.49291,126.92465,30,보호구역,-1
37.57607,127.00245,50,과속단속,-1
37.58401,126.96851,30,보호구역,-1
37.57458,126.97069,30,과속단속,-1
37.57572,126.96566,30,보호구역,-1
37.60162,126.96119,50,과속단속,-1
37.60245,126.96128,50,과속단속,-1
37.56983,126.84083,30,보호구역,-1
37.55311,126.86067,50,보호구역,299
37.56107,126.84651,30,보호구역,-1
37.55467,126.83684,50,보호구역,-1
37.61693,127.03459,30,보호구역,230
37.62529,127.04467,30,보호구역,-1
37.63211,127.03798,30,보호구역,-1
37.61404,127.02204,30,보호구역,-1
37.60408,127.14057,30,과속단속,-1
37.60072,127.13562,50,과속단속,274
37.59755,127.14284,50,과속단속,-1
37.78927,126.70462,60,과속단속,-1
37.78905,126.70439,60,과속단속,-1
37.71006,126.72425,50,과속단속,-1
37.71201,126.72119,50,과속단속,-1
37.73589,126.72879,30,과속단속,-1
37.76458,126.82057,30,보호구역,-1
37.73615,126.72640,60,과속단속,356
37.52708,126.84555,50,과속단속,78
37.56870,126.81163,30,보호구역,-1
37.56932,126.81171,30,보호구역,-1
36.25010,127.00410,60,과속단속,-1
36.46613,127.12392,30,과속단속,229
36.54601,127.11827,70,과속단속,168
36.51942,127.17387,60,과속단속,-1
36.51310,126.96323,60,과속단속,92
36.47095,127.10949,60,과속단속,-1
36.48270,127.13829,70,과속단속,265
36.48284,127.15574,70,과속단속,-1
36.47492,127.13759,30,보호구역,-1
36.47614,127.14036,30,보호구역,-1
36.52938,127.14860,40,보호구역,-1
36.52931,127.14867,40,보호구역,-1
36.34491,126.89861,30,보호구역,-1
36.52438,126.84528,30,보호구역,-1
36.52416,126.84529,30,보호구역,-1
36.78074,127.09898,30,보호구역,-1
36.78078,127.09919,30,보호구역,-1
36.77728,127.09234,30,보호구역,-1
36.77706,127.09194,30,보호구역,-1
36.78292,127.08263,30,보호구역,-1
36.78263,127.08273,30,보호구역,-1
36.78469,127.08469,30,보호구역,-1
36.78475,127.08455,30,보호구역,-1
37.50904,127.01130,30,과속단속,-1
37.49221,127.00772,50,과속단속,316
37.48830,126.90731,40,과속단속,-1
35.17040,126.91272,30,보호구역,-1
35.16126,126.91345,30,보호구역,-1
35.13479,126.92084,30,보호구역,-1
35.14008,126.90068,30,보호구역,-1
35.12911,126.91096,30,보호구역,-1
35.12767,126.90657,30,보호구역,-1
35.14915,126.89124,30,보호구역,-1
35.10815,126.90327,30,보호구역,-1
35.12276,126.90698,30,보호구역,-1
35.13101,126.89625,30,보호구역,-1
35.10368,126.90614,30,보호구역,-1
35.11560,126.90215,30,보호구역,-1
35.12455,126.85670,30,보호구역,-1
35.14813,126.84276,30,보호구역,-1
35.16446,126.86180,30,보호구역,-1
35.15872,126.85820,30,보호구역,-1
35.15145,126.84596,30,보호구역,90
35.14455,126.92156,30,보호구역,-1
35.14419,126.92111,30,보호구역,-1
37.53831,127.00465,60,과속단속,-1
36.68034,127.48045,50,과속단속,-1
36.68360,127.47951,50,과속단속,-1
36.68403,127.47863,50,과속단속,-1
37.15618,128.13159,100,구간단속,131
37.22071,128.09232,100,구간단속,141
36.44196,127.99047,110,구간단속,92
36.38315,128.11206,110,구간단속,313
37.51444,127.12235,60,과속단속,295
34.94440,127.52702,30,보호구역,-1
35.01636,127.37925,30,보호구역,-1
34.96548,127.48354,30,보호구역,-1
34.94788,127.52001,30,보호구역,-1
34.95794,127.53331,30,과속단속,-1
34.97446,127.48934,30,보호구역,-1
34.88979,127.48004,30,보호구역,-1
34.93951,127.52732,30,보호구역,-1
34.95397,127.52885,30,보호구역,-1
34.95647,127.51445,30,보호구역,-1
34.91486,127.50090,30,보호구역,-1
34.94488,127.51807,30,보호구역,-1
35.16669,126.91943,50,과속단속,182
35.15374,126.88699,50,과속단속,-1
35.12373,126.93249,60,과속단속,343
35.12344,126.93218,60,과속단속,164
35.21152,126.84958,30,보호구역,-1
35.21136,126.84579,30,보호구역,-1
35.20680,126.84670,50,과속단속,-1
35.21480,126.83474,30,보호구역,-1
35.21322,126.83633,30,보호구역,-1
35.19474,126.83803,30,보호구역,-1
35.14839,126.77552,30,보호구역,-1
35.16284,126.70071,30,보호구역,-1
35.17491,126.81065,30,보호구역,-1
35.17276,126.80010,30,보호구역,-1
35.17920,126.72313,30,보호구역,-1
35.17044,126.91272,30,보호구역,-1
37.67862,127.93819,30,보호구역,-1
37.09675,129.01651,60,과속단속,121
37.12382,129.04167,30,보호구역,-1
37.14788,128.99201,40,보호구역,-1
37.18093,128.98351,40,보호구역,-1
37.16472,128.99148,30,보호구역,-1
37.55199,129.10532,30,보호구역,-1
37.53368,129.11239,30,보호구역,-1
37.43798,128.02467,60,과속단속,-1
33.43802,126.27992,70,과속단속,221
33.26230,126.42752,60,과속단속,-1
33.47816,126.46828,70,과속단속,61
33.48569,126.54268,50,과속단속,324
35.40751,126.88126,30,보호구역,-1
35.43259,126.80498,30,보호구역,201
35.38409,126.79441,30,보호구역,-1
35.25981,126.66650,30,보호구역,-1
35.23914,126.80065,30,보호구역,-1
35.26217,126.82225,30,보호구역,-1
35.25985,126.86388,30,보호구역,-1
34.94273,127.50152,30,보호구역,-1
34.96503,127.52006,30,보호구역,-1
34.96533,127.52004,30,보호구역,-1
34.94874,127.51298,30,보호구역,-1
34.95043,127.53020,30,보호구역,-1
34.96575,127.48762,30,보호구역,-1
34.95108,127.48273,30,보호구역,-1
38.31287,128.53278,30,보호구역,-1
38.32963,128.52284,30,보호구역,-1
37.76796,128.38756,30,보호구역,-1
37.61976,127.76824,30,보호구역,-1
37.66908,128.01295,30,보호구역,-1
37.62840,127.64798,40,보호구역,-1
37.75564,127.97599,30,보호구역,-1
37.69972,128.22558,30,보호구역,-1
37.68986,127.66562,30,보호구역,-1
37.73804,127.93957,30,보호구역,-1
37.71007,127.91448,30,보호구역,-1
37.69711,127.89246,30,보호구역,-1
37.68300,127.87692,30,보호구역,-1
37.66103,127.83063,30,보호구역,-1
37.69189,127.60071,40,보호구역,-1
37.69200,127.60080,40,보호구역,-1
37.81578,128.08702,30,보호구역,-1
37.71170,128.18761,30,보호구역,-1
37.77070,127.96735,30,보호구역,-1
37.49035,126.79383,50,과속단속,-1
37.51914,126.79808,30,보호구역,-1
37.52616,126.81852,30,보호구역,-1
37.27236,127.19841,100,과속단속,71
37.27600,127.23316,100,과속단속,300
37.20021,126.96607,40,보호구역,-1
37.19988,126.96627,40,보호구역,-1
37.21076,126.95609,30,과속단속,-1
37.26876,126.95604,30,보호구역,-1
37.39263,127.10910,60,과속단속,303
37.33277,127.05525,30,보호구역,-1
37.42755,127.00199,30,보호구역,-1
37.39203,126.92826,30,보호구역,-1
37.44801,127.17008,30,과속단속,-1
37.37070,127.14005,30,보호구역,136
37.38808,127.11141,30,보호구역,-1
37.51725,126.80344,30,보호구역,-1
37.51449,126.77345,30,보호구역,-1
37.50665,126.78533,30,보호구역,-1
38.25629,128.55772,30,보호구역,-1
38.25697,128.55653,30,보호구역,-1
38.27284,128.54962,30,보호구역,-1
38.28907,128.54479,30,보호구역,-1
38.28795,128.54457,30,보호구역,-1
37.24543,126.96841,30,보호구역,-1
37.46571,127.14784,30,보호구역,-1
37.38931,127.09035,50,과속단속,106
37.40960,127.13129,30,보호구역,-1
37.41671,127.12669,30,보호구역,-1
37.41401,127.13901,30,보호구역,-1
37.40313,127.10480,60,과속단속,158
37.33663,127.11355,50,과속단속,-1
37.31956,127.05685,30,보호구역,-1
37.41696,127.12696,30,보호구역,-1
37.43900,126.99453,50,과속단속,341
37.43392,126.99772,30,보호구역,-1
37.43361,126.99770,30,보호구역,-1
37.42305,126.99454,30,보호구역,305
37.38618,126.96912,30,보호구역,-1
37.38684,126.96874,30,보호구역,-1
37.39491,126.98095,50,과속단속,-1
37.39989,126.96136,30,보호구역,-1
37.39058,127.09757,30,보호구역,-1
37.39088,127.09791,30,보호구역,-1
37.40687,127.12353,30,보호구역,-1
37.40552,127.12688,30,보호구역,-1
37.37386,127.14219,30,보호구역,-1
37.40248,127.11667,30,보호구역,-1
37.37064,127.12730,30,보호구역,317
37.50482,126.79339,50,과속단속,78
37.41300,127.13901,30,보호구역,-1
36.98971,127.13240,50,과속단속,158
37.20972,126.96020,30,보호구역,-1
37.28372,126.97528,30,보호구역,-1
37.46110,127.15789,30,과속단속,-1
37.14143,127.08761,30,보호구역,270
37.14424,127.07585,30,보호구역,-1
37.14432,127.07553,30,보호구역,-1
37.14139,127.08966,30,보호구역,87
37.13381,127.08364,30,보호구역,-1
37.13410,127.08322,30,보호구역,-1
37.12961,127.07137,30,보호구역,218
37.10600,126.90768,30,보호구역,-1
37.21315,127.04623,30,보호구역,-1
37.20030,127.03167,30,과속단속,28
36.98641,126.92080,30,보호구역,180
36.99456,127.09430,30,보호구역,-1
36.99993,127.09471,30,보호구역,-1
37.00280,127.10797,30,보호구역,118
37.24254,127.07265,30,보호구역,286
37.30210,127.05142,50,과속단속,10
37.25535,127.03636,30,보호구역,-1
37.26782,126.95676,30,보호구역,-1
37.65097,127.03308,30,보호구역,-1
37.46822,126.80128,30,보호구역,-1
37.47836,126.77839,30,과속단속,-1
37.48214,126.77590,30,보호구역,-1
37.36266,126.96744,30,보호구역,-1
37.39310,126.98688,60,과속단속,-1
37.41057,127.24845,30,보호구역,-1
37.31949,127.44138,30,보호구역,-1
37.21650,127.04142,30,보호구역,-1
37.30203,127.01670,30,보호구역,-1
37.29924,126.96938,30,보호구역,-1
37.30033,126.97933,30,보호구역,-1
37.29822,126.99133,30,보호구역,-1
37.29521,126.99045,30,보호구역,-1
37.29134,126.99047,30,보호구역,-1
37.29368,126.99569,30,보호구역,-1
37.38038,127.23071,30,보호구역,-1
35.51298,127.40118,30,보호구역,-1
35.50473,127.61006,30,보호구역,-1
35.46285,127.60103,30,보호구역,-1
35.41944,127.62686,30,보호구역,-1
35.44016,127.53301,30,보호구역,-1
37.63378,127.04088,30,보호구역,-1
37.64883,127.02534,30,보호구역,160
37.63629,127.04142,30,보호구역,-1
37.65767,127.03005,30,보호구역,-1
37.65945,127.04078,50,보호구역,-1
37.64852,127.02397,30,보호구역,-1
37.64332,127.04044,30,보호구역,-1
37.67082,127.03991,30,보호구역,-1
37.66725,127.03321,30,과속단속,-1
37.64809,127.05265,30,보호구역,-1
37.64620,127.05272,50,과속단속,-1
37.64991,127.03809,30,보호구역,-1
35.22102,128.58707,50,과속단속,-1
35.22090,128.58698,50,과속단속,-1
35.21913,128.60016,60,과속단속,-1
35.21914,128.60015,60,과속단속,-1
35.23884,128.65893,60,과속단속,-1
35.26700,128.61166,70,과속단속,212
35.26553,128.67401,80,과속단속,315
35.22316,128.70026,60,과속단속,-1
35.66683,126.71644,30,보호구역,-1
35.66711,126.71654,30,보호구역,-1
35.66677,126.71687,30,보호구역,-1
35.66431,126.52910,30,보호구역,-1
35.66423,126.52912,30,보호구역,-1
35.66332,126.52922,30,보호구역,-1
35.60938,126.64608,60,과속단속,-1
35.69020,126.64350,60,과속단속,-1
35.70083,126.73446,30,보호구역,-1
35.70095,126.73464,30,보호구역,-1
35.71825,126.80988,30,보호구역,-1
35.71809,126.81027,30,보호구역,-1
35.59235,126.49075,40,과속단속,-1
35.62605,126.51412,60,과속단속,-1
35.75252,126.74385,30,보호구역,-1
35.75237,126.74391,30,보호구역,-1
37.58235,126.90558,30,보호구역,-1
37.24895,127.35710,30,보호구역,-1
37.31949,127.44199,30,보호구역,-1
35.94220,126.92573,70,구간단속,26
35.23338,128.27210,100,구간단속,16
35.27980,128.30762,100,구간단속,263
35.62916,127.81715,80,과속단속,163
35.54271,128.48929,50,과속단속,-1
34.89189,128.62434,50,과속단속,262
34.83879,128.41180,50,과속단속,-1
34.93128,128.06427,50,과속단속,-1
34.93489,128.06970,50,과속단속,231
35.31750,128.28203,70,과속단속,267
35.31701,128.26226,60,과속단속,261
35.40800,128.69324,80,과속단속,-1
35.42183,129.06405,70,과속단속,204
35.29605,128.76606,60,과속단속,256
35.23714,128.85791,50,과속단속,-1
35.23532,128.90059,50,과속단속,-1
35.59034,126.57235,60,과속단속,-1
35.72289,126.67562,50,과속단속,-1
35.70861,126.65462,40,과속단속,-1
35.13024,128.70940,60,과속단속,345
35.65943,126.67744,40,과속단속,-1
35.65936,126.67744,40,과속단속,-1
35.70850,126.67877,40,과속단속,-1
35.69560,126.79523,80,과속단속,219
35.21176,128.57555,60,과속단속,-1
35.95539,126.97471,30,보호구역,-1
35.93998,126.96019,30,보호구역,-1
35.93998,126.96013,30,보호구역,-1
36.02952,127.00712,30,보호구역,-1
36.02943,127.00714,30,보호구역,-1
36.02990,127.00818,30,보호구역,-1
36.03000,127.00827,30,보호구역,-1
36.12080,127.03068,30,보호구역,-1
36.12047,127.03078,30,보호구역,-1
36.11771,126.95335,30,보호구역,-1
36.11780,126.95362,30,보호구역,-1
36.06423,126.87709,30,보호구역,-1
36.06444,126.87748,30,보호구역,-1
36.06001,126.91085,30,보호구역,-1
36.05984,126.91081,30,보호구역,-1
35.99344,127.05592,30,보호구역,-1
35.99317,127.05559,30,보호구역,-1
35.96228,126.99295,30,보호구역,-1
35.96196,126.99301,30,보호구역,-1
35.95972,126.90513,30,보호구역,-1
35.95933,126.90549,30,보호구역,-1
35.95719,126.93901,30,보호구역,-1
35.94534,126.96358,50,과속단속,-1
35.93298,126.95989,50,과속단속,-1
35.93291,126.95995,50,과속단속,-1
35.96286,126.94116,70,구간단속,65
35.27948,126.48725,80,과속단속,176
34.83335,126.37068,80,과속단속,288
34.46396,126.81295,60,과속단속,-1
34.67938,126.72339,60,과속단속,-1
34.59049,126.79245,60,과속단속,-1
34.49930,126.71043,30,보호구역,-1
34.71489,126.81194,30,보호구역,-1
34.71438,126.81193,30,보호구역,-1
34.71354,126.81295,30,보호구역,-1
34.99978,126.70998,30,과속단속,-1
35.07953,126.71701,30,보호구역,-1
35.03461,126.77239,70,과속단속,-1
37.58369,127.02039,30,보호구역,-1
34.49943,126.31749,30,보호구역,-1
34.49935,126.32193,30,보호구역,-1
37.61022,127.04785,30,보호구역,-1
37.60820,127.05968,30,보호구역,-1
37.59789,127.01468,30,보호구역,-1
37.60509,127.01080,50,보호구역,299
37.58608,127.02217,30,보호구역,-1
37.59030,127.00410,30,과속단속,148
37.59480,127.03600,50,보호구역,-1
36.29907,127.33454,30,과속단속,-1
35.95494,126.99394,30,보호구역,-1
35.95554,126.99460,30,보호구역,-1
35.95628,126.99418,30,보호구역,-1
35.95548,126.97474,30,보호구역,-1
36.24535,128.75938,60,과속단속,-1
35.69541,128.71920,80,과속단속,149
35.65244,128.76440,40,과속단속,-1
35.61090,128.66019,30,보호구역,-1
37.54345,127.06020,50,과속단속,291
37.54549,127.02473,30,보호구역,-1
37.56503,127.04180,30,보호구역,-1
37.54787,127.02563,40,과속단속,155
37.56189,127.04939,40,과속단속,342
37.55677,127.01854,30,보호구역,-1
37.51087,126.86094,30,보호구역,-1
37.50995,126.86852,30,보호구역,-1
37.51198,126.87064,50,보호구역,-1
37.51688,126.84462,30,보호구역,-1
37.52660,126.87217,30,보호구역,10
37.51763,126.85410,50,보호구역,-1
37.51205,126.83579,50,보호구역,-1
37.52158,126.83976,30,보호구역,-1
37.52221,126.85053,50,보호구역,-1
37.52174,126.84619,50,보호구역,-1
34.39197,126.90897,60,과속단속,-1
34.37020,126.78069,60,과속단속,-1
35.16573,127.24985,50,과속단속,-1
35.20112,127.51774,60,과속단속,-1
34.80187,127.71822,60,과속단속,-1
35.02210,126.63587,70,과속단속,-1
35.96208,126.97859,30,보호구역,-1
35.96198,126.98014,30,보호구역,-1
35.96194,126.97287,30,보호구역,-1
35.96181,126.97337,30,보호구역,-1
35.94287,126.95468,30,보호구역,-1
35.95285,126.96134,30,보호구역,-1
35.95262,126.96156,30,보호구역,-1
35.95042,126.96989,30,보호구역,-1
35.93503,126.95168,30,보호구역,-1
35.94147,126.95430,30,보호구역,-1
35.95137,126.94122,50,과속단속,-1
35.95115,126.94094,50,과속단속,-1
35.94745,126.93301,30,보호구역,-1
35.94769,126.93264,30,보호구역,-1
35.95532,126.93784,30,보호구역,-1
35.95503,126.93818,30,보호구역,-1
34.71971,126.93250,100,구간단속,212
34.77867,127.03662,100,구간단속,237
34.83493,127.29076,100,구간단속,91
34.81780,127.19321,100,구간단속,48
36.66063,129.11241,40,과속단속,-1
36.66064,129.11226,40,과속단속,-1
36.59424,129.01127,60,과속단속,-1
36.56075,129.11564,60,과속단속,-1
37.27317,127.07095,30,보호구역,-1
37.29221,126.82069,30,보호구역,310
37.62322,126.72461,30,보호구역,-1
37.32879,127.09262,30,보호구역,-1
37.33234,127.09349,30,과속단속,-1
37.32938,127.09224,30,과속단속,-1
37.31516,127.10193,30,보호구역,-1
37.30698,127.11149,30,보호구역,-1
37.30834,127.11110,30,보호구역,-1
37.30336,127.12413,30,보호구역,-1
37.47121,127.31673,30,보호구역,-1
37.45002,126.91636,30,보호구역,-1
37.44759,126.90528,30,보호구역,-1
37.47014,126.90669,30,보호구역,-1
37.47775,126.89609,30,보호구역,-1
37.45787,126.88793,30,보호구역,-1
37.45713,126.88827,30,과속단속,-1
35.97388,126.99826,30,보호구역,-1
35.97378,126.99806,30,보호구역,-1
35.97451,126.99875,30,보호구역,-1
35.95258,126.97155,30,보호구역,-1
35.94442,126.94877,30,보호구역,-1
35.94703,126.93527,30,보호구역,-1
35.94674,126.93583,30,보호구역,-1
35.92781,126.89213,30,보호구역,-1
35.92815,126.89228,30,보호구역,-1
35.85530,128.49967,50,과속단속,-1
35.85898,128.52087,50,과속단속,-1
35.85528,128.55965,50,과속단속,-1
37.32544,127.09062,30,보호구역,234
37.33322,127.09477,30,보호구역,-1
37.31354,127.08373,30,보호구역,-1
37.30921,127.08246,30,보호구역,208
37.37235,127.10629,30,보호구역,-1
37.36354,127.12088,30,보호구역,-1
37.34873,127.11621,30,보호구역,-1
37.34456,127.11600,30,보호구역,-1
37.39351,127.13033,30,보호구역,-1
37.13514,127.11123,30,보호구역,-1
37.19020,127.20446,30,보호구역,-1
37.25107,127.22613,30,보호구역,-1
37.27586,127.16135,30,보호구역,-1
37.23817,127.55817,30,보호구역,-1
37.39361,126.91418,30,보호구역,-1
37.41521,126.90889,30,보호구역,-1
37.38680,126.95439,30,보호구역,-1
37.40628,126.95827,30,과속단속,-1
37.28534,126.99283,30,보호구역,-1
37.20155,126.89588,100,과속단속,246
37.18243,127.34733,30,보호구역,-1
37.25081,127.12915,30,보호구역,-1
37.27741,127.07862,30,보호구역,-1
37.31819,126.80857,50,과속단속,347
37.29334,126.98532,30,보호구역,-1
37.28765,126.98207,30,보호구역,-1
37.30751,127.01085,30,보호구역,-1
37.28036,127.05924,30,보호구역,-1
37.27146,127.05819,50,과속단속,294
37.43097,127.15120,30,보호구역,-1
37.42252,127.10179,60,과속단속,316
37.36846,127.11224,30,보호구역,-1
37.59925,126.72577,30,보호구역,-1
37.60422,126.72618,30,보호구역,-1
37.63661,126.68698,30,보호구역,-1
37.64539,126.67386,30,보호구역,-1
37.65138,126.66439,30,보호구역,-1
37.65237,126.69165,30,보호구역,-1
37.62090,126.72471,30,보호구역,105
37.65306,126.67630,30,보호구역,231
37.64792,126.62485,30,보호구역,-1
37.64468,126.63384,30,보호구역,254
37.65059,126.63362,30,보호구역,-1
37.53931,127.17100,50,과속단속,-1
37.56104,127.19391,50,과속단속,-1
37.52016,127.15953,50,과속단속,-1
37.32792,127.09415,50,보호구역,-1
35.83623,128.51609,60,과속단속,-1
35.83648,128.51565,60,과속단속,-1
35.92949,128.64155,60,과속단속,188
35.92121,128.64348,30,보호구역,-1
35.86294,128.70102,50,과속단속,-1
35.86166,128.69258,30,보호구역,-1
35.88070,128.62816,30,과속단속,-1
35.87220,128.62160,30,보호구역,-1
35.87200,128.71806,50,과속단속,-1
35.87214,128.71072,50,보호구역,-1
35.88179,128.66504,60,과속단속,-1
35.87520,128.62062,50,과속단속,-1
35.86526,128.60308,50,과속단속,-1
35.85799,128.58265,50,과속단속,177
35.94460,128.55363,30,보호구역,-1
35.91261,128.54275,50,보호구역,5
35.92998,128.55767,30,보호구역,-1
35.94754,128.57384,30,보호구역,-1
35.87237,128.49432,30,보호구역,-1
35.85105,128.52368,30,보호구역,-1
35.83159,128.53560,50,과속단속,-1
35.80680,128.54985,30,보호구역,-1
35.83388,128.55068,30,과속단속,-1
35.82272,128.64161,40,과속단속,-1
35.84485,128.70667,40,과속단속,-1
35.89724,128.61982,30,보호구역,-1
35.85625,128.59640,50,과속단속,98
35.87888,128.56312,30,보호구역,-1
35.87288,128.56295,30,과속단속,-1
35.89350,128.63741,30,과속단속,-1
35.89351,128.63753,30,과속단속,-1
35.82766,128.54406,30,보호구역,-1
35.82021,128.53027,40,과속단속,-1
35.80409,128.53548,30,보호구역,-1
35.84130,128.54464,40,과속단속,-1
35.84110,128.61011,50,과속단속,-1
35.81658,128.64522,50,과속단속,-1
35.85339,128.61362,40,보호구역,-1
35.85273,128.61329,40,보호구역,-1
35.83737,128.61203,50,과속단속,5
35.84621,128.62498,60,과속단속,3
35.83448,128.71538,30,보호구역,-1
35.83455,128.71522,30,보호구역,-1
35.83686,128.69809,30,보호구역,-1
35.85041,128.65192,30,보호구역,-1
35.83600,128.70400,40,보호구역,-1
35.83446,128.70429,40,보호구역,-1
35.84518,128.70656,40,과속단속,-1
35.88755,128.58594,30,보호구역,-1
35.89017,128.57656,50,과속단속,-1
35.85038,128.59864,50,과속단속,-1
35.83907,128.56472,50,과속단속,-1
35.83936,128.56424,50,과속단속,-1
35.86002,128.54386,30,과속단속,-1
35.88903,128.55564,30,보호구역,-1
35.87484,128.55108,30,보호구역,-1
35.87407,128.54655,40,과속단속,-1
35.86862,128.54646,40,보호구역,-1
35.87878,128.64088,40,과속단속,-1
35.82982,128.61656,60,과속단속,265
35.83960,128.62378,60,과속단속,147
35.87491,128.60550,50,과속단속,135
35.87870,128.53971,60,과속단속,-1
35.87646,128.66875,60,과속단속,103
35.84855,128.51598,50,과속단속,-1
35.83154,128.48633,60,과속단속,318
35.94775,128.56746,30,보호구역,-1
35.94741,128.56716,30,보호구역,-1
35.94501,128.55116,50,과속단속,-1
35.92098,128.59652,30,과속단속,-1
35.93379,128.55874,30,보호구역,-1
35.87244,128.49441,30,보호구역,-1
35.72749,128.43876,50,과속단속,-1
35.79615,128.62714,60,과속단속,326
35.85888,128.53014,50,과속단속,-1
35.85475,128.55967,50,과속단속,-1
35.84451,128.53242,30,보호구역,-1
35.85538,128.50005,50,과속단속,-1
35.81194,128.50897,40,보호구역,-1
35.81218,128.50870,40,보호구역,-1
35.80665,128.53926,50,과속단속,276
37.49287,126.82491,50,보호구역,-1
37.49994,126.88488,30,보호구역,-1
35.82431,128.53538,30,보호구역,-1
35.82761,128.52394,30,보호구역,-1
35.81691,128.51815,30,보호구역,-1
35.83142,128.53102,30,보호구역,-1
35.96611,127.01213,40,보호구역,-1
35.96605,127.01219,40,보호구역,-1
35.92386,127.63579,70,과속단속,65
35.76382,127.35240,60,과속단속,-1
36.00903,127.02787,40,과속단속,-1
36.00868,127.02815,40,과속단속,-1
37.71917,126.71190,30,보호구역,-1
37.97694,127.24692,70,과속단속,130
37.99368,127.24679,70,과속단속,-1
37.83830,127.20016,70,과속단속,-1
37.89408,127.20951,50,과속단속,-1
37.87284,127.22394,30,과속단속,-1
37.86932,127.19091,30,과속단속,-1
37.86156,127.17193,70,과속단속,27
37.87886,127.18510,70,과속단속,212
37.94873,127.23746,70,과속단속,31
37.87045,127.24462,30,과속단속,-1
37.84808,127.18641,30,과속단속,-1
35.93458,128.59331,60,과속단속,144
35.93426,128.59362,60,과속단속,138
35.95979,128.55969,60,과속단속,84
35.95988,128.55948,60,과속단속,88
35.95562,128.56766,60,과속단속,296
35.94609,128.54497,50,과속단속,-1
35.76124,128.65112,60,과속단속,173
35.81666,128.50480,60,과속단속,130
35.83057,128.70325,60,과속단속,-1
35.83259,128.69322,60,과속단속,-1
36.44406,129.03195,30,보호구역,-1
36.07194,128.34272,40,과속단속,-1
36.07193,128.34261,40,과속단속,-1
36.05462,128.31667,70,과속단속,287
36.05416,128.40972,30,보호구역,-1
35.67195,128.74530,110,구간단속,175
36.58049,128.19295,60,과속단속,356
36.50623,128.26210,60,과속단속,-1
36.44081,128.15649,60,과속단속,19
37.71144,127.32245,30,과속단속,-1
37.58825,127.21952,30,과속단속,-1
37.71160,127.32244,30,과속단속,-1
37.58701,127.21427,30,과속단속,-1
37.60137,127.15646,30,과속단속,-1
37.60080,127.15669,30,과속단속,-1
37.60812,127.16577,30,과속단속,-1
37.60836,127.16568,30,과속단속,-1
37.62018,127.14894,30,과속단속,-1
37.60020,127.17171,30,과속단속,274
37.60001,127.17224,30,과속단속,94
37.58974,127.17084,60,과속단속,25
37.66380,127.30503,30,과속단속,-1
37.64429,127.36129,30,과속단속,-1
37.73373,127.29449,30,과속단속,-1
37.63621,127.21298,30,과속단속,-1
35.95584,126.98595,30,보호구역,-1
35.95577,126.98596,30,보호구역,-1
37.43212,126.91486,50,과속단속,161
37.43213,126.91489,50,과속단속,161
37.23969,127.03663,60,과속단속,14
34.92853,128.12169,30,보호구역,-1
34.92860,128.12089,30,보호구역,-1
35.05539,128.37196,30,보호구역,-1
34.97149,128.36316,30,보호구역,-1
34.95707,128.34248,30,보호구역,-1
34.72413,127.98596,30,보호구역,-1
34.83992,128.41619,30,보호구역,-1
34.83993,128.41621,30,보호구역,-1
34.87723,128.41728,30,보호구역,-1
34.82699,128.40053,30,보호구역,-1
34.82690,128.40067,30,보호구역,-1
36.02059,128.97436,30,보호구역,-1
35.86929,128.90501,40,보호구역,-1
35.98084,128.95137,30,보호구역,-1
35.74419,128.33888,80,과속단속,58
35.78825,128.72836,80,과속단속,72
35.89377,129.52439,40,과속단속,-1
36.07645,128.39741,30,보호구역,-1
36.07227,128.42930,30,보호구역,-1
36.00602,128.59265,30,보호구역,-1
36.28594,128.11523,30,보호구역,-1
36.28584,128.11562,30,보호구역,-1
36.58412,128.22309,60,과속단속,-1
36.65215,128.22313,60,과속단속,-1
36.44412,129.03190,30,보호구역,-1
37.49230,126.41058,70,구간단속,-1
37.47076,126.37249,70,구간단속,234
37.39141,127.06807,30,보호구역,88
37.38861,127.22909,30,보호구역,-1
37.33156,127.10961,30,보호구역,-1
37.33158,127.11584,30,보호구역,-1
37.31015,127.08709,30,보호구역,-1
37.29543,127.04894,60,과속단속,278
37.37370,127.13247,30,보호구역,-1
37.48540,126.75162,30,보호구역,-1
37.49916,126.75180,30,보호구역,-1
37.50173,126.74377,50,과속단속,-1
37.49046,126.74802,30,보호구역,-1
37.49416,126.75150,30,보호구역,-1
37.49493,126.75362,30,보호구역,-1
37.15574,127.34107,30,보호구역,-1
37.11806,127.37778,30,보호구역,-1
37.13720,127.39945,30,과속단속,307
37.18656,127.36710,60,과속단속,-1
37.33309,127.11050,30,보호구역,-1
37.18881,126.84923,100,과속단속,83
37.37368,126.93295,30,보호구역,-1
37.33226,127.15990,50,과속단속,226
37.25066,127.12936,30,보호구역,-1
37.25744,127.14076,30,보호구역,-1
37.25372,127.12044,30,보호구역,-1
37.61069,126.64383,50,과속단속,-1
37.48480,126.74641,50,과속단속,-1
37.50658,126.73680,50,과속단속,-1
37.46981,126.69625,50,과속단속,-1
37.48658,126.70747,50,과속단속,-1
37.50411,126.70311,50,과속단속,-1
37.45107,126.69000,50,과속단속,315
37.45170,126.67701,50,과속단속,275
37.46829,126.66500,50,과속단속,-1
37.41923,126.70823,60,과속단속,-1
37.45240,126.71914,50,과속단속,-1
37.45880,126.71964,50,과속단속,-1
37.46019,126.72548,50,과속단속,-1
37.45983,126.72582,50,과속단속,-1
37.44271,126.70646,50,과속단속,162
37.44156,126.74229,80,과속단속,36
37.52523,126.70537,50,과속단속,-1
37.53041,126.74287,60,과속단속,88
37.65401,126.49278,50,과속단속,-1
37.44331,126.74312,80,과속단속,201
37.69188,126.51913,60,과속단속,-1
37.38608,126.69104,80,구간단속,113
37.39758,126.65932,80,구간단속,137
37.51588,126.73543,30,과속단속,-1
37.48718,126.70543,30,과속단속,-1
37.48586,126.73725,30,과속단속,-1
37.47941,126.70381,30,과속단속,-1
37.50440,126.72787,30,과속단속,-1
37.47067,126.70657,30,과속단속,-1
37.48559,126.72936,30,과속단속,5
37.47867,126.74826,30,과속단속,-1
37.45384,126.62760,60,과속단속,26
37.49066,126.49430,40,과속단속,300
37.40558,126.62712,50,과속단속,235
37.35253,126.66587,60,과속단속,-1
37.49622,126.68350,50,과속단속,-1
37.58119,126.64740,60,과속단속,-1
37.05653,126.96920,50,과속단속,-1
37.05757,126.97248,50,과속단속,-1
37.40995,127.13037,30,보호구역,-1
36.27085,127.58685,60,구간단속,90
36.51207,127.72761,80,과속단속,1
36.23867,127.86652,30,보호구역,-1
36.97550,127.47287,70,과속단속,-1
37.00677,127.93113,70,과속단속,167
37.02135,127.85135,70,과속단속,281
36.72931,127.40542,60,과속단속,250
36.66617,127.37263,30,보호구역,-1
37.63308,126.41846,30,과속단속,-1
37.72399,126.48114,50,과속단속,47
37.68161,126.48701,30,과속단속,-1
37.74261,126.49269,50,과속단속,-1
37.74422,126.38768,50,과속단속,-1
37.78779,126.36229,50,과속단속,-1
37.67254,126.40530,60,과속단속,-1
37.64926,126.46520,50,과속단속,-1
37.66500,126.42018,50,과속단속,-1
37.66526,126.42012,50,과속단속,-1
37.71212,126.48436,50,과속단속,-1
37.76014,126.49052,30,과속단속,-1
37.74485,126.50515,30,과속단속,-1
37.57926,127.04260,50,보호구역,67
37.58055,127.04546,50,보호구역,229
37.76675,128.91179,30,보호구역,-1
37.76766,128.91384,30,보호구역,-1
37.87521,127.73037,30,보호구역,-1
37.87510,127.72970,30,보호구역,-1
37.06401,126.96477,50,과속단속,-1
36.27988,127.47021,30,보호구역,-1
36.27926,127.46871,30,보호구역,-1
36.35565,127.42915,30,보호구역,-1
36.35554,127.42916,30,보호구역,-1
36.32849,127.40441,50,과속단속,251
36.33364,127.39869,50,과속단속,152
36.35573,127.40637,50,과속단속,136
36.35138,127.37803,50,과속단속,114
36.84929,128.63773,60,과속단속,-1
36.79834,128.62223,80,과속단속,286
36.52412,129.04217,60,과속단속,-1
36.48477,129.02684,60,과속단속,-1
36.48372,129.02651,60,과속단속,-1
34.41184,126.27261,60,과속단속,-1
34.42552,126.28039,50,과속단속,-1
34.41733,126.80889,60,과속단속,-1
36.82775,127.52935,80,과속단속,207
37.13100,128.13082,60,과속단속,282
36.75593,127.54975,80,과속단속,6
36.56210,127.53239,80,과속단속,-1
36.63041,127.50265,50,과속단속,-1
36.86151,127.42983,60,과속단속,16
37.11836,128.22923,60,과속단속,214
36.67496,127.49750,70,과속단속,112
36.63210,127.43141,50,과속단속,218
36.67169,127.37095,60,과속단속,-1
35.58326,127.39718,30,보호구역,-1
35.58331,127.39724,30,보호구역,-1
35.58594,127.39498,30,보호구역,-1
35.58601,127.39492,30,보호구역,-1
35.56706,127.55671,30,보호구역,-1
35.56704,127.55662,30,보호구역,-1
35.53386,127.54543,30,보호구역,-1
35.73054,127.58769,30,보호구역,-1
35.70234,127.57781,30,보호구역,-1
35.78744,127.61478,30,보호구역,-1
35.62542,127.50624,30,보호구역,-1
35.65391,127.52020,30,보호구역,-1
35.65389,127.52036,30,보호구역,-1
35.64905,127.52089,30,보호구역,-1
35.64872,127.52091,30,보호구역,-1
36.33997,127.44639,50,과속단속,-1
36.33298,127.45302,30,보호구역,-1
36.32618,127.46609,50,과속단속,-1
36.35563,127.43288,50,과속단속,4
36.34137,127.49244,30,보호구역,-1
36.34389,127.42417,30,보호구역,-1
36.34388,127.42424,30,보호구역,-1
36.34728,127.44024,30,과속단속,-1
36.34607,127.45486,30,과속단속,-1
36.34608,127.45481,30,과속단속,-1
36.32651,127.44264,30,과속단속,-1
36.31082,127.45937,30,보호구역,-1
35.36859,128.60443,30,보호구역,-1
35.23980,128.69964,50,과속단속,-1
37.58008,126.90280,30,과속단속,-1
37.63220,126.93145,50,보호구역,-1
35.39066,127.18666,60,과속단속,-1
35.57128,127.36543,60,과속단속,-1
35.92083,127.10422,60,과속단속,70
35.80745,126.91334,50,과속단속,-1
35.83928,127.10870,50,과속단속,41
35.85435,127.20927,80,과속단속,-1
35.98058,126.67616,50,과속단속,250
35.83880,126.49209,80,과속단속,218
35.94900,126.59450,80,과속단속,268
35.87003,127.11169,60,과속단속,273
35.85659,127.06666,50,과속단속,162
35.53846,126.73570,80,과속단속,-1
35.51091,126.67194,80,과속단속,30
35.95348,126.95926,50,과속단속,-1
35.81378,127.09460,50,과속단속,289
35.84254,127.13934,60,과속단속,31
35.86288,127.08576,60,과속단속,119
35.86915,127.07183,60,과속단속,302
35.84737,127.11769,60,과속단속,125
35.73274,127.58740,30,보호구역,-1
35.73262,127.58725,30,보호구역,-1
35.65065,127.51687,30,보호구역,-1
35.65063,127.51699,30,보호구역,-1
35.27233,129.09404,30,보호구역,-1
35.25157,129.08784,30,보호구역,-1
35.22856,129.07998,30,보호구역,-1
35.23343,129.08989,30,보호구역,-1
35.21482,129.08337,50,과속단속,-1
35.20480,129.10635,30,과속단속,-1
35.20757,129.09750,30,보호구역,-1
35.20242,129.11038,30,보호구역,-1
35.19837,129.05618,30,보호구역,-1
35.19778,129.06898,30,보호구역,-1
35.20726,129.06278,30,보호구역,-1
35.20746,129.06293,30,보호구역,-1
35.19395,129.09957,30,보호구역,-1
35.19796,129.05732,30,보호구역,-1
35.19594,129.06962,50,보호구역,-1
35.19791,129.05336,30,보호구역,-1
35.19658,129.05384,30,보호구역,-1
35.19180,129.10622,30,보호구역,-1
35.19246,129.10772,50,보호구역,-1
35.20269,129.06037,30,보호구역,-1
35.20175,129.06543,50,보호구역,-1
35.20737,129.08395,30,보호구역,-1
35.20525,129.08625,30,보호구역,119
35.27666,128.63565,80,과속단속,107
35.27917,128.62084,50,과속단속,277
35.36861,128.60448,30,보호구역,-1
37.21403,127.08907,80,구간단속,10
36.59713,127.39971,30,보호구역,-1
36.63574,127.43315,30,보호구역,-1
36.64030,127.42705,30,보호구역,-1
35.19374,129.07917,50,과속단속,201
35.19710,129.07344,50,보호구역,-1
35.19356,129.07369,50,보호구역,-1
35.17918,129.08223,30,보호구역,-1
35.17959,129.08196,30,보호구역,-1
35.17194,129.09287,30,보호구역,-1
35.18456,129.10929,40,보호구역,-1
35.18785,129.10968,50,보호구역,87
35.19228,129.06457,50,보호구역,-1
35.18590,129.09457,50,보호구역,-1
35.18575,129.08736,30,보호구역,-1
35.18564,129.08722,30,보호구역,-1
35.18287,129.08727,30,보호구역,-1
35.19130,129.09478,30,보호구역,-1
35.23320,129.09150,50,과속단속,185
35.22588,129.08568,50,보호구역,-1
35.22277,129.09269,30,보호구역,-1
35.25776,129.09355,30,보호구역,-1
35.24204,129.08650,30,보호구역,-1
35.24155,129.08649,30,보호구역,-1
35.27229,129.09421,30,보호구역,-1
37.41035,127.11863,80,과속단속,353
37.38547,127.13799,60,과속단속,-1
37.35405,127.10454,80,과속단속,348
37.50514,126.74838,50,과속단속,8
37.51982,126.77535,50,과속단속,-1
37.54744,127.19219,50,과속단속,-1
37.52113,127.18509,50,과속단속,100
37.33323,126.98199,60,과속단속,326
37.33321,126.98195,60,과속단속,326
37.37786,126.98496,50,과속단속,-1
37.50244,127.60683,70,과속단속,255
37.44294,126.82726,50,과속단속,-1
37.61031,126.73799,70,과속단속,116
37.47901,127.36696,60,과속단속,-1
36.79919,127.55580,30,보호구역,-1
36.79949,127.55564,30,보호구역,-1
36.80810,127.79379,50,과속단속,-1
36.66655,127.49893,30,보호구역,-1
36.73993,127.45736,30,보호구역,-1
36.62644,127.49551,30,보호구역,-1
36.62321,127.51532,30,보호구역,-1
36.62317,127.51500,30,보호구역,-1
36.63666,127.65879,30,보호구역,-1
36.63327,127.51144,30,보호구역,-1
36.60734,127.50848,30,보호구역,-1
36.61173,127.49469,30,보호구역,-1
37.25777,127.09404,80,구간단속,357
37.11224,127.42927,80,과속단속,149
37.01226,127.26046,50,과속단속,-1
37.01193,127.26033,50,과속단속,134
37.70242,126.56893,70,과속단속,310
37.65167,126.69087,60,과속단속,300
37.62319,126.71469,60,과속단속,333
37.41989,127.27962,50,과속단속,-1
37.32830,127.39043,70,과속단속,85
37.45248,127.00146,50,과속단속,234
37.44848,126.99464,60,과속단속,337
37.44814,126.99446,60,과속단속,152
37.11414,126.93685,60,과속단속,-1
37.09773,126.90394,70,과속단속,311
37.03578,126.85051,70,과속단속,-1
37.03642,126.85038,70,과속단속,-1
37.27130,127.09036,50,과속단속,104
37.29069,126.87658,60,과속단속,67
37.32732,126.79112,60,과속단속,337
37.32723,126.79105,60,과속단속,302
37.33544,126.77404,60,과속단속,105
37.42584,126.91385,50,과속단속,-1
37.27964,126.99304,50,과속단속,-1
37.31704,126.98836,50,과속단속,357
37.29036,127.06237,50,과속단속,-1
37.43428,127.13289,60,과속단속,76
37.45255,127.17341,50,과속단속,141
37.34973,126.97331,60,과속단속,335
37.35791,126.96655,60,과속단속,-1
36.61887,127.47181,30,보호구역,-1
36.61860,127.52123,30,보호구역,-1
36.61106,127.46457,30,보호구역,-1
36.59639,127.44169,30,보호구역,-1
37.29866,127.59682,70,과속단속,-1
37.29885,127.55664,70,과속단속,-1
37.27529,127.63787,60,과속단속,172
37.22644,127.56150,70,과속단속,-1
36.55683,128.16444,60,과속단속,-1
36.56879,128.07744,60,과속단속,-1
36.37440,127.95219,60,과속단속,-1
36.06424,128.34343,30,보호구역,-1
36.04989,128.42383,40,과속단속,-1
36.10469,128.51274,80,과속단속,314
36.10413,128.49048,30,보호구역,-1
36.04563,128.52091,30,보호구역,-1
36.07440,128.41213,30,보호구역,-1
36.07422,128.41214,30,보호구역,-1
36.28842,128.03310,60,과속단속,-1
37.49145,127.51461,60,과속단속,112
37.52540,127.37136,70,과속단속,156
37.51780,127.65946,80,과속단속,238
37.04032,127.12948,30,보호구역,-1
37.44525,127.16824,30,보호구역,-1
37.44622,127.10414,60,과속단속,-1
37.43971,127.14444,60,과속단속,235
37.42222,127.10184,60,과속단속,91
37.43333,127.12669,60,과속단속,257
37.43596,127.11986,50,과속단속,-1
37.37555,127.12166,50,과속단속,322
37.34256,127.10442,50,과속단속,-1
37.48418,126.76833,50,과속단속,-1
37.49173,126.75484,50,과속단속,-1
37.47502,126.79545,50,과속단속,-1
37.52428,126.80497,50,과속단속,-1
37.52391,126.80475,50,과속단속,-1
37.51488,126.75508,50,과속단속,-1
37.48542,126.81479,50,과속단속,-1
37.37060,126.94021,50,과속단속,-1
37.34282,126.93881,50,과속단속,209
37.35680,126.94727,50,과속단속,27
37.35537,126.94513,50,과속단속,-1
37.45364,126.84473,60,과속단속,-1
37.42538,126.84538,60,과속단속,-1
37.54672,127.19270,50,과속단속,86
37.52521,127.19816,50,과속단속,-1
37.56758,127.19071,50,과속단속,-1
37.16703,127.57595,70,과속단속,-1
37.29414,127.44345,50,과속단속,-1
37.24483,127.49489,60,과속단속,121
37.28199,127.43226,60,과속단속,150
37.28196,126.84098,60,과속단속,92
37.34069,126.86455,60,과속단속,6
37.28182,126.85494,60,과속단속,272
37.31108,126.81035,50,과속단속,18
37.30173,126.76438,50,과속단속,-1
37.35315,126.74152,50,과속단속,-1
37.39602,126.74242,60,과속단속,-1
37.44113,126.78332,60,과속단속,117
37.34596,126.94466,50,과속단속,-1
37.45090,126.88932,50,과속단속,-1
37.44882,126.88160,50,과속단속,-1
37.14893,127.06876,50,과속단속,92
37.41156,126.89196,50,과속단속,-1
37.39572,126.91498,50,과속단속,-1
37.36491,126.95889,60,과속단속,330
37.38962,126.96211,50,과속단속,-1
37.39640,126.97606,60,과속단속,200
37.39146,126.97437,60,과속단속,19
37.39899,126.93876,60,과속단속,-1
37.26858,127.02748,50,과속단속,18
37.28759,127.02406,50,과속단속,-1
37.27046,127.00035,50,보호구역,219
37.27633,127.06688,50,과속단속,13
37.28120,127.06987,50,과속단속,242
37.29673,127.04090,50,과속단속,-1
37.25927,126.99854,50,과속단속,37
37.23388,126.98358,60,과속단속,177
37.24675,126.96650,30,보호구역,71
36.83790,126.46170,30,과속단속,-1
36.97070,126.41190,70,과속단속,179
36.75444,126.49616,70,과속단속,102
36.86330,126.43330,70,과속단속,-1
36.86320,126.43320,70,과속단속,163
35.15130,129.03001,30,과속단속,-1
35.06198,128.81284,60,과속단속,-1
35.06213,128.81291,60,과속단속,-1
35.10365,128.97329,50,보호구역,-1
35.15219,128.99620,50,과속단속,-1
35.14458,129.09770,30,보호구역,-1
35.14103,129.10666,50,과속단속,219
35.14189,129.10339,50,과속단속,324
37.15986,127.10410,60,과속단속,-1
37.21174,127.04375,50,과속단속,-1
36.96185,126.85450,70,과속단속,327
36.98906,126.86312,60,과속단속,16
36.98217,126.88098,70,과속단속,41
37.07822,127.06365,50,과속단속,337
37.06538,127.06374,50,과속단속,187
37.28191,127.18437,60,과속단속,93
37.32378,127.09675,50,과속단속,-1
37.29339,127.12112,50,과속단속,-1
37.28870,127.15627,60,과속단속,-1
37.18937,127.06321,50,과속단속,80
37.15596,127.07276,60,과속단속,337
37.14873,127.07355,60,과속단속,181
37.17810,127.05740,60,과속단속,128
35.23648,128.85212,30,보호구역,-1
35.70136,127.85437,30,보호구역,-1
35.70145,127.85444,30,보호구역,-1
35.68228,127.91555,30,보호구역,-1
35.68887,127.92023,30,보호구역,-1
37.73906,127.04775,50,과속단속,-1
37.90386,126.96253,60,과속단속,-1
37.73655,126.82487,60,과속단속,-1
37.67479,126.84955,50,과속단속,-1
37.68400,126.80423,50,과속단속,-1
37.69101,126.76277,50,과속단속,-1
37.67079,126.74556,60,과속단속,-1
37.89261,127.05677,50,과속단속,-1
37.90045,127.20064,40,과속단속,-1
37.66783,127.30211,50,과속단속,-1
37.59443,127.15061,60,과속단속,-1
38.08651,127.07962,70,과속단속,203
37.72456,127.40855,70,과속단속,44
37.62896,126.78589,80,과속단속,282
37.64172,127.15474,70,과속단속,223
37.79657,127.48020,60,과속단속,54
38.00773,127.07553,50,과속단속,-1
36.82210,126.44720,30,과속단속,-1
36.82190,126.44730,30,과속단속,-1
36.69840,126.39200,30,과속단속,170
36.77530,126.45190,40,과속단속,-1
35.24271,128.86074,30,보호구역,-1
35.30797,128.93027,30,보호구역,-1
35.25259,128.87174,40,보호구역,-1
35.18541,128.79514,30,보호구역,-1
35.23092,128.91782,40,보호구역,-1
35.32363,128.79940,30,보호구역,-1
35.32363,128.79950,30,보호구역,-1
35.36246,128.83830,30,보호구역,-1
35.36070,128.84095,30,보호구역,-1
35.30232,128.80907,30,보호구역,-1
35.30231,128.80906,30,보호구역,-1
35.35446,128.90143,30,보호구역,-1
35.35448,128.90146,30,보호구역,-1
35.30409,128.82847,30,보호구역,-1
35.30412,128.82836,30,보호구역,-1
35.24853,128.90877,30,보호구역,-1
35.24852,128.90868,30,보호구역,-1
35.23425,128.88732,50,과속단속,-1
35.23597,128.94959,30,보호구역,-1
35.23585,128.94950,30,보호구역,-1
35.24222,128.98090,30,보호구역,-1
35.24225,128.98101,30,보호구역,-1
35.24405,128.90023,30,보호구역,-1
35.27312,128.98238,30,보호구역,-1
35.18921,128.86657,30,보호구역,-1
35.18918,128.86665,30,보호구역,-1
35.29139,128.70839,30,보호구역,-1
35.23908,128.87382,40,보호구역,-1
37.48568,126.72714,30,과속단속,-1
37.38310,126.63373,30,과속단속,-1
37.39676,126.64612,30,과속단속,-1
37.47395,126.63615,30,과속단속,139
37.47419,126.63618,30,과속단속,326
37.50661,127.00418,30,과속단속,-1
37.62593,127.09187,30,보호구역,-1
37.64946,127.06395,30,보호구역,-1
37.63078,127.07392,30,보호구역,-1
37.62422,127.08196,30,보호구역,-1
37.62046,127.06291,30,보호구역,-1
35.30989,128.72740,30,보호구역,-1
35.20532,128.81104,30,보호구역,-1
35.31164,128.73035,40,보호구역,-1
35.23415,128.87045,40,보호구역,-1
35.17282,128.80842,30,보호구역,-1
35.16372,128.82856,30,보호구역,-1
35.24227,128.86718,40,보호구역,-1
35.25381,128.90749,30,보호구역,-1
35.24328,128.91057,40,보호구역,-1
35.17945,128.79139,40,보호구역,-1
35.20033,128.80864,30,보호구역,-1
35.19832,128.80243,40,보호구역,-1
35.16836,128.82717,40,보호구역,-1
35.30405,128.72628,30,보호구역,-1
35.30244,128.73860,30,보호구역,-1
35.19855,128.79506,30,보호구역,-1
35.19850,128.79461,30,보호구역,-1
35.88628,128.63653,40,보호구역,-1
35.94302,128.64651,60,과속단속,190
35.59129,127.12587,50,과속단속,-1
35.66229,127.15605,30,보호구역,-1
35.57185,127.20359,30,보호구역,-1
35.65855,127.27013,30,보호구역,-1
35.65672,127.22744,30,보호구역,-1
35.62918,127.33074,30,보호구역,-1
35.49548,127.14931,30,보호구역,-1
35.67516,127.27105,30,보호구역,-1
35.67512,127.27090,30,보호구역,-1
35.53081,127.16559,30,보호구역,-1
35.60819,127.27304,30,보호구역,-1
35.62900,127.29133,30,보호구역,-1
35.46163,127.44465,40,과속단속,-1
35.47258,127.40600,40,과속단속,-1
35.48722,127.40225,40,과속단속,-1
35.35480,127.33651,30,보호구역,-1
35.35482,127.33639,30,보호구역,-1
37.51649,126.72189,50,과속단속,-1
37.48740,126.70743,50,과속단속,-1
37.48957,126.73401,30,과속단속,-1
37.48970,126.73405,30,과속단속,-1
37.50072,126.73980,30,과속단속,-1
37.51064,126.70387,50,과속단속,-1
37.50668,126.70619,30,과속단속,-1
37.52112,126.70005,30,과속단속,-1
37.23137,127.11054,30,보호구역,-1
37.40506,126.90129,30,보호구역,-1
37.40055,126.86911,50,과속단속,-1
37.24828,127.07418,30,보호구역,-1
37.26475,127.08452,30,보호구역,-1
37.26475,127.07774,30,보호구역,-1
37.27044,127.05052,30,보호구역,-1
37.25183,127.03817,30,보호구역,-1
37.25105,127.02493,30,보호구역,-1
37.25081,126.98051,30,보호구역,252
37.59962,126.66534,30,과속단속,-1
37.51372,126.74191,50,과속단속,-1
37.50991,126.73641,30,과속단속,-1
35.23993,128.90410,50,과속단속,-1
35.56784,128.16716,50,과속단속,-1
35.56789,128.16713,50,과속단속,-1
35.17336,128.09282,30,보호구역,-1
35.17438,128.06681,30,보호구역,-1
35.16594,128.04913,30,보호구역,-1
37.33144,127.11635,30,보호구역,-1
37.29393,127.15037,30,보호구역,-1
37.31842,127.11545,30,보호구역,-1
37.35981,126.91851,30,보호구역,-1
37.41345,127.24116,70,과속단속,218
37.13513,127.06902,30,보호구역,-1
37.13881,127.07206,30,보호구역,-1
37.28866,126.81794,30,보호구역,-1
37.00846,127.07753,50,과속단속,125
37.00759,127.07929,60,과속단속,306
37.39274,126.98660,50,과속단속,86
37.09469,127.14390,60,과속단속,-1
37.27954,127.15665,30,보호구역,-1
37.26237,127.16073,30,보호구역,-1
37.27199,127.08212,30,보호구역,-1
37.25125,127.10895,30,보호구역,-1
37.28541,127.15394,30,보호구역,-1
37.27161,127.12109,30,보호구역,-1
37.24379,127.10630,30,보호구역,-1
37.24057,127.11593,30,보호구역,-1
36.96194,127.94359,30,보호구역,-1
36.99137,127.92951,30,보호구역,-1
36.97718,127.78817,30,보호구역,-1
37.04239,127.92181,30,보호구역,-1
36.90322,127.96755,30,보호구역,-1
36.87891,127.97324,30,보호구역,-1
36.97706,127.92391,30,보호구역,-1
37.30358,126.81811,30,보호구역,-1
37.37479,127.22887,30,보호구역,-1
37.37498,127.22734,30,보호구역,-1
37.37516,127.22702,30,보호구역,-1
37.37470,127.23006,30,보호구역,-1
37.37233,127.22977,50,과속단속,-1
37.31054,127.08333,50,과속단속,-1
37.26984,127.15459,50,보호구역,-1
37.30934,127.09900,30,보호구역,-1
37.27856,126.98235,30,보호구역,-1
37.25304,127.35654,30,보호구역,-1
37.39624,126.98546,30,보호구역,-1
37.39197,126.99824,30,보호구역,-1
37.31846,126.95777,50,과속단속,360
37.38680,126.97546,30,보호구역,-1
34.86280,128.42511,30,보호구역,-1
34.82510,128.43379,40,보호구역,-1
34.90043,128.40692,30,보호구역,-1
35.27015,128.86050,60,과속단속,4
35.27082,128.86061,60,과속단속,-1
36.98492,127.91869,30,보호구역,-1
36.98695,127.93712,50,보호구역,-1
36.98835,127.93928,50,보호구역,-1
36.97606,127.92623,50,보호구역,42
36.98800,127.93404,30,보호구역,-1
36.99344,127.93088,50,보호구역,-1
36.98243,127.94380,50,보호구역,-1
36.98270,127.94336,50,보호구역,-1
36.98455,127.92401,30,보호구역,-1
36.96668,127.94051,30,보호구역,-1
37.00659,127.91955,30,보호구역,-1
37.05076,127.71604,30,보호구역,-1
37.07599,127.85433,30,보호구역,-1
37.08644,127.91694,30,보호구역,-1
37.02790,127.96500,30,보호구역,-1
36.94704,127.90156,50,보호구역,-1
36.96981,127.95182,50,보호구역,-1
36.96204,127.88062,60,보호구역,102
36.98683,127.82797,30,보호구역,-1
36.98732,127.82753,30,보호구역,-1
37.01679,127.83050,30,보호구역,-1
37.01537,127.82526,50,보호구역,132
37.01593,127.82501,50,보호구역,313
36.97724,127.93331,30,보호구역,-1
36.95456,127.92836,30,보호구역,-1
37.10689,127.75740,30,보호구역,-1
36.99631,127.73632,30,보호구역,-1
37.54999,126.94627,30,보호구역,-1
37.54697,126.94388,50,과속단속,119
37.57135,126.90446,30,보호구역,-1
37.57950,126.88162,30,보호구역,-1
37.55696,126.90297,50,과속단속,-1
37.56203,126.91914,30,보호구역,-1
37.56756,126.90462,30,보호구역,-1
37.55478,126.92595,30,보호구역,360
37.54760,126.92551,50,과속단속,-1
37.55374,126.91000,30,보호구역,-1
37.54418,126.94643,50,보호구역,-1
37.55564,126.95582,30,보호구역,-1
37.54351,126.93793,30,보호구역,-1
37.20134,127.32110,30,보호구역,-1
37.20233,127.24503,30,보호구역,125
37.23284,127.18464,30,보호구역,-1
37.23642,127.28458,30,보호구역,-1
37.26142,127.26761,30,보호구역,-1
37.33457,127.24993,30,보호구역,-1
37.23600,127.21581,30,보호구역,-1
37.15764,127.17368,30,보호구역,207
37.23480,127.19177,30,보호구역,-1
37.23754,127.20525,30,보호구역,-1
37.28929,127.11590,30,보호구역,-1
37.30495,126.81143,30,보호구역,-1
36.98727,127.93676,50,보호구역,-1
36.96147,127.93782,30,보호구역,-1
35.55589,129.33664,50,과속단속,248
35.25936,128.63815,30,과속단속,56
35.25943,128.63831,30,과속단속,56
35.23834,128.69543,30,과속단속,-1
35.23840,128.69546,30,과속단속,-1
35.67867,127.92298,50,과속단속,-1
35.71323,127.99899,30,과속단속,-1
34.94114,128.08662,40,과속단속,-1
34.83817,128.41278,30,과속단속,-1
34.84231,128.39561,30,과속단속,-1
34.85105,128.42734,40,과속단속,-1
34.85110,128.42741,40,과속단속,-1
34.96946,128.33790,80,과속단속,259
34.95677,128.34116,70,과속단속,143
35.05323,128.34867,50,과속단속,-1
35.05325,128.34863,50,과속단속,-1
34.91445,128.35878,70,과속단속,183
34.85738,128.44062,70,과속단속,252
34.88696,128.41586,60,과속단속,-1
34.87504,128.41718,30,보호구역,-1
34.89421,128.45910,30,보호구역,-1
34.86882,128.44438,30,보호구역,-1
34.82411,128.40044,40,보호구역,-1
34.82393,128.40018,40,보호구역,-1
34.94786,128.41180,40,보호구역,-1
37.54916,126.93178,50,보호구역,194
37.54942,126.93213,50,보호구역,15
35.55225,129.30023,50,과속단속,-1
35.51573,129.35577,60,과속단속,269
35.52678,129.27532,70,과속단속,281
35.56107,129.13271,30,보호구역,-1
35.56113,129.13258,30,보호구역,-1
35.57384,129.24283,50,과속단속,-1
35.64739,129.35151,30,과속단속,-1
35.64730,129.35177,30,과속단속,-1
35.64368,129.35910,30,보호구역,-1
35.64487,129.35028,30,보호구역,-1
35.64490,129.35026,30,보호구역,-1
35.53548,129.38905,50,과속단속,-1
35.49831,129.42369,30,과속단속,-1
35.49835,129.42367,30,과속단속,-1
35.48748,129.42100,50,과속단속,-1
35.48794,129.42238,50,과속단속,-1
35.53402,129.29634,50,과속단속,-1
35.53186,129.31523,50,과속단속,85
35.53237,129.31526,50,과속단속,-1
35.52955,129.32778,30,과속단속,-1
35.54807,129.31537,30,과속단속,-1
35.54802,129.31541,30,과속단속,-1
35.54517,129.34225,30,보호구역,-1
35.55054,129.34744,60,과속단속,-1
35.55090,129.34513,60,과속단속,-1
35.55940,129.30024,30,과속단속,-1
35.55860,129.30158,30,과속단속,-1
35.55577,129.33694,50,과속단속,60
35.82172,127.11816,30,보호구역,-1
35.85697,127.15043,30,보호구역,-1
35.82869,127.10209,30,보호구역,-1
35.82876,127.10209,30,보호구역,-1
35.79028,127.11454,30,보호구역,-1
35.79034,127.11454,30,보호구역,-1
35.80800,127.13313,30,보호구역,-1
35.80797,127.13359,30,보호구역,-1
35.87606,127.06133,30,보호구역,-1
35.87606,127.06147,30,보호구역,-1
35.83312,127.09603,30,보호구역,212
35.83225,127.11054,30,보호구역,-1
35.79497,127.11103,30,보호구역,-1
35.79355,127.11230,30,보호구역,-1
35.78375,127.13348,30,보호구역,-1
35.78463,127.13377,30,보호구역,-1
35.72140,127.52645,40,과속단속,-1
35.50905,127.53352,40,과속단속,-1
35.61710,127.49912,60,과속단속,-1
35.73977,127.52718,60,과속단속,145
35.26668,128.75046,100,과속단속,135
37.55473,127.14874,50,보호구역,-1
35.58752,129.41423,70,구간단속,-1
35.57796,129.37843,70,구간단속,-1
35.57089,129.36103,60,과속단속,357
35.55187,129.29954,50,과속단속,-1
36.20702,127.26701,30,보호구역,-1
36.14436,127.16875,30,보호구역,-1
36.12936,127.10196,30,보호구역,-1
36.15117,127.07145,30,보호구역,-1
36.15109,127.07162,30,보호구역,-1
36.16975,127.06823,30,보호구역,-1
36.21298,127.06035,30,보호구역,-1
36.24280,127.08094,30,보호구역,-1
36.29357,127.14189,30,보호구역,-1
36.21261,127.13559,30,보호구역,-1
36.21233,127.16140,30,보호구역,-1
36.21215,127.19601,30,보호구역,-1
36.21734,127.21823,30,보호구역,-1
36.35297,126.95573,30,보호구역,-1
36.49038,126.78953,60,과속단속,-1
36.84530,127.04316,60,과속단속,268
35.82331,127.13893,30,보호구역,-1
35.84032,127.16561,30,보호구역,-1
35.83957,127.16565,30,보호구역,-1
35.82483,127.13196,30,보호구역,149
35.82520,127.13191,30,보호구역,328
35.85727,127.15010,30,보호구역,-1
35.82758,127.17454,30,보호구역,-1
35.82766,127.17453,30,보호구역,-1
35.82769,127.17462,30,보호구역,-1
35.84605,127.07394,30,보호구역,-1
35.84648,127.07339,30,보호구역,-1
35.82124,127.13926,30,보호구역,166
36.38978,127.34860,30,보호구역,-1
36.43793,127.38150,50,과속단속,-1
36.43810,127.38113,50,과속단속,-1
36.44013,127.38353,30,보호구역,-1
36.30500,127.31752,30,보호구역,-1
36.42167,127.38693,30,과속단속,-1
36.38574,127.37356,50,보호구역,262
36.38549,127.37408,50,보호구역,78
36.38456,127.37461,30,보호구역,-1
36.38082,128.44391,30,보호구역,-1
36.57438,128.68493,50,과속단속,273
36.74741,128.05418,110,구간단속,267
36.72599,128.09332,110,구간단속,326
35.83289,128.32939,100,구간단속,338
35.77880,128.36298,100,구간단속,331
36.26277,128.68034,30,보호구역,-1
36.74358,128.54277,80,과속단속,26
36.44560,129.03249,60,과속단속,-1
36.68782,128.12647,70,과속단속,339
36.09639,128.35347,50,과속단속,-1
35.92029,129.24518,70,과속단속,13
35.76878,129.20187,80,과속단속,166
36.82239,128.60527,50,과속단속,-1
36.42120,128.67327,60,과속단속,341
36.41564,128.14259,60,과속단속,-1
35.90737,128.34183,70,과속단속,301
36.07237,128.39453,60,과속단속,-1
35.88249,128.89275,60,과속단속,-1
36.39348,127.31125,30,보호구역,-1
36.39948,127.40639,30,보호구역,-1
36.38934,127.29934,30,보호구역,-1
36.36464,127.31343,30,보호구역,-1
36.36668,127.31301,50,과속단속,68
36.38786,127.33223,30,보호구역,-1
36.38936,127.33120,30,보호구역,-1
36.43694,127.38636,30,과속단속,-1
36.29557,127.36110,30,과속단속,-1
36.37974,127.30222,30,보호구역,180
36.37575,127.32266,30,보호구역,-1
36.37624,127.32262,30,보호구역,-1
36.42486,127.38449,50,과속단속,21
36.42475,127.38404,50,과속단속,200
36.42251,127.38536,30,보호구역,292
36.38737,127.31317,30,보호구역,-1
36.38762,127.31268,30,보호구역,-1
36.39011,127.31207,30,보호구역,-1
36.38849,127.31025,30,보호구역,-1
36.34165,127.34461,30,보호구역,94
36.34196,127.34401,30,보호구역,276
36.34296,127.34412,30,보호구역,-1
36.42099,127.38950,30,보호구역,110
36.35835,127.30185,30,보호구역,-1
36.37922,127.39163,30,보호구역,-1
36.37924,127.39185,30,보호구역,-1
36.37731,127.39339,30,보호구역,-1
36.36950,127.32156,30,보호구역,-1
37.80300,128.90271,30,보호구역,-1
37.61155,129.03447,40,보호구역,-1
37.79491,127.71223,60,과속단속,-1
37.79530,127.71249,60,과속단속,-1
37.84332,127.71256,30,보호구역,-1
37.87750,127.75839,30,보호구역,-1
37.87682,127.74218,30,보호구역,-1
37.85048,127.76605,30,보호구역,-1
37.91087,127.75223,40,보호구역,177
37.93021,127.78815,30,보호구역,-1
37.93322,127.78496,30,보호구역,-1
36.34139,127.30293,30,보호구역,-1
36.34163,127.30287,30,보호구역,-1
36.34288,127.30388,30,보호구역,-1
36.35140,127.29803,50,보호구역,39
36.37005,127.33624,30,보호구역,-1
36.37003,127.33612,30,보호구역,-1
36.38758,127.32190,30,보호구역,205
36.33420,127.31259,30,보호구역,-1
36.38114,127.31761,30,보호구역,-1
36.35344,127.32010,30,보호구역,-1
36.39784,127.40678,30,보호구역,-1
36.39793,127.40679,30,보호구역,-1
36.39806,127.40503,30,보호구역,360
36.35974,127.33432,30,보호구역,228
36.34021,127.34465,30,보호구역,-1
36.41946,127.39408,30,보호구역,114
35.00159,126.13715,30,보호구역,-1
35.05615,126.25592,50,과속단속,-1
34.80172,126.83619,30,보호구역,-1
34.65075,126.97331,30,보호구역,-1
34.47861,126.96832,30,보호구역,-1
34.72244,126.90285,30,보호구역,-1
34.68235,126.90735,30,보호구역,-1
34.67630,126.90577,50,과속단속,183
38.23366,128.56966,40,보호구역,-1
37.18940,128.47340,30,보호구역,-1
37.18953,128.47349,30,보호구역,-1
37.32782,127.94001,30,보호구역,-1
37.26110,128.18787,30,보호구역,-1
37.34597,127.94228,30,보호구역,-1
37.29719,127.93807,30,보호구역,-1
37.33275,127.99205,30,보호구역,-1
37.35919,127.93542,30,보호구역,-1
37.39982,127.95293,50,보호구역,15
37.39950,127.95266,50,보호구역,195
37.41776,128.00130,50,보호구역,-1
37.41809,128.00165,50,보호구역,-1
37.41156,127.92543,30,보호구역,-1
37.42523,127.89397,30,보호구역,-1
37.20703,127.74980,30,보호구역,-1
37.29241,127.79167,30,보호구역,-1
37.16887,127.88467,40,보호구역,-1
37.44628,127.92864,30,보호구역,-1
37.72579,128.96507,30,보호구역,-1
35.92850,126.64030,30,보호구역,-1
35.91411,126.75202,30,보호구역,-1
35.94932,126.81887,30,보호구역,-1
35.94683,126.82038,30,보호구역,-1
35.97912,126.74234,30,보호구역,-1
35.97902,126.74238,30,보호구역,-1
35.97895,126.74486,30,보호구역,-1
35.98003,126.74160,30,보호구역,-1
35.97880,126.74134,30,보호구역,-1
35.98029,126.74159,30,보호구역,-1
35.94993,126.71366,30,보호구역,-1
35.94993,126.71376,30,보호구역,-1
36.78034,127.01684,30,보호구역,-1
36.78034,127.01687,30,보호구역,-1
36.77898,127.01609,30,보호구역,-1
36.77892,127.01598,30,보호구역,-1
36.00747,126.69969,50,과속단속,-1
36.00816,126.69307,50,과속단속,-1
36.10573,126.72363,30,보호구역,-1
36.01805,126.70489,50,보호구역,-1
36.01822,126.70471,50,보호구역,-1
36.04520,126.70664,60,과속단속,-1
36.10220,126.70944,60,과속단속,-1
36.15460,126.68255,30,보호구역,-1
36.15432,126.68471,30,보호구역,-1
36.08436,126.81609,50,과속단속,-1
34.83929,126.11117,30,과속단속,-1
35.08709,126.17291,50,과속단속,-1
35.95832,126.67484,30,보호구역,-1
35.96064,126.69945,30,보호구역,-1
35.96050,126.69914,30,보호구역,-1
35.95754,126.67309,30,보호구역,-1
35.96361,126.68300,30,보호구역,-1
35.96300,126.68033,30,보호구역,-1
35.96702,126.70848,30,보호구역,-1
35.96702,126.70721,30,보호구역,-1
35.96063,126.71158,30,보호구역,-1
35.95776,126.70730,30,보호구역,-1
35.95690,126.70699,30,보호구역,-1
35.95353,126.70946,30,보호구역,-1
35.95354,126.70939,30,보호구역,-1
35.94712,126.71863,30,보호구역,-1
35.93973,126.74820,30,보호구역,-1
35.94100,126.74875,30,보호구역,-1
35.94240,126.74912,30,보호구역,-1
35.94154,126.74945,30,보호구역,-1
35.96688,126.56098,30,보호구역,-1
35.96663,126.56083,30,보호구역,-1
35.98260,126.71621,30,보호구역,-1
35.98268,126.71615,30,보호구역,-1
35.97408,126.70432,30,보호구역,-1
35.97408,126.70421,30,보호구역,-1
35.96702,126.71991,30,보호구역,-1
35.96691,126.71976,30,보호구역,-1
37.75435,126.76860,30,보호구역,-1
37.71414,126.75134,30,보호구역,-1
37.83147,126.83485,30,보호구역,-1
37.73133,126.72074,30,보호구역,-1
36.48736,127.22136,110,구간단속,278
36.40399,127.30176,110,구간단속,310
36.50908,126.58679,110,구간단속,185
36.61543,126.55404,110,구간단속,173
36.71985,127.13249,110,구간단속,71
36.64270,127.11146,110,구간단속,335
37.75024,126.79858,70,과속단속,227
37.73477,126.75794,50,과속단속,-1
37.85205,126.87289,30,과속단속,-1
37.86398,126.79820,30,보호구역,-1
37.87891,126.80445,60,과속단속,-1
37.82458,126.84790,70,과속단속,201
35.96236,126.77048,30,보호구역,-1
35.96235,126.77056,30,보호구역,-1
35.96519,126.70427,30,보호구역,-1
35.96623,126.70473,30,보호구역,-1
35.96491,126.68325,30,보호구역,-1
35.96365,126.68314,30,보호구역,-1
35.95708,126.67426,30,보호구역,-1
35.95716,126.67427,30,보호구역,-1
35.95743,126.67486,30,보호구역,-1
35.95743,126.67493,30,보호구역,-1
37.46237,126.69633,30,과속단속,-1
37.46201,126.69647,30,과속단속,-1
37.45524,126.71457,30,과속단속,-1
37.46569,126.69578,50,과속단속,-1
37.46580,126.69550,50,과속단속,-1
37.46054,126.71169,30,과속단속,-1
37.45770,126.72940,50,과속단속,-1
37.45989,126.73465,30,과속단속,-1
37.46036,126.73356,30,과속단속,-1
37.45720,126.70885,50,과속단속,-1
37.63935,126.49059,30,과속단속,-1
36.35070,128.70950,40,보호구역,-1
37.65975,127.17321,30,과속단속,-1
37.65965,127.17333,30,과속단속,-1
37.65491,127.18302,30,과속단속,-1
37.65300,127.18315,30,과속단속,-1
37.70283,127.16341,30,과속단속,-1
37.70133,127.16265,30,과속단속,-1
37.69445,127.21318,30,과속단속,-1
37.68221,127.21189,30,과속단속,-1
37.69882,127.19447,50,과속단속,-1
37.65762,127.17820,30,과속단속,-1
37.73084,127.19501,30,과속단속,-1
37.86648,126.78514,50,과속단속,-1
37.70948,126.71654,30,보호구역,-1
37.72047,126.71413,30,보호구역,-1
37.33498,128.37420,60,과속단속,311
37.65067,127.89098,80,과속단속,351
37.42422,129.18939,50,과속단속,98
37.26452,129.06216,60,과속단속,31
38.10160,128.63112,70,과속단속,-1
37.20472,128.95155,60,구간단속,127
37.20702,128.90553,60,구간단속,99
37.49041,129.10198,50,과속단속,-1
37.25103,127.83564,30,보호구역,-1
37.33589,127.92968,60,과속단속,308
37.71920,128.81216,60,과속단속,-1
37.75228,128.91340,50,과속단속,-1
37.86077,127.72888,60,과속단속,-1
37.40232,126.71651,50,과속단속,-1
37.39434,126.72490,50,과속단속,-1
37.39454,126.72552,50,과속단속,-1
37.39214,126.72834,30,과속단속,-1
37.39247,126.72812,30,과속단속,-1
37.39638,126.72978,30,과속단속,-1
37.40382,126.72022,30,과속단속,-1
37.45222,126.62943,30,과속단속,-1
37.47002,126.62614,30,과속단속,-1
37.47024,126.62536,30,과속단속,-1
37.46533,126.63574,30,과속단속,-1
37.45169,126.67992,50,과속단속,-1
37.46821,126.68211,30,과속단속,-1
37.46786,126.68189,30,과속단속,-1
37.44518,126.68213,30,과속단속,-1
36.88494,128.81557,30,보호구역,-1
37.00814,128.83272,30,보호구역,-1
37.00814,128.83227,30,보호구역,-1
36.93832,129.00281,30,보호구역,-1
36.82954,128.75419,30,보호구역,-1
36.56186,128.71671,40,보호구역,-1
36.27532,128.89557,30,보호구역,-1
36.27524,128.89560,30,보호구역,-1
36.74103,128.77460,30,보호구역,-1
36.74961,128.83256,30,보호구역,-1
36.71874,128.92496,30,보호구역,-1
35.75124,128.38457,80,과속단속,81
35.75099,128.38099,80,과속단속,258
36.35463,128.68741,50,과속단속,67
36.35466,128.68709,50,과속단속,248
35.98538,128.39521,30,보호구역,-1
35.98700,128.55380,30,보호구역,-1
36.02043,128.38369,30,보호구역,-1
36.59517,127.81461,30,보호구역,-1
38.24814,127.20582,30,보호구역,-1
38.11626,127.29241,70,과속단속,19
38.23356,128.56946,40,보호구역,-1
38.46825,128.42265,80,과속단속,183
36.51170,127.25010,50,과속단속,-1
36.65360,127.26670,30,보호구역,-1
36.60490,127.28810,30,보호구역,-1
36.50183,127.36012,50,과속단속,-1
36.50182,127.36003,50,과속단속,245
36.49665,127.34054,60,과속단속,296
36.49670,127.34018,60,과속단속,116
36.73012,127.16801,70,과속단속,-1
36.73051,127.16722,70,과속단속,-1
34.85968,128.62720,60,구간단속,-1
34.84128,128.61262,60,구간단속,222
34.84121,128.61262,60,구간단속,43
35.21957,128.69812,30,보호구역,-1
34.90856,128.16308,60,과속단속,-1
34.98772,128.15845,30,보호구역,-1
35.07708,128.21114,30,보호구역,-1
35.07324,128.21237,50,과속단속,-1
36.15414,128.42529,40,과속단속,-1
36.15527,128.41609,40,과속단속,-1
35.94387,128.21103,50,과속단속,-1
36.43647,129.05488,30,보호구역,-1
36.81156,128.74839,60,과속단속,-1
36.87935,128.68696,30,보호구역,-1
35.21510,128.56637,30,보호구역,-1
35.21354,128.56766,30,보호구역,-1
35.21382,128.56767,30,보호구역,-1
35.24267,128.66274,30,보호구역,-1
35.24249,128.66214,30,보호구역,-1
35.23245,128.67623,30,보호구역,-1
37.48787,127.07348,30,보호구역,-1
37.48591,127.06736,50,과속단속,-1
37.48760,127.10164,60,과속단속,-1
37.50911,127.00312,30,보호구역,-1
36.49830,127.31140,30,보호구역,-1
36.52980,127.36580,30,과속단속,-1
36.52980,127.36590,30,과속단속,-1
36.48000,127.25920,30,보호구역,-1
37.59116,127.03034,30,보호구역,-1
36.48100,127.28980,40,과속단속,62
36.48090,127.28970,40,과속단속,62
36.65570,127.26870,30,과속단속,-1
36.49640,127.23730,40,과속단속,-1
36.48420,127.30120,30,보호구역,-1
36.48270,127.30080,30,보호구역,-1
36.49350,127.32150,30,과속단속,107
36.49010,127.24710,30,과속단속,69
36.52400,127.26890,50,과속단속,-1
36.51110,127.26380,30,보호구역,-1
36.51320,127.26300,30,보호구역,-1
36.51160,127.25010,40,과속단속,-1
36.78148,127.23508,50,과속단속,-1
36.78205,127.23488,50,과속단속,-1
36.76599,127.30262,30,보호구역,-1
36.17135,127.09478,30,보호구역,-1
36.21048,127.08968,30,보호구역,-1
36.21039,127.08934,30,보호구역,-1
36.21605,127.05578,30,보호구역,-1
36.21594,127.05598,30,보호구역,-1
34.74565,126.37806,30,보호구역,-1
34.76049,126.39724,30,보호구역,-1
34.75615,126.46049,30,보호구역,-1
34.74362,126.45913,30,보호구역,-1
34.74732,126.46766,30,보호구역,-1
34.74803,126.46814,30,보호구역,-1
34.74610,126.47037,30,보호구역,-1
34.72757,126.53336,30,보호구역,-1
34.69941,126.57506,30,보호구역,-1
34.71954,126.59764,30,보호구역,-1
34.75516,126.58248,30,보호구역,-1
34.83610,126.63631,30,보호구역,-1
34.79638,126.68934,30,보호구역,-1
34.86077,126.75302,30,보호구역,-1
35.56090,128.32340,60,과속단속,-1
35.49639,128.15476,80,과속단속,43
35.19659,128.11353,30,보호구역,-1
35.15229,128.11119,30,보호구역,-1
35.19652,128.56190,30,보호구역,-1
35.20258,128.56798,40,보호구역,-1
36.76584,127.28772,50,과속단속,-1
36.81836,127.13549,50,과속단속,193
36.96172,127.12541,60,과속단속,136
36.82307,127.11215,60,과속단속,16
36.80722,127.13258,50,과속단속,190
36.82718,127.12197,30,보호구역,-1
36.82716,127.12199,30,보호구역,-1
36.84849,127.15294,30,보호구역,-1
36.80705,127.11046,30,보호구역,-1
36.83668,127.14188,30,보호구역,-1
36.83123,127.12954,30,보호구역,-1
36.85468,127.11953,30,보호구역,-1
36.83676,127.14200,30,보호구역,-1
36.79163,127.12375,30,보호구역,-1
36.80267,127.11878,30,보호구역,-1
36.81834,127.10688,30,보호구역,-1
36.80125,127.12372,30,보호구역,-1
36.77083,127.13212,30,보호구역,-1
36.77111,127.13194,30,보호구역,-1
36.78810,127.13545,30,보호구역,-1
36.78844,127.12668,30,보호구역,-1
36.81254,127.15286,30,보호구역,-1
36.81259,127.15296,30,보호구역,-1
36.80137,127.14031,30,보호구역,-1
36.78664,127.23522,30,보호구역,-1
36.78008,127.15462,30,보호구역,-1
36.88730,126.91875,70,구간단속,227
36.90030,126.99096,70,구간단속,293
36.90442,127.00159,70,구간단속,47
36.88780,126.91979,70,구간단속,60
36.77548,126.40063,80,구간단속,-1
36.76370,126.34606,80,구간단속,23
36.76586,126.34687,80,구간단속,200
36.77608,126.39906,80,구간단속,290
36.87761,126.44000,70,과속단속,23
36.19043,126.71786,70,과속단속,-1
36.29800,126.93690,70,과속단속,186
36.27777,126.93581,50,과속단속,155
36.34497,126.59963,50,과속단속,71
36.39670,126.68973,70,과속단속,224
36.35838,126.54167,60,과속단속,-1
36.79233,126.79034,60,과속단속,-1
36.90034,126.63304,60,과속단속,59
36.99966,126.56783,60,과속단속,-1
36.26518,127.37778,80,과속단속,170
36.22412,127.37655,80,과속단속,5
36.62024,127.09797,30,보호구역,-1
36.58739,126.68924,70,과속단속,282
36.52293,126.62279,60,과속단속,-1
36.62363,126.35600,70,과속단속,-1
36.77660,126.15889,70,과속단속,-1
36.75678,126.27627,70,과속단속,120
36.49044,126.78951,60,과속단속,-1
36.42716,127.00528,70,과속단속,-1
36.77052,127.26857,50,과속단속,-1
34.86793,128.69262,70,구간단속,118
34.86684,128.64380,70,구간단속,72
34.89083,128.61808,50,과속단속,137
34.87465,128.57841,70,과속단속,29
34.91450,128.53837,70,과속단속,92
34.89007,128.59563,70,과속단속,300
35.14633,128.55817,40,보호구역,336
35.17588,128.55847,30,보호구역,-1
35.11700,128.48952,50,보호구역,235
35.17764,128.56454,30,보호구역,-1
35.15948,128.57637,30,보호구역,-1
35.17195,128.55757,30,보호구역,-1
35.17200,128.55744,30,보호구역,-1
35.20107,128.56267,30,보호구역,-1
35.20117,128.56267,30,보호구역,-1
35.38864,128.54063,60,과속단속,-1
35.38862,128.54065,60,과속단속,-1
35.69970,128.01985,30,보호구역,-1
35.69968,128.01994,30,보호구역,-1
36.09362,126.67364,70,과속단속,-1
36.00680,126.70906,60,과속단속,-1
36.17481,127.05880,70,과속단속,25
36.72544,126.68828,70,과속단속,-1
36.73062,126.69392,70,과속단속,-1
36.76449,126.94967,80,구간단속,317
36.74418,127.01398,80,구간단속,223
36.87954,126.80129,70,구간단속,271
36.88073,126.85805,70,구간단속,287
34.89843,128.70333,60,과속단속,-1
34.86675,128.64355,70,구간단속,69
34.86980,128.68795,70,구간단속,287
34.86968,128.68876,70,구간단속,281
37.08575,126.90599,30,보호구역,-1
37.16811,126.87871,50,과속단속,-1
37.21775,126.94925,30,보호구역,-1
37.24878,126.92779,30,보호구역,-1
37.18800,126.76075,30,보호구역,-1
37.33172,127.09338,30,보호구역,-1
37.42443,126.99482,30,보호구역,-1
37.37964,127.13139,30,보호구역,304
37.51190,126.80741,30,보호구역,-1
37.50629,126.76131,30,보호구역,-1
37.49561,126.78285,20,보호구역,9
37.49008,126.77008,30,보호구역,-1
36.32923,127.41756,30,보호구역,-1
36.33378,127.40792,30,보호구역,-1
36.33987,127.41175,30,보호구역,135
36.32360,127.42562,50,과속단속,-1
36.32347,127.42593,50,과속단속,-1
35.18640,128.11710,50,과속단속,-1
35.19768,128.16644,60,과속단속,-1
35.21088,128.13957,60,과속단속,-1
34.86745,128.64953,50,과속단속,11
37.52937,126.80304,30,보호구역,-1
37.52595,126.81883,30,보호구역,-1
37.49693,126.75759,30,보호구역,-1
37.49518,126.75369,30,보호구역,-1
37.49418,126.75109,30,보호구역,-1
37.40658,127.14217,50,과속단속,-1
37.17303,127.06550,30,보호구역,-1
37.18313,127.04125,30,보호구역,-1
37.18321,127.04073,30,보호구역,-1
37.17473,127.04476,30,보호구역,-1
37.17439,127.04470,30,보호구역,-1
37.17662,127.04394,30,보호구역,-1
37.17654,127.04455,30,보호구역,-1
37.17771,127.05223,30,보호구역,-1
37.17790,127.05225,30,보호구역,-1
37.17006,127.05650,30,보호구역,268
37.11809,127.07448,30,보호구역,-1
37.05867,127.06123,30,보호구역,-1
36.99600,127.09082,30,보호구역,194
37.04024,126.91302,30,보호구역,-1
37.20950,126.95981,30,보호구역,-1
37.27695,127.09836,60,과속단속,7
37.27075,127.13405,30,보호구역,-1
37.40330,126.88355,50,과속단속,-1
37.29237,126.95748,70,과속단속,100
37.25664,127.02772,30,보호구역,-1
37.47085,127.14446,30,보호구역,-1
37.40443,127.11644,30,보호구역,-1
37.36191,126.93170,50,과속단속,-1
37.29149,127.12947,50,과속단속,-1
37.13125,126.91261,30,보호구역,-1
37.13037,126.90265,30,보호구역,-1
37.27851,126.82329,30,보호구역,-1
37.38792,126.97853,30,보호구역,-1
37.48236,126.79586,50,과속단속,-1
37.47329,126.80884,30,보호구역,-1
37.33307,127.09507,30,보호구역,-1
37.32519,127.09041,50,보호구역,234
37.29493,127.11534,30,보호구역,-1
37.33289,127.11165,30,보호구역,-1
37.32820,127.06848,50,보호구역,-1
37.33540,127.08917,30,보호구역,-1
37.36563,126.93142,30,보호구역,-1
37.36697,126.93287,30,보호구역,-1
37.43196,126.99485,50,과속단속,-1
37.42784,126.99128,50,과속단속,-1
37.37231,127.00277,50,과속단속,24
37.38836,127.00046,60,과속단속,102
37.40732,127.12370,30,보호구역,-1
37.46824,126.79919,30,보호구역,-1
37.50103,126.74941,30,보호구역,-1
37.47967,126.81567,30,보호구역,-1
37.27780,127.11123,30,보호구역,-1
37.40875,126.91325,50,과속단속,-1
37.40714,126.90058,50,과속단속,-1
37.37516,126.95403,30,보호구역,-1
37.38645,126.96409,30,보호구역,-1
37.39000,126.96425,30,보호구역,-1
37.39078,126.97560,30,보호구역,-1
37.40662,126.96939,30,보호구역,-1
37.40661,126.96973,30,보호구역,-1
37.30538,126.86358,30,보호구역,2
37.30992,126.84770,30,보호구역,184
37.33243,126.84593,30,보호구역,-1
37.33660,126.85559,30,보호구역,34
37.33314,126.85052,30,보호구역,33
37.30145,126.87289,50,과속단속,273
37.26678,127.05971,30,보호구역,-1
37.27201,127.04492,50,과속단속,-1
37.24114,127.06506,30,보호구역,-1
37.25940,126.99825,50,과속단속,220
37.28280,126.97861,50,과속단속,-1
37.25422,127.02517,30,보호구역,-1
37.25163,127.03847,30,보호구역,-1
37.23390,127.02483,30,보호구역,-1
37.46964,127.15018,30,보호구역,-1
37.46976,127.15181,30,보호구역,-1
37.47044,127.14645,30,보호구역,-1
37.19698,127.03284,30,보호구역,-1
37.35484,126.92599,30,보호구역,-1
37.35868,126.94022,30,보호구역,-1
37.46013,127.03257,50,과속단속,274
37.46013,127.03262,50,과속단속,274
37.13071,126.92720,30,보호구역,-1
37.12621,126.91762,30,보호구역,-1
37.12595,126.92311,30,보호구역,-1
37.11569,126.90530,30,보호구역,-1
37.11868,126.94251,30,보호구역,-1
37.21554,126.96925,30,보호구역,-1
37.22286,126.94796,30,보호구역,-1
37.21894,126.95490,30,보호구역,-1
37.21903,126.95461,30,보호구역,-1
37.20299,127.02997,30,보호구역,336
37.20283,127.02987,30,보호구역,155
37.20141,127.05483,30,보호구역,-1
37.48474,127.15869,30,보호구역,-1
37.48487,127.15922,30,보호구역,-1
36.94623,126.91291,70,과속단속,158
37.00909,127.08778,30,보호구역,202
36.98803,127.08095,30,보호구역,-1
37.28916,127.11883,30,보호구역,-1
37.28295,127.10792,30,보호구역,-1
37.23681,127.06824,30,보호구역,-1
37.27527,127.12810,30,보호구역,-1
37.39789,126.94622,30,보호구역,-1
37.36386,126.87776,30,보호구역,-1
37.32325,126.84716,30,보호구역,-1
37.32809,126.86054,30,보호구역,-1
37.29437,126.86948,30,보호구역,-1
37.31187,126.86761,30,보호구역,50
37.30474,126.90061,30,보호구역,-1
37.33667,126.82894,30,보호구역,-1
37.33575,126.78823,30,보호구역,-1
37.37188,127.11234,30,보호구역,-1
37.36504,126.92110,30,보호구역,-1
37.32965,127.06964,30,보호구역,-1
37.09825,126.89817,30,보호구역,-1
37.21288,127.04620,30,보호구역,-1
37.50644,127.15790,30,보호구역,-1
37.50673,127.15764,30,보호구역,-1
37.33303,127.10691,30,보호구역,-1
37.32779,127.11772,30,보호구역,-1
37.33314,127.11186,30,보호구역,-1
37.30279,127.07536,30,보호구역,-1
37.29927,127.07291,30,보호구역,-1
37.29948,127.07241,30,보호구역,-1
37.33617,127.09494,30,보호구역,-1
37.16928,127.02685,30,보호구역,-1
37.16893,127.02696,30,보호구역,-1
37.19672,127.03277,30,보호구역,-1
35.17628,129.16498,70,구간단속,193
35.17643,129.16521,70,구간단속,14
35.17285,129.14776,70,구간단속,100
35.24887,129.10171,80,구간단속,270
35.23739,129.11280,80,구간단속,316
35.17775,129.11280,80,구간단속,25
35.14894,129.09610,80,구간단속,34
35.14835,129.09537,80,구간단속,216
35.18521,129.11526,80,구간단속,180
35.13999,129.08067,80,과속단속,246
35.13735,129.07440,60,과속단속,68
36.76914,127.51135,80,과속단속,60
36.89469,127.48717,60,과속단속,0
36.83968,127.44258,50,과속단속,-1
36.70310,127.72621,50,과속단속,-1
36.70269,127.73231,50,과속단속,-1
36.70765,127.73097,50,보호구역,-1
36.95732,126.85839,70,과속단속,328
36.95918,127.05932,30,보호구역,-1
37.02335,126.91943,30,보호구역,222
37.02356,126.91979,30,보호구역,45
37.00099,127.13192,30,보호구역,-1
37.00203,127.08188,30,보호구역,-1
37.20396,127.66136,30,보호구역,-1
35.56078,128.25474,50,과속단속,-1
35.82955,128.72379,50,과속단속,-1
35.87233,128.78068,60,과속단속,-1
36.42543,128.76078,30,보호구역,-1
35.95775,128.94102,50,과속단속,-1
35.82511,128.76597,60,과속단속,-1
35.80619,128.75438,60,과속단속,-1
36.42799,128.15596,30,보호구역,-1
36.31672,127.96126,30,보호구역,-1
36.34220,127.96161,30,보호구역,-1
36.44606,127.95357,30,보호구역,-1
36.23743,128.81267,30,보호구역,-1
36.39330,128.80710,30,보호구역,-1
35.91842,127.97027,30,보호구역,-1
36.12346,128.02159,30,보호구역,34
35.93372,128.94507,70,과속단속,165
36.42649,128.27071,40,과속단속,-1
36.36400,128.10056,30,보호구역,-1
36.40761,128.02172,40,보호구역,-1
36.45714,128.26902,60,과속단속,-1
36.48500,128.04329,60,과속단속,-1
35.87488,128.81599,60,과속단속,258
35.91630,128.80916,50,과속단속,-1
36.35644,128.42603,50,과속단속,-1
35.98478,128.38283,30,보호구역,-1
36.53090,127.92079,50,과속단속,-1
35.17300,129.14755,70,구간단속,275
35.40405,127.34413,30,보호구역,-1
35.38166,127.32759,30,보호구역,-1
35.33871,127.37260,30,보호구역,-1
35.35734,127.30071,30,보호구역,-1
35.35728,127.30069,30,보호구역,-1
35.40926,127.37942,30,보호구역,-1
35.39467,127.37719,30,보호구역,-1
35.41739,127.37945,30,보호구역,-1
35.41431,127.39522,30,보호구역,-1
35.41419,127.39501,30,보호구역,-1
35.42265,127.40319,30,보호구역,-1
35.42277,127.40305,30,보호구역,-1
35.94245,126.82583,60,과속단속,282
35.94223,126.82607,60,과속단속,58
35.55742,126.62770,30,보호구역,-1
35.47763,126.73750,30,보호구역,-1
35.32797,126.56342,30,보호구역,-1
35.37734,126.51246,30,보호구역,-1
37.72217,127.04392,30,과속단속,-1
37.74812,127.08116,30,과속단속,-1
37.74178,127.09390,30,과속단속,-1
37.76237,127.11318,50,과속단속,-1
34.80627,126.48571,30,보호구역,-1
34.80552,126.48915,60,과속단속,-1
37.65929,126.90068,50,과속단속,-1
35.99707,127.13778,30,보호구역,-1
35.99885,127.13771,30,보호구역,-1
35.97429,127.21380,30,보호구역,-1
35.97421,127.21347,30,보호구역,-1
35.91165,127.07440,50,과속단속,52
35.90885,127.06981,30,과속단속,-1
35.41813,127.20017,40,과속단속,-1
35.41824,127.20013,40,과속단속,-1
35.49138,127.47294,40,과속단속,-1
35.46812,127.44105,60,과속단속,-1
35.49271,127.60253,40,과속단속,-1
35.49268,127.60260,40,과속단속,-1
35.39433,127.50620,60,과속단속,-1
35.37315,127.57955,60,과속단속,-1
35.49912,127.35974,30,보호구역,-1
35.39088,127.44503,30,보호구역,-1
35.42636,127.42379,30,보호구역,-1
35.40375,127.34316,30,보호구역,84
35.37476,127.34945,40,과속단속,-1
35.37351,127.40121,40,과속단속,-1
35.37611,127.36213,40,과속단속,-1
35.35146,127.39064,60,과속단속,62
35.41931,127.39037,50,과속단속,-1
35.43559,127.37795,80,과속단속,-1
35.43065,127.32737,30,보호구역,-1
35.43070,127.32724,30,보호구역,-1
35.83384,127.16019,30,보호구역,265
35.59533,127.12222,50,과속단속,-1
35.52742,127.29538,40,과속단속,-1
35.56367,127.35773,30,보호구역,-1
35.50763,127.27483,30,보호구역,-1
35.54239,127.32946,30,보호구역,-1
35.93038,126.96817,30,보호구역,-1
35.93044,126.96817,30,보호구역,-1
36.06714,127.03927,40,과속단속,-1
36.06566,127.04122,40,과속단속,-1
36.05384,127.05149,40,과속단속,-1
36.05545,127.05022,40,과속단속,-1
35.93249,127.07796,50,과속단속,-1
35.93436,127.07905,50,과속단속,-1
35.94810,127.08361,50,과속단속,-1
35.95742,127.08566,50,과속단속,-1
35.96276,127.12701,30,보호구역,-1
35.96278,127.12690,30,보호구역,-1
35.98956,127.23821,30,보호구역,-1
35.98966,127.23824,30,보호구역,-1
35.93030,127.16178,30,보호구역,-1
35.93027,127.16204,30,보호구역,-1
35.95722,127.29301,30,보호구역,-1
35.95716,127.29302,30,보호구역,-1
36.03413,127.20362,30,보호구역,-1
36.03422,127.20357,30,보호구역,-1
35.80353,127.12202,30,보호구역,-1
35.83289,127.09966,30,보호구역,-1
35.80585,127.10776,30,보호구역,-1
35.80583,127.10766,30,보호구역,-1
35.83575,127.06494,30,보호구역,-1
35.83365,127.09989,30,보호구역,-1
35.83080,127.16240,30,보호구역,-1
35.82456,127.14980,30,보호구역,-1
35.82452,127.14973,30,보호구역,-1
35.87649,127.05036,30,보호구역,-1
35.79214,127.12317,30,보호구역,-1
35.79286,127.12564,30,보호구역,-1
35.83100,127.16365,30,보호구역,-1
35.84863,127.11273,30,보호구역,-1
35.79724,127.17842,30,보호구역,-1
35.81698,127.10177,30,보호구역,180
35.86252,127.11824,30,보호구역,-1
35.86200,127.11770,30,보호구역,-1
35.85714,127.15197,30,보호구역,-1
35.85711,127.15190,30,보호구역,-1
35.81500,127.15095,20,보호구역,170
35.80490,127.15106,30,보호구역,-1
35.79231,127.11501,30,보호구역,89
35.87171,127.13184,30,보호구역,-1
35.86334,127.14753,30,보호구역,-1
35.86342,127.14792,30,보호구역,-1
35.82649,128.72980,30,보호구역,-1
35.83249,128.73072,30,보호구역,-1
35.81528,128.73311,30,보호구역,-1
35.81582,128.73311,30,보호구역,-1
35.80027,128.73974,30,보호구역,-1
35.86967,128.85220,30,보호구역,-1
35.86969,128.85227,30,보호구역,-1
35.83248,128.73069,30,보호구역,-1
35.87535,128.81573,30,보호구역,-1
35.85462,128.81624,30,보호구역,-1
35.81669,128.75458,30,보호구역,-1
35.82388,128.73094,30,보호구역,-1
35.89799,128.82591,30,보호구역,-1
35.79410,128.87315,30,보호구역,-1
35.79415,128.87303,30,보호구역,-1
35.88003,128.78642,50,과속단속,-1
35.88512,128.79115,50,과속단속,-1
35.91892,128.81346,30,보호구역,-1
35.91894,128.81338,30,보호구역,-1
35.81737,127.10199,30,보호구역,1
37.65497,127.11469,50,보호구역,201
37.65931,127.12121,30,보호구역,-1
37.65340,127.12562,30,보호구역,330
37.65467,127.12488,30,보호구역,162
37.64691,127.11514,30,보호구역,-1
37.64627,127.11448,30,보호구역,-1
37.66495,127.13056,30,보호구역,-1
37.66522,127.12968,30,보호구역,-1
37.66502,127.12948,30,보호구역,-1
37.66536,127.11763,30,보호구역,-1
37.66544,127.11816,30,보호구역,-1
37.66913,127.11514,30,보호구역,-1
37.71121,127.11771,30,보호구역,-1
37.71055,127.11759,30,보호구역,-1
37.65076,127.14476,30,보호구역,-1
37.64662,127.14597,30,보호구역,-1
37.65337,126.84216,60,과속단속,-1
37.71809,126.84903,50,과속단속,-1
37.74851,127.04769,30,보호구역,-1
37.71464,127.04522,30,보호구역,-1
37.71484,127.04631,30,보호구역,-1
35.11385,126.87100,30,보호구역,-1
37.50435,126.89336,60,과속단속,-1
37.81922,127.05009,30,보호구역,-1
37.81385,127.05507,50,과속단속,-1
37.81595,127.05093,50,과속단속,-1
37.74548,127.05420,50,과속단속,243
36.77695,128.42048,30,보호구역,-1
36.72122,128.52694,30,보호구역,-1
36.57817,128.24291,30,보호구역,-1
36.87046,128.52443,30,보호구역,-1
36.09742,128.21231,80,과속단속,260
36.14738,128.14667,30,보호구역,-1
35.90192,128.03657,30,보호구역,-1
35.90236,128.03623,30,보호구역,-1
36.09566,128.21840,60,과속단속,-1
36.13082,128.12177,30,보호구역,-1
37.72975,127.04179,30,보호구역,-1
37.72388,127.05214,30,보호구역,-1
37.73592,127.06022,30,과속단속,272
37.74075,127.06858,30,과속단속,-1
37.75097,127.07849,40,과속단속,-1
37.75098,127.07786,40,보호구역,-1
37.73576,127.06225,30,과속단속,89
37.73214,127.05652,30,과속단속,-1
37.74016,127.05948,30,보호구역,-1
37.74365,127.05889,30,보호구역,-1
37.74037,127.05672,30,보호구역,-1
37.72847,127.06228,30,보호구역,-1
37.55897,127.07407,50,과속단속,71
37.49215,127.04140,50,과속단속,-1
36.60161,127.82712,30,보호구역,-1
36.57659,128.08827,30,보호구역,-1
36.53390,128.07145,30,보호구역,-1
35.99976,128.40604,30,보호구역,-1
35.95621,128.48989,30,보호구역,-1
36.44818,128.32815,60,과속단속,-1
36.29791,128.57858,30,과속단속,-1
35.81631,128.73055,50,과속단속,-1
35.81633,128.73102,50,과속단속,-1
35.96441,128.82406,70,과속단속,-1
36.57748,128.48054,30,보호구역,-1
35.81865,128.74329,50,과속단속,-1
35.86347,128.80427,50,과속단속,-1
35.86375,128.80431,50,과속단속,-1
36.59258,128.47193,30,보호구역,-1
36.44913,128.35634,30,보호구역,-1
36.23919,128.81742,30,보호구역,-1
36.35097,128.70783,40,보호구역,-1
36.54679,128.38979,30,보호구역,-1
36.51141,128.30047,30,보호구역,-1
36.74577,128.44328,30,보호구역,-1
36.74555,128.44293,30,보호구역,-1
36.51114,128.33047,30,보호구역,-1
36.51114,128.30047,30,보호구역,-1
37.29211,127.15206,30,보호구역,-1
37.29322,127.12898,30,보호구역,-1
37.29314,127.12939,30,보호구역,-1
37.01578,127.22346,30,보호구역,-1
37.00238,127.23972,50,과속단속,255
37.00448,127.16954,60,과속단속,253
37.08174,127.26424,30,보호구역,-1
37.29433,126.81913,30,보호구역,38
37.33647,126.86361,30,보호구역,295
37.34128,126.82314,30,보호구역,-1
37.34079,126.81160,30,보호구역,-1
37.24175,126.60058,30,보호구역,-1
37.46024,127.14563,50,과속단속,126
37.46034,127.14546,50,과속단속,126
37.37132,127.11170,30,보호구역,-1
37.36569,126.93144,30,보호구역,-1
37.56972,126.91347,50,과속단속,122
37.45888,127.01830,50,과속단속,-1
37.62826,127.04470,50,과속단속,-1
37.54825,127.04469,50,과속단속,291
37.48384,126.97235,50,과속단속,-1
37.58556,127.01950,50,과속단속,-1
37.52033,126.90429,50,과속단속,-1
37.46488,126.88357,50,과속단속,220
37.55803,126.83843,50,과속단속,-1
37.54924,126.91417,50,과속단속,30
37.59027,127.06223,50,과속단속,-1
35.64837,127.69838,40,보호구역,-1
35.15060,128.11220,50,보호구역,-1
35.98639,128.28975,30,보호구역,-1
36.42311,128.16189,30,보호구역,-1
36.42322,128.16162,30,보호구역,-1
36.41705,128.15675,30,보호구역,-1
36.41698,128.15701,30,보호구역,-1
35.42654,129.20470,50,과속단속,-1
35.42830,129.20903,50,과속단속,-1
35.42833,129.20907,50,과속단속,-1
37.08562,126.82274,30,보호구역,-1
37.08086,126.80054,30,보호구역,-1
37.28839,126.81804,30,보호구역,-1
36.99620,127.08239,50,과속단속,141
36.99716,127.08153,50,과속단속,320
37.07909,127.05122,30,과속단속,-1
37.07910,127.05119,30,과속단속,-1
37.31495,127.08337,30,보호구역,-1
37.32939,127.11648,30,보호구역,-1
37.32842,127.12391,30,보호구역,-1
37.32843,127.12415,30,보호구역,-1
37.32215,127.07948,50,보호구역,263
37.31652,127.06839,30,보호구역,291
37.31200,127.09146,30,보호구역,-1
37.33553,127.08890,30,보호구역,-1
37.35905,127.06721,30,보호구역,-1
35.79332,126.87063,60,과속단속,327
35.88834,126.97219,60,과속단속,321
35.88796,126.97224,60,과속단속,142
35.41633,127.16321,50,과속단속,-1
35.37887,127.43626,80,과속단속,334
35.59194,126.86656,60,과속단속,-1
35.95495,126.93950,50,과속단속,-1
35.94793,126.94597,50,과속단속,-1
35.94912,126.99118,50,과속단속,42
35.95199,126.66394,50,과속단속,-1
35.97332,126.57203,60,과속단속,-1
35.80579,127.12595,50,과속단속,-1
35.80587,127.12546,50,과속단속,-1
35.81383,127.11133,50,과속단속,-1
35.81353,127.11129,50,과속단속,90
35.30947,128.73524,30,보호구역,-1
35.16968,128.81934,30,보호구역,-1
35.17757,128.79974,40,보호구역,0
35.20643,128.80062,40,보호구역,228
35.23367,128.83844,30,보호구역,86
35.23273,128.86196,40,보호구역,-1
35.23829,128.86208,40,보호구역,-1
35.26993,128.86539,50,보호구역,-1
35.50316,127.71789,40,보호구역,-1
35.68436,127.68687,30,보호구역,-1
35.68394,127.68570,30,보호구역,-1
35.64836,127.69802,40,보호구역,-1
35.83853,127.05540,50,과속단속,269
35.74402,126.84788,40,과속단속,-1
35.74405,126.84777,40,과속단속,-1
35.81491,126.93469,30,보호구역,-1
35.89321,126.85729,30,보호구역,-1
35.89324,126.85719,30,보호구역,-1
35.79560,126.90251,30,보호구역,-1
35.79553,126.90256,30,보호구역,-1
35.85358,126.95641,30,보호구역,-1
35.85344,126.95552,30,보호구역,-1
35.73771,126.95549,30,보호구역,-1
35.73784,126.95543,30,보호구역,-1
35.85264,126.90570,30,보호구역,-1
35.79939,126.90035,30,보호구역,-1
35.79931,126.90035,30,보호구역,-1
35.80069,126.89909,30,보호구역,-1
35.80070,126.89897,30,보호구역,-1
35.78472,126.92306,40,과속단속,-1
35.87644,126.92422,30,보호구역,-1
35.87657,126.92424,30,보호구역,-1
35.79945,126.89470,50,과속단속,-1
35.79936,126.89500,50,과속단속,-1
35.73210,126.84272,40,과속단속,-1
35.73212,126.84265,40,과속단속,-1
35.79316,126.87040,60,과속단속,148
34.94110,128.09908,30,보호구역,-1
35.10626,128.09030,30,보호구역,-1
35.22441,128.58620,50,보호구역,-1
35.22736,128.50325,30,보호구역,-1
35.22738,128.50328,30,보호구역,-1
35.24217,128.58282,30,보호구역,-1
35.24217,128.58283,30,보호구역,-1
35.74455,127.58654,60,과속단속,-1
35.60305,127.50924,60,과속단속,-1
35.64591,127.52019,30,보호구역,-1
35.64585,127.52019,30,보호구역,-1
35.68131,127.42940,40,과속단속,-1
35.68648,127.41620,40,과속단속,-1
35.68704,127.41555,40,과속단속,-1
35.68989,127.40537,40,과속단속,-1
35.69000,127.40479,40,과속단속,-1
35.68010,126.78495,50,과속단속,-1
35.68409,126.78553,50,과속단속,-1
35.71824,126.72580,50,과속단속,84
35.69581,126.64348,60,과속단속,-1
35.69585,126.64341,60,과속단속,-1
35.77600,126.65486,50,과속단속,-1
35.77606,126.65489,50,과속단속,-1
35.73244,126.74672,50,과속단속,208
35.69111,126.54360,80,과속단속,55
35.70060,126.57928,80,과속단속,51
35.26494,128.87155,40,보호구역,-1
35.25754,128.76490,30,보호구역,-1
35.17779,128.81633,30,보호구역,-1
35.33119,128.84742,30,보호구역,-1
35.23294,128.90008,30,보호구역,-1
35.23292,128.90049,30,보호구역,-1
35.26286,128.86671,30,보호구역,-1
35.26320,128.86660,30,보호구역,-1
35.26706,128.86491,30,보호구역,-1
35.26706,128.86493,30,보호구역,-1
36.29576,127.38310,50,과속단속,-1
36.30782,127.44594,30,보호구역,-1
36.27166,127.40102,60,과속단속,-1
36.31948,127.40728,30,보호구역,68
36.31958,127.40752,30,보호구역,-1
36.31939,127.40733,30,보호구역,68
35.43598,128.60149,30,보호구역,-1
35.43601,128.60153,30,보호구역,-1
35.45715,128.52960,30,보호구역,-1
35.45712,128.52967,30,보호구역,-1
35.51543,128.49084,30,보호구역,-1
35.51540,128.49080,30,보호구역,-1
35.57584,128.51183,30,보호구역,-1
35.57578,128.51185,30,보호구역,-1
34.93025,128.06501,30,보호구역,-1
35.00775,127.97648,30,보호구역,-1
35.00772,127.97649,30,보호구역,-1
36.70045,126.83820,50,과속단속,-1
36.69264,126.83619,50,과속단속,-1
36.69860,126.82889,60,과속단속,190
36.68506,126.63200,70,과속단속,-1
36.73000,126.83642,60,과속단속,-1
36.63700,126.88094,70,과속단속,-1
36.69829,126.83372,40,과속단속,-1
36.73074,126.80065,60,과속단속,-1
36.67686,126.86905,40,과속단속,-1
36.63787,126.79953,40,과속단속,-1
36.63779,126.79965,40,과속단속,-1
36.73599,126.69602,70,과속단속,-1
36.66930,126.77853,60,과속단속,-1
36.75257,126.70231,70,과속단속,-1
36.13496,127.15946,40,과속단속,-1
35.09818,128.98114,50,과속단속,-1
35.18766,129.10281,50,과속단속,-1
35.08595,128.99031,50,보호구역,-1
35.08616,128.99013,50,보호구역,-1
35.29201,128.70775,50,보호구역,-1
35.20115,128.80663,40,보호구역,-1
35.20040,128.80909,30,보호구역,-1
35.22260,128.86916,40,보호구역,-1
35.24360,128.91276,40,보호구역,-1
35.23964,128.89935,40,보호구역,-1
35.27307,128.98235,30,보호구역,-1
35.30797,128.93040,30,보호구역,-1
36.87944,126.80264,70,과속단속,265
36.92043,126.80520,70,과속단속,153
36.88777,126.81105,70,과속단속,-1
36.88776,126.81112,70,과속단속,349
36.88586,126.77275,30,보호구역,-1
36.88591,126.77281,30,보호구역,-1
36.80488,126.77805,30,보호구역,-1
36.81085,126.75602,30,보호구역,-1
36.81079,126.75598,30,보호구역,-1
36.88366,126.77061,30,보호구역,-1
36.88371,126.77071,30,보호구역,-1
36.95961,126.76951,30,보호구역,-1
36.93885,126.74405,30,보호구역,-1
36.90384,126.69305,30,보호구역,69
36.90379,126.69308,30,보호구역,47
36.91239,126.68884,30,보호구역,-1
36.96120,126.69270,30,보호구역,-1
36.96112,126.69295,30,보호구역,-1
36.36029,126.58306,30,과속단속,-1
36.24893,126.54248,30,보호구역,-1
36.25550,126.55781,60,과속단속,-1
36.26046,126.54626,60,과속단속,-1
36.50278,126.51939,30,보호구역,-1
36.67956,126.67378,60,과속단속,219
36.68822,126.67624,60,과속단속,85
36.68608,126.77706,60,과속단속,268
36.67526,126.78630,60,과속단속,-1
36.67505,126.78611,60,과속단속,87
35.58806,128.95296,30,보호구역,-1
35.55350,128.76254,30,보호구역,-1
35.48809,128.75469,30,보호구역,-1
35.48822,128.75470,30,보호구역,-1
35.52150,127.72646,30,보호구역,-1
35.52150,127.72640,30,보호구역,-1
35.52247,127.73135,30,보호구역,-1
35.52330,127.73148,30,보호구역,-1
35.52327,127.73149,30,보호구역,-1
35.10416,128.80480,30,보호구역,-1
35.10950,128.41500,30,보호구역,-1
35.21123,128.57716,30,보호구역,-1
35.12070,128.53778,30,보호구역,-1
35.11931,128.58034,30,보호구역,-1
35.14576,128.55639,30,보호구역,66
34.88291,128.61967,30,보호구역,244
34.88293,128.61972,30,보호구역,244
34.85074,128.59120,30,보호구역,-1
34.86076,128.63363,30,보호구역,90
34.86077,128.63353,30,보호구역,90
37.13378,128.24566,50,보호구역,-1
37.13396,128.24553,50,보호구역,-1
36.98734,127.91723,70,과속단속,-1
36.99135,127.94492,30,보호구역,-1
36.97137,127.90890,30,보호구역,-1
36.79372,127.06797,60,과속단속,301
36.79335,127.06820,60,과속단속,80
36.79563,127.06316,60,과속단속,290
34.80616,126.41103,50,과속단속,82
34.82283,126.39968,50,과속단속,-1
34.82149,126.39427,50,과속단속,-1
34.80514,128.43127,50,과속단속,-1
34.79951,128.43065,50,과속단속,-1
35.47980,128.74826,30,보호구역,-1
35.48002,128.74803,30,보호구역,-1
35.50208,128.75277,30,보호구역,-1
35.50241,128.75282,30,보호구역,-1
35.40862,128.69647,30,보호구역,-1
35.40923,128.69660,30,보호구역,-1
35.97400,126.68225,30,보호구역,-1
35.97482,126.68297,30,보호구역,-1
35.97488,126.68303,30,보호구역,-1
35.97158,126.69250,30,보호구역,-1
35.97164,126.69256,30,보호구역,-1
35.96494,126.69509,30,보호구역,-1
35.96416,126.69491,30,보호구역,-1
35.97060,126.70789,30,보호구역,-1
35.97191,126.70825,30,보호구역,-1
35.96527,126.73922,30,보호구역,-1
35.97166,126.71692,30,보호구역,-1
35.97286,126.71695,30,보호구역,-1
35.97297,126.71887,30,보호구역,-1
35.98103,126.73182,30,보호구역,-1
35.98082,126.73205,30,보호구역,-1
35.64037,127.90563,50,과속단속,-1
35.64040,127.90567,50,과속단속,-1
35.26601,127.76359,40,과속단속,-1
37.48620,127.06749,50,과속단속,159
37.48646,127.07551,50,과속단속,340
35.08759,129.06464,30,보호구역,-1
37.91988,127.22025,70,과속단속,214
37.93851,127.22928,70,과속단속,203
38.06718,127.07335,70,과속단속,-1
38.06725,127.07383,70,과속단속,-1
38.02334,127.13566,30,보호구역,-1
38.02306,127.13371,30,보호구역,-1
35.17641,129.17422,30,보호구역,-1
35.17968,129.17544,30,보호구역,-1
35.20499,129.12582,30,보호구역,-1
35.20199,129.12367,30,보호구역,-1
35.19775,129.12291,30,보호구역,-1
35.16467,129.18069,50,보호구역,-1
35.16450,129.18027,50,보호구역,-1
35.16695,129.15752,30,보호구역,-1
35.16337,129.18655,30,보호구역,-1
35.20593,129.11889,30,보호구역,-1
35.37749,127.66059,40,과속단속,-1
35.48513,127.69469,40,과속단속,-1
35.48513,127.69469,60,과속단속,-1
35.48518,127.69475,60,과속단속,-1
35.51770,127.76004,40,과속단속,-1
35.49295,127.80098,50,과속단속,-1
35.62928,127.72769,60,과속단속,-1
35.62928,127.72765,60,과속단속,-1
35.57216,127.73810,30,과속단속,-1
35.13701,129.09958,50,과속단속,59
35.13753,129.10012,50,과속단속,240
36.38579,127.37883,30,보호구역,-1
36.38535,127.37835,30,보호구역,180
35.94196,126.68805,30,보호구역,-1
35.94141,126.68923,30,보호구역,-1
35.97368,126.68346,30,보호구역,-1
37.62616,126.71055,30,보호구역,-1
37.63937,126.62921,30,보호구역,-1
35.20177,129.20667,60,과속단속,-1
35.20152,129.20635,60,과속단속,-1
35.20449,129.20617,60,과속단속,-1
35.34578,129.25420,30,보호구역,-1
35.23937,129.17063,30,보호구역,-1
35.23939,129.17112,30,보호구역,-1
35.33922,129.16573,30,보호구역,-1
35.32625,129.17807,30,보호구역,-1
35.32170,129.19098,50,보호구역,-1
35.32111,129.18448,30,보호구역,-1
35.32082,129.18430,30,보호구역,-1
35.32318,129.18489,30,보호구역,-1
35.33631,129.17177,30,보호구역,-1
35.35926,129.13954,30,보호구역,-1
35.24241,129.24422,30,보호구역,-1
35.23567,129.21311,30,보호구역,-1
35.23121,129.15141,50,보호구역,234
35.19150,129.12798,30,보호구역,-1
35.16336,129.14208,50,보호구역,-1
35.15769,129.14522,30,보호구역,-1
35.16352,129.16823,50,보호구역,-1
35.16754,129.18078,30,보호구역,-1
35.16971,129.16661,50,보호구역,-1
35.16869,129.16797,30,보호구역,-1
37.62865,126.70267,30,보호구역,-1
37.64045,126.63427,30,보호구역,-1
37.64072,126.62661,30,보호구역,-1
37.60546,126.77345,30,보호구역,-1
37.63390,126.70669,30,보호구역,-1
37.46588,127.14808,30,보호구역,-1
37.40550,127.14479,30,보호구역,-1
37.39031,127.12549,30,보호구역,-1
37.35446,127.11472,30,보호구역,-1
37.34441,127.11200,30,보호구역,-1
37.34445,127.11207,30,보호구역,-1
37.34474,127.11611,30,보호구역,-1
37.45292,127.16266,30,보호구역,-1
37.40927,127.14372,50,보호구역,-1
37.71569,126.55291,30,보호구역,-1
37.45305,127.15653,30,보호구역,-1
37.65148,126.58326,30,보호구역,-1
36.93789,126.91808,30,보호구역,-1
37.24582,126.58113,30,보호구역,-1
37.69749,126.60190,30,보호구역,-1
37.34254,126.94034,30,보호구역,-1
37.18608,127.12339,30,보호구역,193
37.17191,127.05869,30,보호구역,-1
37.17162,127.05864,30,보호구역,-1
37.62382,126.71784,30,보호구역,-1
35.83572,126.89915,80,구간단속,90
35.79420,126.84270,80,구간단속,349
35.79417,126.84246,80,구간단속,169
35.83591,126.89915,80,구간단속,270
35.83782,126.90886,60,과속단속,269
35.77457,127.09603,50,과속단속,-1
35.77470,127.09578,50,과속단속,-1
37.28101,127.45552,30,보호구역,-1
37.31009,127.00029,30,보호구역,-1
37.29509,127.45670,30,보호구역,-1
37.28920,127.46022,30,보호구역,-1
37.14471,127.58894,50,보호구역,-1
37.30774,127.48346,30,보호구역,-1
37.15194,127.48326,30,보호구역,-1
37.24096,127.48746,30,보호구역,-1
37.17941,127.01682,30,보호구역,-1
37.17932,127.01709,30,보호구역,-1
37.17530,127.05511,30,보호구역,-1
37.17534,127.05481,30,보호구역,-1
37.44970,127.14381,30,보호구역,-1
37.60078,126.72596,30,보호구역,270
37.60237,126.71939,30,보호구역,-1
37.63867,126.67428,30,보호구역,-1
37.64671,126.66136,30,보호구역,-1
37.64283,126.66523,30,보호구역,-1
37.64437,126.69081,30,보호구역,88
37.65520,126.63266,30,보호구역,-1
37.62906,126.58926,30,보호구역,-1
37.60662,126.75048,30,보호구역,-1
37.59738,126.76565,30,보호구역,-1
37.34673,126.93963,30,보호구역,-1
37.34446,126.94492,30,보호구역,-1
37.34249,126.94025,30,보호구역,-1
37.36632,126.94199,30,보호구역,-1
37.36604,126.94109,30,보호구역,-1
37.35861,127.16021,30,보호구역,-1
37.36173,127.11489,30,보호구역,-1
37.39067,127.12678,30,보호구역,-1
37.41484,127.13887,30,보호구역,-1
37.40430,127.11574,30,보호구역,-1
37.35455,127.11464,30,보호구역,-1
37.21674,127.10915,30,보호구역,-1
37.21679,127.10891,30,보호구역,-1
37.21200,127.11177,30,보호구역,-1
37.21186,127.11168,30,보호구역,-1
37.19018,127.12442,30,보호구역,-1
37.18579,127.12221,30,보호구역,-1
37.18605,127.12193,30,보호구역,-1
37.43988,126.79874,30,보호구역,-1
37.43281,126.79802,30,보호구역,-1
37.44824,126.79783,30,보호구역,97
37.44872,126.79777,30,보호구역,-1
37.52032,126.90090,50,과속단속,146
37.50534,126.89846,50,과속단속,-1
37.50505,126.91608,30,과속단속,208
37.53368,126.91399,30,과속단속,-1
37.06329,126.97085,50,과속단속,-1
37.06072,126.97260,50,과속단속,-1
37.05689,126.97936,50,과속단속,-1
37.28631,127.61896,80,과속단속,120
37.28657,127.61891,80,과속단속,303
37.33737,127.67648,60,과속단속,-1
37.33641,127.67684,60,과속단속,136
37.39060,127.11675,30,보호구역,-1
37.73180,126.59170,30,보호구역,-1
37.67329,126.55494,30,보호구역,-1
37.64735,126.55219,30,보호구역,-1
37.19943,127.04976,50,과속단속,72
36.96249,127.05814,30,보호구역,-1
36.95899,127.05950,30,보호구역,-1
36.96468,127.05961,30,보호구역,-1
37.00203,127.08204,30,보호구역,-1
37.27334,127.10566,30,보호구역,-1
37.02251,127.28875,50,과속단속,-1
37.69306,126.59490,30,보호구역,-1
37.68873,126.59470,30,보호구역,-1
37.68405,126.60769,30,보호구역,174
37.65482,126.62263,30,보호구역,-1
37.74666,127.10730,40,보호구역,-1
37.75883,127.03260,30,보호구역,-1
37.75039,127.11627,30,보호구역,-1
37.74673,127.10007,30,보호구역,-1
37.74260,127.09137,30,보호구역,-1
37.75212,127.11077,30,보호구역,-1
37.66478,126.76072,50,보호구역,131
37.67284,126.80078,30,보호구역,-1
37.64891,126.77541,30,보호구역,-1
37.61359,126.84920,30,보호구역,-1
37.65351,126.88157,30,보호구역,-1
37.67909,126.78169,30,보호구역,-1
37.71215,126.71956,50,과속단속,-1
37.70931,126.72258,30,보호구역,-1
37.70947,126.71897,30,보호구역,-1
37.70140,126.76861,30,보호구역,-1
37.76574,126.77120,30,보호구역,262
37.76638,126.77111,30,보호구역,-1
37.74940,126.77328,30,보호구역,279
37.75306,126.77372,30,보호구역,-1
37.73757,126.72823,30,보호구역,-1
37.73756,126.72798,30,보호구역,-1
37.56802,126.89336,50,과속단속,280
37.51698,127.01435,30,과속단속,-1
37.55819,126.98329,50,과속단속,-1
37.51040,126.91025,50,과속단속,-1
35.50926,129.42521,30,과속단속,-1
35.57766,129.37355,60,보호구역,-1
35.58821,129.36744,50,과속단속,-1
35.58832,129.36770,50,과속단속,-1
35.48985,129.41688,30,보호구역,-1
35.53947,129.42458,60,과속단속,-1
35.50987,129.42125,50,과속단속,-1
35.50979,129.42142,50,과속단속,-1
35.54532,129.33576,50,보호구역,-1
35.54525,129.33564,50,보호구역,-1
35.55401,129.30715,50,과속단속,-1
35.56293,129.34195,50,과속단속,-1
35.56301,129.34188,50,과속단속,-1
35.55558,129.33378,50,보호구역,-1
35.56104,129.29621,40,보호구역,-1
37.44192,127.28432,110,구간단속,306
37.34038,127.32564,110,구간단속,343
36.93023,128.23981,60,과속단속,-1
36.67332,127.86138,30,보호구역,-1
36.66021,127.73688,30,보호구역,-1
36.80872,127.78794,30,보호구역,-1
36.76332,127.99622,30,보호구역,-1
36.87331,127.85312,30,보호구역,-1
36.82409,127.95384,30,보호구역,-1
36.82098,127.64688,30,보호구역,-1
36.85403,127.74631,30,보호구역,-1
37.74062,127.08585,30,보호구역,-1
35.70723,126.65872,30,보호구역,-1
35.70735,126.65841,30,보호구역,-1
35.71776,126.71636,30,보호구역,-1
35.71791,126.71651,30,보호구역,-1
35.71700,126.62592,30,보호구역,-1
35.71705,126.62602,30,보호구역,-1
35.73847,126.73462,30,보호구역,164
35.73882,126.73472,30,보호구역,340
35.71457,126.73824,30,보호구역,-1
35.71449,126.73852,30,보호구역,-1
35.70126,126.78637,30,보호구역,-1
35.70188,126.78660,30,보호구역,-1
35.77612,126.73337,30,보호구역,-1
35.77607,126.73332,30,보호구역,-1
35.59489,126.59968,30,보호구역,-1
35.59186,126.67927,30,보호구역,-1
35.68405,126.67737,30,보호구역,-1
35.46457,129.20942,70,보호구역,-1
35.36655,129.35333,30,보호구역,-1
35.36641,129.35328,30,보호구역,-1
35.40761,129.29805,30,보호구역,-1
35.40759,129.29807,30,보호구역,-1
35.48800,129.21373,30,보호구역,-1
35.48798,129.21381,30,보호구역,-1
35.63667,129.33158,30,보호구역,-1
35.63666,129.33158,30,보호구역,-1
35.50918,129.42503,30,과속단속,-1
37.87625,127.22945,60,과속단속,-1
37.80459,127.16060,70,과속단속,-1
37.95657,127.30671,70,과속단속,212
37.99294,127.17236,50,과속단속,-1
38.00635,127.24009,30,보호구역,-1
37.72661,126.70676,30,보호구역,-1
37.72034,126.71312,30,보호구역,-1
37.71913,126.71347,30,보호구역,-1
37.72454,126.72289,30,보호구역,-1
37.72413,126.72281,30,보호구역,-1
37.75246,126.74706,30,보호구역,-1
37.73092,127.10717,50,과속단속,-1
37.46960,129.03643,40,과속단속,-1
37.24356,127.47012,100,구간단속,65
37.24359,127.47010,100,구간단속,65
37.23969,127.39567,100,구간단속,93
37.23969,127.39067,100,구간단속,-1
35.56085,129.22521,30,과속단속,-1
35.56081,129.22518,30,과속단속,-1
35.85586,126.83962,60,과속단속,-1
35.85593,126.83954,60,과속단속,-1
35.84842,126.93010,40,과속단속,-1
35.84849,126.93015,40,과속단속,-1
35.77003,126.93729,40,과속단속,-1
35.74734,127.05421,60,과속단속,-1
35.69198,126.80649,60,과속단속,-1
35.69192,126.80643,60,과속단속,-1
35.07733,128.34355,50,과속단속,-1
34.90380,128.17104,30,보호구역,-1
34.72588,128.02348,60,과속단속,-1
34.72606,128.02382,60,과속단속,-1
35.64973,128.12441,50,과속단속,-1
35.04313,128.14563,70,과속단속,144
35.04312,128.14564,70,과속단속,144
35.15737,128.65817,30,보호구역,-1
35.15741,128.65824,30,보호구역,-1
35.63654,128.06629,50,과속단속,-1
35.63656,128.06569,50,과속단속,-1
35.82953,128.52632,50,보호구역,-1
35.81955,128.52147,50,보호구역,-1
35.81560,128.52508,30,과속단속,-1
37.83446,127.14427,30,보호구역,-1
38.00712,127.33520,30,보호구역,-1
37.95513,127.31634,30,보호구역,-1
37.85044,127.15009,30,보호구역,-1
37.95618,127.31456,30,보호구역,-1
37.82474,127.21066,60,과속단속,-1
37.77261,127.16572,40,과속단속,-1
37.94148,127.30061,70,과속단속,-1
37.96498,127.25642,70,과속단속,343
37.80297,127.24409,70,과속단속,243
37.83646,127.26973,70,과속단속,186
37.81020,127.20986,60,과속단속,183
37.90198,127.20450,50,과속단속,-1
36.68728,126.83595,30,보호구역,-1
36.68590,126.74189,30,보호구역,-1
36.68525,126.74179,40,과속단속,-1
36.72131,126.84135,30,보호구역,-1
36.73476,126.73565,30,보호구역,-1
36.73518,126.73569,30,보호구역,-1
36.63962,126.60529,30,보호구역,-1
36.63924,126.60426,30,보호구역,-1
36.60740,126.79231,30,보호구역,-1
36.77654,126.71635,30,보호구역,-1
36.27033,127.24766,30,보호구역,-1
36.26879,127.21481,30,보호구역,-1
36.28134,127.23628,30,보호구역,-1
36.29788,127.24475,30,보호구역,-1
36.27078,127.26930,30,보호구역,-1
36.25859,127.26162,30,보호구역,-1
34.96985,128.69955,30,보호구역,-1
34.96877,128.70113,30,보호구역,-1
34.98369,128.62452,30,보호구역,-1
34.88096,128.62691,30,보호구역,-1
34.88159,128.62653,30,보호구역,-1
35.05542,128.37200,30,보호구역,-1
34.97150,128.36315,30,보호구역,-1
34.96916,128.35714,50,과속단속,-1
36.95557,129.40665,50,과속단속,-1
36.50468,126.69155,30,보호구역,-1
36.50400,126.69218,30,보호구역,-1
36.89020,126.52440,60,과속단속,-1
36.59343,126.66868,30,보호구역,-1
36.64470,126.67920,30,보호구역,-1
36.64482,126.67891,30,보호구역,-1
36.65040,126.67070,30,보호구역,-1
36.65007,126.67712,30,보호구역,-1
36.61882,126.68300,60,과속단속,-1
36.61882,126.68241,60,과속단속,-1
36.65068,126.69354,30,과속단속,-1
36.49625,126.70728,50,과속단속,-1
36.53398,126.48226,50,과속단속,-1
36.56766,126.72359,30,보호구역,-1
36.56798,126.72325,30,보호구역,-1
36.59175,126.66769,30,보호구역,-1
36.59218,126.66767,30,보호구역,-1
36.58545,126.60663,30,보호구역,-1
36.58518,126.60650,30,보호구역,-1
36.54649,126.63837,30,보호구역,-1
36.54671,126.63842,30,보호구역,-1
36.52512,126.54702,30,보호구역,-1
36.60247,126.55341,30,보호구역,-1
36.88660,126.64740,50,과속단속,180
36.60272,126.66126,30,보호구역,-1
36.59890,126.65840,30,보호구역,-1
36.59907,126.65851,30,보호구역,-1
36.68139,126.84344,40,과속단속,-1
36.57642,128.57344,30,보호구역,-1
36.56998,128.73014,30,보호구역,-1
36.52140,128.69030,30,보호구역,-1
36.42387,128.15130,50,과속단속,231
36.12476,128.41038,50,과속단속,359
35.88221,129.21827,60,과속단속,-1
35.94683,128.40148,70,과속단속,168
36.12283,128.19844,50,과속단속,-1
34.80939,126.43901,30,보호구역,-1
34.80972,126.43918,30,보호구역,-1
34.81563,126.40024,50,과속단속,-1
34.81888,126.39725,30,보호구역,-1
34.81960,126.39884,30,보호구역,-1
34.80770,126.45752,30,보호구역,-1
34.81144,126.38116,30,보호구역,-1
34.80071,126.39008,30,보호구역,-1
34.81507,126.42359,30,보호구역,-1
34.81477,126.42517,30,보호구역,-1
34.80887,126.45205,30,보호구역,-1
34.80370,126.42183,30,보호구역,-1
34.81032,126.42793,30,보호구역,-1
37.45087,126.74255,50,과속단속,-1
37.40495,126.71956,50,과속단속,-1
37.40492,126.72009,50,과속단속,-1
37.46068,126.72907,30,과속단속,-1
35.37736,128.83049,70,과속단속,345
35.20283,128.57202,50,과속단속,-1
35.06247,127.00003,50,과속단속,-1
34.58967,126.53980,60,과속단속,-1
34.48547,126.51232,50,과속단속,-1
34.46990,126.66444,60,과속단속,-1
35.21068,126.50784,30,보호구역,-1
35.21819,126.37154,30,보호구역,-1
34.80521,126.44765,60,과속단속,94
34.80524,126.45319,60,과속단속,89
34.80523,126.45319,60,과속단속,89
34.81174,126.45191,30,보호구역,-1
34.80739,126.45077,30,보호구역,-1
34.79906,126.38157,30,보호구역,-1
34.81035,126.38761,30,보호구역,-1
34.81001,126.38075,30,보호구역,-1
34.79655,126.38555,30,보호구역,-1
34.80053,126.42183,30,보호구역,-1
34.79996,126.40151,30,보호구역,-1
34.81285,126.39947,50,과속단속,245
36.15661,128.15293,30,보호구역,-1
36.20352,128.00703,80,과속단속,174
35.91951,128.28606,30,보호구역,-1
35.97574,128.26185,30,보호구역,-1
35.90595,128.35203,30,보호구역,-1
35.91964,128.17447,40,과속단속,-1
36.37409,128.58086,30,과속단속,-1
37.50649,126.67206,50,과속단속,-1
37.59820,126.71410,30,과속단속,-1
37.59830,126.71430,30,과속단속,-1
37.59970,126.71270,30,과속단속,-1
37.45279,126.62898,30,과속단속,-1
37.45261,126.60819,30,과속단속,-1
37.45290,126.60872,30,과속단속,-1
37.46524,126.63232,50,과속단속,-1
37.46557,126.63205,50,과속단속,-1
37.40057,126.64087,30,과속단속,-1
37.37007,126.66102,30,과속단속,-1
37.39389,126.65423,30,과속단속,-1
37.59500,126.71520,30,과속단속,-1
37.59490,126.71490,30,과속단속,-1
37.60946,126.67033,50,과속단속,-1
37.60949,126.67074,50,과속단속,-1
37.58580,126.70880,30,과속단속,-1
37.58570,126.70900,30,과속단속,-1
37.45222,126.69587,30,과속단속,-1
37.45231,126.69548,30,과속단속,-1
35.75075,127.51067,60,과속단속,-1
35.32675,127.33157,40,과속단속,-1
35.41860,127.63790,40,과속단속,-1
35.68048,126.83818,40,과속단속,-1
35.68235,126.83743,40,과속단속,-1
36.08344,127.02767,80,과속단속,33
36.05163,127.00057,80,과속단속,216
36.10969,127.04110,80,과속단속,197
35.81166,127.09367,30,보호구역,181
35.84579,127.07845,30,과속단속,-1
35.82271,127.13735,30,보호구역,-1
35.82557,127.13712,30,과속단속,-1
35.83165,127.12621,50,과속단속,-1
35.08489,128.99195,60,구간단속,271
35.08535,128.96984,60,구간단속,92
36.16228,128.44120,30,과속단속,-1
36.03254,128.36154,30,보호구역,-1
35.90515,128.49842,30,보호구역,-1
35.99267,128.42931,30,보호구역,-1
36.07075,128.33784,30,보호구역,-1
36.06922,129.37141,30,보호구역,-1
36.06773,128.40842,30,과속단속,-1
36.07605,128.41818,30,보호구역,-1
36.12158,128.12333,30,보호구역,-1
36.12453,128.09437,30,보호구역,-1
37.02152,127.08623,50,과속단속,88
37.01668,127.08908,50,과속단속,270
37.01661,127.08950,50,과속단속,90
37.01501,127.08915,50,과속단속,-1
37.01884,127.08914,30,보호구역,-1
37.02029,127.08925,30,보호구역,1
37.01967,127.09156,30,보호구역,45
37.02055,127.09224,30,과속단속,224
36.98997,127.09934,30,과속단속,209
37.12371,127.04153,60,과속단속,175
36.99431,126.84096,30,보호구역,-1
37.05830,127.07002,30,보호구역,-1
37.06323,127.06774,30,보호구역,-1
36.98853,126.92617,30,보호구역,-1
37.07977,127.06467,30,보호구역,-1
37.07536,127.05299,30,보호구역,-1
37.36752,127.12527,30,보호구역,150
37.12651,127.04148,60,과속단속,1
36.68783,128.27672,40,보호구역,-1
37.53702,127.06228,40,과속단속,-1
37.53935,127.06255,50,과속단속,24
35.84167,127.27761,60,구간단속,-1
35.85714,127.32710,60,구간단속,-1
35.86824,127.47840,60,과속단속,-1
35.86828,127.47828,60,과속단속,-1
35.97126,127.51557,50,과속단속,-1
37.50134,126.94559,30,과속단속,-1
35.90227,127.00117,40,과속단속,-1
35.90199,127.02106,40,과속단속,-1
36.01825,127.02168,40,과속단속,-1
36.01617,127.02310,40,과속단속,-1
35.99228,127.09992,50,과속단속,-1
35.98440,127.09502,50,과속단속,-1
35.98058,127.09512,50,과속단속,-1
35.47209,126.71338,70,과속단속,51
35.64609,127.51817,30,과속단속,-1
35.79424,126.88084,50,과속단속,-1
35.79387,126.88101,50,과속단속,-1
35.86007,126.85573,80,과속단속,55
35.86029,126.85551,80,과속단속,236
35.88096,126.97931,60,과속단속,91
35.78452,126.99075,70,과속단속,-1
35.78453,126.99122,70,과속단속,-1
35.77693,127.00627,80,과속단속,42
35.70756,127.01935,80,과속단속,-1
36.31120,127.41076,30,보호구역,-1
36.30976,127.44283,40,과속단속,-1
36.30817,127.39551,30,과속단속,-1
37.32779,126.84990,50,보호구역,273
37.28484,126.85071,30,보호구역,-1
37.33169,126.81756,30,보호구역,-1
37.33156,126.81871,30,보호구역,-1
37.32644,126.83755,30,보호구역,-1
37.43782,126.41125,30,과속단속,-1
37.49642,126.49044,30,과속단속,-1
37.49672,126.49070,30,과속단속,-1
37.49262,126.48628,30,과속단속,-1
37.49818,126.55941,30,과속단속,-1
37.44688,126.41138,30,과속단속,-1
37.49908,126.48503,30,과속단속,-1
37.48888,126.55454,40,과속단속,-1
37.49018,126.52960,30,과속단속,-1
37.49054,126.52977,30,과속단속,-1
36.93429,128.18566,30,보호구역,-1
37.06609,128.16498,30,보호구역,-1
37.18424,128.26363,30,보호구역,-1
37.13304,128.22139,50,과속단속,151
34.88313,128.47928,30,과속단속,-1
35.20311,128.80443,30,보호구역,-1
35.20298,128.80467,30,보호구역,-1
37.96216,127.13043,30,보호구역,-1
37.44783,129.16688,30,보호구역,-1
37.43868,129.15052,40,보호구역,-1
37.32602,127.93989,30,보호구역,-1
37.33838,127.97256,30,보호구역,-1
37.33288,127.93911,30,보호구역,-1
37.33061,127.92848,30,보호구역,-1
37.32523,127.95142,30,보호구역,-1
37.37969,127.87455,30,보호구역,178
37.49006,126.91776,50,과속단속,269
37.51471,126.95208,50,과속단속,68
37.51445,126.70960,30,과속단속,-1
37.50651,126.71458,30,과속단속,-1
37.48727,126.71443,30,과속단속,-1
37.43245,126.67223,60,과속단속,199
37.43227,126.67275,60,과속단속,18
37.52805,126.72951,30,과속단속,-1
37.52773,126.73000,30,과속단속,-1
37.53569,126.71099,30,과속단속,-1
37.54397,126.71898,30,과속단속,-1
37.58282,126.78122,50,과속단속,-1
37.52949,126.71538,30,과속단속,-1
37.52930,126.71541,30,과속단속,-1
37.52775,126.71663,30,과속단속,-1
37.52809,126.71690,30,과속단속,-1
37.56239,126.75544,30,과속단속,-1
37.54658,126.74241,30,과속단속,-1
37.53242,126.71755,30,과속단속,-1
37.54388,126.71861,50,과속단속,-1
37.55552,126.74544,30,과속단속,-1
37.59774,126.70049,30,과속단속,-1
37.59748,126.70048,30,과속단속,-1
37.59630,126.69706,30,과속단속,-1
37.59638,126.69672,30,과속단속,-1
37.49284,126.48512,30,과속단속,-1
37.49585,126.56547,30,과속단속,-1
37.49541,126.56566,30,과속단속,-1
37.43762,126.41145,30,과속단속,-1
36.95924,126.69608,30,보호구역,-1
37.01245,126.53929,30,보호구역,-1
36.89926,126.62362,30,보호구역,-1
36.13401,127.50128,30,보호구역,-1
36.14277,127.36901,30,보호구역,-1
36.10295,127.48942,30,보호구역,-1
36.46363,127.14014,50,과속단속,256
36.46091,127.12419,40,과속단속,-1
36.54642,127.11849,70,과속단속,344
36.32630,127.13734,30,과속단속,-1
36.47046,127.12791,50,과속단속,337
36.33210,126.99969,80,과속단속,96
36.44790,127.13573,50,과속단속,-1
36.47081,127.10963,60,과속단속,-1
36.41005,127.26120,80,과속단속,65
36.47056,127.15999,70,과속단속,48
36.48394,127.16206,70,과속단속,-1
37.46590,126.40490,80,과속단속,-1
37.47885,126.40332,80,과속단속,234
37.44915,126.74976,50,과속단속,49
37.44991,126.70137,50,과속단속,-1
37.51919,126.74506,30,과속단속,-1
37.51934,126.74517,30,과속단속,-1
37.48414,126.74410,30,과속단속,-1
37.48397,126.74432,30,과속단속,-1
37.48189,126.74171,30,과속단속,-1
37.48522,126.71941,30,과속단속,-1
37.51489,126.70983,30,과속단속,-1
36.78780,126.98580,30,보호구역,-1
36.78660,126.99090,30,보호구역,-1
36.76890,126.99540,30,보호구역,-1
36.77540,127.01030,30,보호구역,-1
36.78260,127.01300,30,보호구역,-1
36.79070,127.01450,30,보호구역,-1
36.78780,127.01700,30,보호구역,-1
36.77150,127.02380,30,보호구역,-1
36.76160,127.01880,30,보호구역,-1
36.75650,127.01950,30,보호구역,-1
36.78850,127.07110,30,보호구역,-1
36.76860,127.05910,30,보호구역,-1
36.77450,127.07420,30,보호구역,-1
36.76510,127.08420,30,보호구역,-1
36.42876,126.95215,70,과속단속,-1
36.46055,126.84194,70,과속단속,15
36.76640,126.76379,30,보호구역,-1
36.83588,126.60343,30,보호구역,-1
36.88073,126.75634,30,보호구역,-1
36.84911,126.76385,30,보호구역,-1
36.90923,126.75029,30,보호구역,-1
36.90217,126.69283,30,보호구역,8
37.99645,126.91909,30,보호구역,-1
37.99612,126.91893,30,보호구역,-1
37.99836,127.07273,30,보호구역,-1
37.99835,127.07277,30,보호구역,-1
38.02940,127.03899,30,보호구역,-1
38.02927,127.03963,30,보호구역,-1
38.01938,127.21089,70,과속단속,93
38.01083,127.22711,70,과속단속,336
37.94638,127.18831,30,보호구역,-1
37.99059,127.18212,30,보호구역,-1
38.10451,127.20617,30,보호구역,-1
38.02923,127.36741,30,보호구역,-1
38.00721,127.33565,30,보호구역,-1
38.05819,127.38556,30,보호구역,-1
35.15024,129.00000,50,과속단속,-1
35.15176,129.01647,50,과속단속,241
35.15748,129.05494,50,과속단속,90
35.78865,126.84450,80,과속단속,243
35.88069,126.95363,60,과속단속,-1
36.77977,127.02149,30,보호구역,-1
36.77985,127.02132,30,보호구역,-1
36.92742,127.03785,30,보호구역,-1
36.92742,127.03792,30,보호구역,-1
36.77017,127.06495,30,보호구역,84
36.77030,127.06474,30,보호구역,265
36.79140,127.09159,30,보호구역,-1
36.79148,127.09142,30,보호구역,-1
37.51093,126.76345,30,보호구역,-1
37.49816,126.77107,30,보호구역,-1
37.49871,126.76605,30,보호구역,-1
36.99279,126.83963,30,보호구역,75
37.04955,127.05873,30,보호구역,-1
36.99925,127.14628,30,보호구역,-1
36.99916,127.14655,30,보호구역,-1
37.05893,127.05922,30,보호구역,352
37.49843,126.79323,30,보호구역,-1
37.49861,126.79251,30,보호구역,-1
37.49874,126.79289,30,보호구역,-1
37.44302,126.80047,30,보호구역,-1
37.40280,126.76951,30,보호구역,-1
37.44261,126.79962,30,보호구역,29
37.43273,126.79212,30,보호구역,-1
37.34983,126.75771,30,보호구역,-1
37.38095,126.78007,30,보호구역,-1
37.34769,126.78268,30,보호구역,-1
37.36544,126.73905,30,보호구역,28
37.39204,126.73658,30,보호구역,-1
37.17247,127.20517,30,과속단속,-1
37.40405,127.24994,50,과속단속,-1
37.40458,127.25212,30,과속단속,-1
37.39831,127.25252,50,과속단속,-1
37.39862,127.25228,50,과속단속,-1
37.24018,126.96525,30,보호구역,-1
37.50687,126.80542,50,보호구역,-1
37.52002,126.79154,30,보호구역,-1
37.26199,127.03206,50,과속단속,17
37.26130,127.03206,50,과속단속,79
37.48983,126.80842,30,보호구역,-1
37.49010,126.81663,30,보호구역,-1
37.49190,126.80900,30,보호구역,-1
37.49306,126.78833,30,보호구역,-1
36.28535,127.62009,30,보호구역,-1
36.28556,127.61993,30,보호구역,-1
37.50916,126.76979,30,보호구역,-1
37.49293,126.76377,30,보호구역,-1
37.50785,126.76687,30,보호구역,-1
36.99053,127.44019,30,보호구역,-1
37.50508,126.76662,30,보호구역,-1
37.50502,126.76662,30,보호구역,-1
37.16527,128.21193,60,과속단속,38
37.16542,128.21122,60,과속단속,236
36.85381,127.43822,30,보호구역,-1
36.82589,127.40632,30,보호구역,-1
37.49985,126.78102,30,보호구역,-1
37.50844,126.76184,30,보호구역,-1
37.50848,126.76181,30,보호구역,-1
37.49891,126.77514,30,보호구역,-1
37.49649,126.77592,30,보호구역,-1
37.50709,126.77273,30,보호구역,-1
37.42805,127.14182,60,과속단속,80
37.38217,127.12153,60,과속단속,229
37.38232,127.12209,60,과속단속,47
37.43052,127.15437,60,과속단속,-1
37.43990,127.12785,60,과속단속,352
37.43992,127.12785,60,과속단속,352
37.41295,127.14389,60,과속단속,-1
37.17539,127.11248,30,보호구역,-1
37.17525,127.11270,30,보호구역,-1
37.27728,127.07895,30,보호구역,-1
37.30102,127.10812,30,보호구역,-1
37.27455,127.10329,30,보호구역,-1
37.24237,127.07226,30,보호구역,-1
37.24377,127.10622,30,보호구역,-1
37.24391,127.10621,30,보호구역,-1
37.26959,127.15884,30,보호구역,-1
37.27136,127.15867,30,보호구역,-1
37.32785,127.09442,30,보호구역,-1
37.32803,127.09435,30,보호구역,-1
37.23848,127.07643,30,보호구역,-1
37.23716,127.06818,30,보호구역,-1
37.28281,127.11299,30,보호구역,-1
37.43957,126.78718,60,과속단속,118
37.52618,126.79882,30,보호구역,-1
37.47214,126.80567,30,보호구역,-1
35.98398,129.40136,30,보호구역,-1
35.98006,129.41192,30,보호구역,-1
35.98244,129.41100,30,보호구역,-1
35.89561,129.49495,30,보호구역,-1
35.24636,129.17978,60,과속단속,232
35.24167,129.22033,60,과속단속,-1
35.18392,129.21041,50,과속단속,-1
35.16639,129.04835,50,과속단속,-1
37.32967,126.79647,30,보호구역,-1
37.32958,126.80606,30,보호구역,-1
37.33233,126.80472,30,보호구역,-1
37.31349,126.81535,30,보호구역,4
37.33512,126.78194,30,보호구역,74
37.33562,126.76286,30,보호구역,-1
37.31211,126.83672,30,보호구역,94
37.14226,126.95847,60,과속단속,-1
37.31280,126.82521,30,보호구역,273
37.47977,126.85817,30,보호구역,-1
36.97912,126.92610,50,과속단속,213
37.43254,127.11903,50,과속단속,-1
37.43604,127.11967,50,과속단속,-1
37.45859,127.15190,50,과속단속,208
37.38113,127.13396,60,과속단속,138
37.44093,127.13197,50,과속단속,70
37.35209,127.08577,60,과속단속,303
37.44770,127.12665,60,과속단속,178
37.44771,127.12665,60,과속단속,178
36.19457,128.00801,80,과속단속,-1
36.07131,129.39926,50,과속단속,-1
36.04641,129.36971,50,과속단속,209
36.64208,128.17725,50,과속단속,-1
36.64197,128.17729,50,과속단속,-1
36.59096,128.20150,80,과속단속,211
36.58798,128.19299,30,과속단속,-1
36.09566,128.18406,30,보호구역,-1
36.73502,128.10270,50,과속단속,-1
37.56095,126.84162,30,보호구역,-1
37.56516,126.84409,30,보호구역,-1
36.23142,128.06553,30,보호구역,-1
36.17800,128.11732,30,보호구역,-1
36.44293,127.95028,50,과속단속,-1
36.57136,128.18192,30,보호구역,-1
36.13937,128.31325,50,과속단속,104
36.16528,128.45390,60,과속단속,-1
36.13140,128.45500,60,과속단속,-1
36.12834,128.46877,60,과속단속,-1
36.03019,129.32063,30,보호구역,-1
36.01306,129.32607,30,보호구역,-1
36.01206,129.35314,30,보호구역,-1
36.02215,129.36644,30,보호구역,-1
36.02947,129.37432,30,보호구역,-1
35.56154,126.85331,50,과속단속,-1
35.62438,126.77603,40,과속단속,-1
35.61663,126.74281,80,과속단속,-1
35.37227,127.13423,50,과속단속,-1
35.37233,127.13450,50,과속단속,-1
35.39497,127.14024,40,과속단속,-1
35.39569,127.13993,40,과속단속,-1
35.96594,126.62190,60,과속단속,254
35.62595,126.47247,30,보호구역,-1
35.62596,126.47236,30,보호구역,-1
35.61182,126.66820,30,보호구역,184
35.78392,127.12833,60,과속단속,203
35.32553,127.24226,60,과속단속,-1
35.54716,127.18192,40,과속단속,-1
35.93308,126.94436,50,과속단속,-1
36.56944,128.73376,30,보호구역,-1
36.56562,128.73538,30,보호구역,-1
36.56771,128.71855,30,보호구역,-1
36.56790,128.71855,30,보호구역,-1
34.32656,126.84974,30,보호구역,-1
34.16440,126.59205,30,보호구역,-1
34.16314,126.59163,30,보호구역,-1
34.16290,126.55561,30,보호구역,-1
34.16203,126.55440,30,보호구역,-1
34.16217,126.55450,30,보호구역,-1
34.19564,126.57067,30,보호구역,-1
34.35871,126.72880,30,보호구역,-1
34.31670,126.73038,30,보호구역,-1
34.32544,126.74178,30,보호구역,-1
34.32514,126.74172,30,보호구역,-1
34.31267,126.73914,30,보호구역,-1
34.98280,127.50267,50,과속단속,-1
34.89581,127.57954,60,과속단속,-1
34.94591,127.52910,30,과속단속,-1
34.94606,127.53332,50,과속단속,-1
34.92609,127.49064,50,과속단속,6
34.92178,127.46710,60,과속단속,-1
34.90685,127.34428,50,과속단속,-1
34.93080,127.68894,60,과속단속,-1
34.93080,127.68894,50,과속단속,-1
34.92392,127.62680,80,구간단속,77
34.94184,127.66582,80,구간단속,80
34.70643,127.12484,60,과속단속,-1
34.63060,127.49336,60,과속단속,-1
35.57227,126.85308,50,과속단속,-1
34.95208,127.70363,30,보호구역,-1
34.94124,127.72677,30,보호구역,-1
34.93846,127.72194,30,보호구역,-1
34.93494,127.71830,30,보호구역,-1
34.93407,127.72109,30,보호구역,-1
34.98791,127.58528,30,보호구역,-1
34.93937,127.68162,30,보호구역,-1
34.37960,126.64597,30,보호구역,-1
34.32154,126.74149,30,보호구역,-1
34.31248,126.75966,30,보호구역,-1
34.32449,126.70131,30,보호구역,-1
34.17127,126.65277,30,보호구역,-1
34.39282,126.89724,30,보호구역,-1
34.33290,126.99730,30,보호구역,-1
34.44042,127.05981,30,보호구역,-1
34.32709,126.84933,30,보호구역,-1
34.16295,126.59209,30,보호구역,-1
34.16290,126.55513,30,보호구역,-1
34.19491,126.57037,30,보호구역,-1
34.31667,126.73035,30,보호구역,-1
34.17110,126.65280,30,보호구역,-1
34.39280,126.89717,30,보호구역,-1
34.33260,126.99766,30,보호구역,-1
34.35565,127.02135,30,보호구역,-1
34.43970,127.06011,30,보호구역,-1
34.39805,126.80006,30,보호구역,-1
34.94875,126.95985,30,보호구역,-1
34.87426,126.97309,30,보호구역,-1
35.06456,127.06671,30,보호구역,-1
34.88327,126.98798,30,보호구역,-1
35.16839,127.13363,30,보호구역,-1
35.00779,127.09326,30,보호구역,-1
35.06043,126.99445,30,과속단속,-1
35.03096,127.04265,30,보호구역,-1
34.94487,126.89312,30,보호구역,-1
34.80775,126.48530,30,보호구역,-1
34.81320,126.47408,30,보호구역,-1
34.99085,126.47720,30,보호구역,-1
34.92921,126.50262,30,보호구역,-1
34.92491,126.42748,50,보호구역,207
34.92491,126.42748,30,보호구역,207
35.01484,126.39185,30,보호구역,-1
34.95832,126.33811,30,보호구역,-1
34.80769,126.47376,30,보호구역,-1
34.81193,126.47364,30,보호구역,-1
34.97576,127.60857,30,보호구역,-1
34.94727,127.68661,30,보호구역,-1
34.93716,127.69129,30,보호구역,-1
35.97363,128.92852,60,과속단속,-1
35.90949,128.95877,60,과속단속,-1
36.15708,128.26675,60,과속단속,-1
36.11821,128.93534,60,과속단속,-1
36.10967,128.92039,30,보호구역,-1
35.97961,128.97457,50,보호구역,-1
36.06023,128.89183,30,보호구역,-1
35.96426,128.92630,40,보호구역,-1
35.96431,128.92621,40,보호구역,-1
35.97081,128.93219,30,보호구역,-1
36.14606,128.11959,60,과속단속,-1
36.13495,128.11382,40,과속단속,-1
36.12634,128.09067,60,과속단속,69
36.07776,128.20050,60,과속단속,-1
36.11487,128.12597,50,과속단속,-1
36.15707,128.22471,60,과속단속,269
36.17385,128.25506,60,과속단속,-1
36.41987,128.18909,60,과속단속,289
36.41999,128.18885,60,과속단속,-1
35.84008,128.31451,60,과속단속,-1
35.83994,128.31068,60,과속단속,-1
36.10680,128.33012,30,보호구역,-1
36.65060,126.69350,30,과속단속,-1
36.15292,127.40704,60,과속단속,-1
36.18897,127.46956,30,과속단속,-1
36.20658,127.38392,80,과속단속,300
35.06470,126.98417,30,보호구역,-1
37.56669,127.18541,50,과속단속,-1
37.03910,126.91215,30,보호구역,-1
37.04216,127.08655,30,보호구역,-1
37.00494,127.00717,30,보호구역,-1
37.07266,127.06608,50,보호구역,17
36.98258,126.92495,30,보호구역,-1
36.98908,126.84708,30,보호구역,240
37.05071,127.05810,30,보호구역,-1
37.10719,127.03523,30,보호구역,-1
36.99487,127.08744,50,과속단속,281
37.31754,127.08948,30,보호구역,-1
37.17358,127.10229,30,보호구역,-1
37.17322,127.10221,30,보호구역,-1
37.18885,127.09053,30,보호구역,-1
37.18934,127.09052,30,보호구역,-1
37.19570,127.08982,30,보호구역,-1
37.19601,127.08976,30,보호구역,-1
37.19593,127.06946,30,보호구역,330
37.44222,127.15945,30,보호구역,-1
37.48640,127.13408,30,과속단속,-1
37.48604,127.13412,30,과속단속,-1
37.48800,127.15009,30,과속단속,-1
37.48726,127.15120,30,보호구역,-1
37.48790,127.15074,30,보호구역,-1
36.11526,129.31480,40,보호구역,-1
35.39712,127.20901,30,보호구역,-1
35.51266,126.66320,30,보호구역,-1
35.53731,126.74359,30,보호구역,-1
35.50846,126.64659,30,과속단속,-1
35.51009,126.64642,30,과속단속,-1
35.50286,126.64883,80,과속단속,-1
35.96567,126.98059,50,과속단속,-1
35.98047,126.97857,60,과속단속,180
35.96442,126.94856,50,과속단속,79
35.82522,127.09876,50,과속단속,269
35.83375,127.11617,60,과속단속,90
37.49482,126.77432,30,보호구역,-1
37.50991,126.75143,30,보호구역,-1
37.51203,126.75867,30,보호구역,-1
37.48989,126.75988,30,보호구역,-1
37.49366,126.75931,30,보호구역,-1
37.49534,126.74391,30,보호구역,-1
37.49555,126.74413,30,보호구역,-1
37.47237,126.86551,30,보호구역,-1
37.47756,126.87232,30,보호구역,-1
37.47774,126.87239,30,보호구역,-1
37.46944,126.87398,30,보호구역,-1
37.47619,126.85282,50,보호구역,-1
37.47024,126.84894,30,보호구역,-1
37.47007,126.84864,30,보호구역,-1
37.56004,127.18717,50,과속단속,-1
35.18534,126.81430,30,보호구역,-1
37.50699,126.96706,50,보호구역,296
37.58803,127.13197,30,보호구역,-1
37.60549,127.13074,30,보호구역,-1
37.59173,127.14278,30,보호구역,-1
37.60660,127.14285,30,보호구역,-1
37.60671,127.14339,30,보호구역,-1
37.76375,126.76536,50,과속단속,198
37.70610,126.68666,50,과속단속,-1
37.77352,126.83185,30,보호구역,-1
37.88866,127.05207,30,보호구역,-1
37.88889,127.05652,30,보호구역,-1
37.92505,127.05265,30,보호구역,-1
37.92474,127.05269,30,보호구역,-1
38.05931,127.27144,70,과속단속,193
38.05362,127.27052,70,과속단속,15
37.60996,127.13427,30,보호구역,-1
37.63825,127.13933,50,보호구역,-1
37.63109,127.12116,30,보호구역,-1
38.13496,127.07500,30,보호구역,-1
35.99679,127.79815,40,과속단속,-1
35.47580,127.25867,60,과속단속,-1
35.43357,127.23827,40,과속단속,-1
35.43294,127.23652,40,과속단속,-1
35.39721,127.20901,30,보호구역,-1
37.38689,127.52989,30,보호구역,-1
37.33720,127.75048,30,보호구역,-1
37.33721,127.75060,30,보호구역,-1
37.53399,127.20329,40,과속단속,-1
37.18565,127.08489,50,과속단속,94
37.53849,127.21668,30,보호구역,-1
37.54192,127.21913,30,보호구역,-1
37.54727,127.20484,30,보호구역,-1
37.18617,127.10122,50,과속단속,277
37.62651,126.68496,60,과속단속,129
37.55396,126.86745,50,보호구역,-1
37.54221,126.86288,50,보호구역,156
37.56235,126.82068,30,보호구역,-1
37.54922,126.83208,30,보호구역,-1
37.54354,126.84675,30,보호구역,-1
37.56018,126.85028,30,보호구역,-1
37.48958,126.89131,50,과속단속,-1
37.50661,126.85609,30,보호구역,-1
37.49367,126.84372,50,과속단속,-1
37.48826,126.85642,50,과속단속,-1
37.48678,126.83898,50,과속단속,-1
37.48629,126.83880,50,과속단속,-1
37.49619,126.88248,50,과속단속,177
35.82268,128.80864,60,과속단속,-1
35.82340,128.80843,60,과속단속,-1
37.42224,127.15528,70,과속단속,122
37.45095,127.12558,80,과속단속,359
37.38787,127.07834,60,과속단속,276
37.38501,127.08819,60,과속단속,133
37.43424,127.12863,60,과속단속,171
37.42296,127.17498,70,과속단속,247
37.20155,127.10812,30,보호구역,-1
37.33029,126.79974,30,보호구역,-1
37.33939,126.80014,30,보호구역,-1
37.66281,126.63207,30,보호구역,-1
37.25058,127.05949,30,보호구역,-1
37.27082,127.03639,30,보호구역,-1
37.31811,127.62757,80,보호구역,207
37.29861,127.58673,70,보호구역,98
37.54190,127.19833,30,보호구역,-1
37.32950,126.67032,60,과속단속,251
37.46784,126.81757,30,보호구역,-1
37.33414,127.70912,50,보호구역,-1
37.33393,127.70877,50,보호구역,-1
37.32960,127.67923,30,보호구역,-1
37.41072,127.56927,30,보호구역,-1
37.41082,127.56923,30,보호구역,-1
37.25877,127.65638,30,보호구역,-1
37.25886,127.65640,30,보호구역,-1
37.40580,127.50346,30,보호구역,-1
37.40581,127.50336,30,보호구역,-1
37.27965,127.10712,30,보호구역,-1
37.31675,127.09564,30,보호구역,-1
37.31700,127.09556,30,보호구역,-1
37.27312,127.09344,30,보호구역,-1
37.27339,127.07208,30,보호구역,-1
37.27333,127.07250,30,보호구역,-1
37.31513,127.10181,30,보호구역,-1
37.32590,127.09948,30,보호구역,-1
37.31878,127.09675,30,보호구역,-1
37.31808,127.08557,30,보호구역,-1
37.31684,127.08370,30,보호구역,-1
37.31676,127.08330,30,보호구역,-1
37.16808,126.87852,50,과속단속,-1
37.26941,127.13756,30,보호구역,-1
37.30449,127.01406,30,보호구역,-1
37.25826,127.09869,30,보호구역,-1
37.25820,127.09873,30,보호구역,-1
37.26982,127.07366,50,과속단속,-1
37.26978,127.07387,50,과속단속,-1
37.24209,127.06680,30,보호구역,-1
37.24211,127.06670,30,보호구역,-1
37.19016,127.20355,30,보호구역,-1
37.25087,127.22656,30,보호구역,-1
37.21103,127.07869,30,보호구역,-1
37.20893,127.07471,30,보호구역,-1
37.30436,126.83607,30,보호구역,-1
37.54259,127.22297,30,보호구역,-1
37.34409,127.06311,30,과속단속,-1
37.34203,127.06859,30,보호구역,-1
37.12573,127.07095,30,보호구역,-1
37.47802,127.18519,30,보호구역,-1
37.41046,127.25051,30,보호구역,-1
37.55097,127.18874,30,보호구역,-1
37.55735,127.18904,30,보호구역,-1
37.28485,126.84749,30,보호구역,-1
37.32845,126.79548,30,보호구역,-1
37.30125,127.00612,30,보호구역,-1
37.26826,126.98020,30,보호구역,-1
33.48980,126.48954,50,과속단속,-1
37.27086,127.00775,30,보호구역,-1
37.26739,126.97569,30,보호구역,-1
37.20493,127.54855,30,보호구역,-1
37.56629,127.20552,30,보호구역,-1
37.23954,127.28396,30,보호구역,-1
35.04102,128.35692,70,구간단속,161
35.09006,128.37852,70,구간단속,214
37.27413,127.13650,50,과속단속,-1
37.27450,127.13668,50,과속단속,-1
37.24982,127.11212,30,보호구역,-1
37.28969,127.15618,30,보호구역,-1
37.27961,127.10753,30,보호구역,-1
37.69423,126.59885,30,보호구역,-1
37.65067,126.58392,30,보호구역,-1
37.66278,126.63292,30,보호구역,-1
37.62315,126.72439,30,보호구역,-1
37.61811,126.72169,30,보호구역,-1
37.61838,126.74991,30,보호구역,-1
37.64374,126.69511,30,보호구역,-1
37.64344,126.69476,30,보호구역,-1
37.60377,126.72050,30,보호구역,-1
37.60656,126.72053,30,보호구역,-1
37.35940,126.91788,30,보호구역,-1
37.61831,126.72135,30,보호구역,-1
37.30557,127.08513,30,보호구역,-1
37.33997,127.07211,30,보호구역,-1
37.30196,127.08348,30,보호구역,-1
37.30200,127.08332,30,보호구역,-1
37.30697,126.90375,30,보호구역,-1
37.30683,126.90428,30,보호구역,-1
37.48667,127.49752,30,보호구역,-1
37.47250,127.47956,30,보호구역,-1
37.43696,127.49399,30,보호구역,-1
37.19037,127.06718,30,과속단속,70
37.19109,127.06669,30,보호구역,-1
37.13370,127.07190,30,보호구역,-1
37.13380,127.07159,30,보호구역,-1
37.53469,127.22648,50,과속단속,-1
37.30523,126.96914,30,보호구역,-1
37.60658,126.72087,30,보호구역,-1
37.44276,126.84554,30,보호구역,-1
37.44276,126.84561,30,보호구역,-1
37.27383,127.55689,30,보호구역,-1
37.19615,127.60659,30,보호구역,-1
37.20305,127.54628,30,보호구역,-1
37.17680,127.63432,30,보호구역,-1
37.19690,127.07278,30,보호구역,-1
37.35021,127.10877,60,과속단속,179
37.34978,127.10908,60,과속단속,360
37.08486,127.08370,30,과속단속,-1
37.34525,127.53719,50,과속단속,-1
37.36118,127.55430,50,과속단속,-1
37.40090,127.44287,50,과속단속,-1
37.25300,127.35602,30,보호구역,-1
37.35899,126.97088,30,보호구역,-1
37.36226,126.96644,30,보호구역,-1
37.34619,126.99811,30,보호구역,-1
37.20470,127.04485,30,보호구역,-1
37.08123,127.06429,30,보호구역,-1
37.69423,126.59882,30,보호구역,-1
37.28525,127.48878,30,보호구역,-1
37.37244,127.10615,30,보호구역,-1
37.33662,127.11670,30,보호구역,226
37.21055,126.81444,30,보호구역,-1
37.53709,127.20422,30,보호구역,-1
37.50229,127.23162,60,과속단속,160
37.13486,127.06886,30,보호구역,-1
37.04617,127.06004,60,과속단속,163
37.04620,127.06003,60,과속단속,163
37.06807,126.90210,60,과속단속,221
37.19215,127.07093,30,보호구역,-1
37.19675,127.07708,30,보호구역,-1
37.19688,127.07735,30,보호구역,-1
37.33273,126.84638,30,보호구역,-1
37.32354,126.84817,30,보호구역,191
37.32677,127.07572,30,보호구역,-1
37.55397,127.71177,30,보호구역,-1
37.53961,127.67366,30,보호구역,-1
37.49584,127.40983,30,보호구역,-1
37.33176,126.81542,30,보호구역,-1
37.34114,126.82141,30,보호구역,-1
37.34169,126.82662,30,보호구역,-1
37.33956,126.82756,30,보호구역,-1
37.30124,127.00617,30,보호구역,-1
37.27894,127.03612,30,보호구역,-1
37.28775,127.02256,30,보호구역,-1
37.37441,126.79644,30,보호구역,-1
37.50719,127.16260,30,보호구역,-1
37.50693,127.16220,30,보호구역,-1
37.53659,127.19499,30,보호구역,143
37.54166,127.22073,30,보호구역,-1
37.53514,127.20481,40,과속단속,-1
37.54302,127.21034,30,보호구역,-1
37.54304,127.20835,30,보호구역,-1
37.55009,127.20025,30,보호구역,-1
37.55058,127.19887,30,보호구역,355
37.51014,127.15996,30,보호구역,-1
37.51038,127.15974,30,보호구역,-1
37.63499,126.70219,30,보호구역,236
37.63543,126.70183,30,보호구역,-1
37.44404,127.14262,50,과속단속,64
37.42842,127.10086,30,보호구역,-1
37.46187,127.12942,30,보호구역,-1
37.54154,127.19842,30,보호구역,-1
37.45755,127.11941,50,과속단속,-1
37.45814,127.11956,50,과속단속,295
37.21309,127.05746,30,보호구역,-1
37.21284,127.05800,30,보호구역,-1
37.19297,127.07844,30,보호구역,-1
37.20821,127.05500,30,보호구역,-1
37.19271,127.07883,30,보호구역,-1
37.20901,127.06709,30,보호구역,-1
37.20681,127.09257,30,보호구역,181
37.20716,127.09299,30,보호구역,0
37.33250,127.54294,30,보호구역,-1
37.25563,127.64747,60,과속단속,159
37.40420,127.44444,30,보호구역,-1
37.29815,127.63581,30,보호구역,-1
37.29258,127.64422,30,보호구역,53
37.27871,127.63409,30,보호구역,260
37.04144,127.03984,50,과속단속,-1
37.04072,127.04197,30,보호구역,-1
37.38464,127.07432,50,과속단속,-1
37.38713,127.07487,50,과속단속,-1
37.38552,127.07418,50,과속단속,-1
37.36891,127.07030,30,보호구역,-1
37.36384,127.06753,50,과속단속,-1
37.37041,127.06875,30,보호구역,-1
37.36751,127.06828,30,보호구역,-1
37.36736,127.07091,30,보호구역,-1
37.04086,127.02533,30,보호구역,-1
37.04052,127.02464,50,과속단속,319
37.28128,127.11570,50,과속단속,-1
37.28168,127.11599,50,과속단속,-1
37.28529,127.14975,50,과속단속,-1
37.28541,127.15060,50,과속단속,169
37.39106,126.29514,50,과속단속,-1
37.18842,127.04197,50,과속단속,59
37.27422,126.93836,30,보호구역,271
37.24911,126.98750,30,보호구역,-1
37.29505,126.96056,30,보호구역,-1
37.27674,126.94640,30,보호구역,-1
37.42502,127.25671,50,과속단속,-1
37.42306,127.25582,30,보호구역,-1
37.42289,127.25632,50,과속단속,-1
37.42333,127.25598,30,보호구역,-1
37.35569,126.92090,30,보호구역,-1
37.20444,127.06650,30,보호구역,-1
37.20602,127.06557,30,보호구역,-1
37.20989,127.05740,30,보호구역,-1
37.20983,127.05778,30,보호구역,-1
37.26470,127.04352,30,보호구역,-1
37.25629,127.04272,30,보호구역,-1
37.26189,127.04473,30,보호구역,-1
37.28545,127.05354,30,보호구역,-1
37.20124,127.10534,30,보호구역,-1
37.20136,127.10568,30,보호구역,-1
37.20277,127.11642,30,보호구역,-1
37.20747,127.11459,30,보호구역,-1
37.20108,127.11738,30,보호구역,-1
37.20728,127.11459,30,보호구역,-1
37.18945,127.07046,30,보호구역,306
37.19835,127.10214,30,보호구역,-1
37.19822,127.10183,30,보호구역,-1
37.61374,126.60876,60,과속단속,268
37.27338,127.05919,30,보호구역,-1
37.27319,127.05933,30,보호구역,-1
37.22054,126.98681,30,보호구역,-1
37.43550,126.99470,30,보호구역,-1
37.42317,126.99270,30,보호구역,-1
37.42193,126.99148,50,과속단속,-1
37.42954,126.99779,30,보호구역,-1
37.33816,127.11587,30,보호구역,-1
37.16096,127.09854,30,보호구역,-1
37.20642,127.05976,30,보호구역,-1
37.16850,127.08797,30,보호구역,-1
37.16855,127.08773,30,보호구역,-1
37.16111,127.09827,30,보호구역,-1
37.19943,127.05732,30,보호구역,256
37.20470,127.10852,30,보호구역,-1
37.20465,127.10877,30,보호구역,-1
37.26363,127.10893,30,보호구역,-1
37.27378,127.04061,30,보호구역,-1
37.42463,127.53887,50,과속단속,-1
37.42432,127.53875,50,과속단속,-1
37.27881,127.00445,30,보호구역,-1
37.26756,126.97567,30,보호구역,-1
37.26196,127.00511,30,보호구역,-1
37.26770,126.99723,30,보호구역,-1
37.25869,126.95753,30,보호구역,-1
37.30521,127.05152,30,보호구역,-1
37.26913,127.04072,30,보호구역,-1
37.24882,127.02222,30,보호구역,106
37.23913,127.05219,30,보호구역,-1
37.24735,127.02879,50,보호구역,106
37.25475,127.08062,30,보호구역,-1
37.25498,127.06353,30,보호구역,-1
37.24942,127.06558,30,보호구역,-1
37.25942,127.07334,30,보호구역,-1
37.25980,127.07395,30,보호구역,-1
37.29205,127.07501,30,보호구역,-1
37.27391,127.05618,30,보호구역,-1
37.49376,126.77267,30,보호구역,-1
37.49361,126.77248,30,보호구역,-1
37.49638,126.78171,30,보호구역,-1
37.50056,126.78320,30,보호구역,-1
37.50089,126.78314,30,보호구역,-1
37.48680,126.76066,30,과속단속,-1
37.49426,126.74411,30,보호구역,-1
37.46807,126.81344,30,보호구역,-1
37.47866,126.81220,30,보호구역,-1
37.21286,127.04643,30,보호구역,-1
37.33782,127.10453,30,보호구역,-1
37.30819,127.11006,30,보호구역,-1
37.41901,127.24698,30,보호구역,-1
37.23392,127.10597,30,과속단속,-1
37.25089,126.98117,30,보호구역,70
37.24149,126.98399,30,보호구역,-1
37.26764,126.95644,30,보호구역,-1
37.26970,126.94309,30,보호구역,-1
37.27386,126.97391,30,보호구역,-1
37.26489,126.97741,30,보호구역,-1
37.26818,126.98956,30,보호구역,-1
37.27995,126.97858,30,보호구역,-1
37.34702,127.19379,50,과속단속,-1
37.34322,126.71712,50,과속단속,37
37.24039,127.03246,50,과속단속,-1
37.24427,127.03459,50,과속단속,63
37.62151,126.69767,50,보호구역,-1
37.64450,126.69051,30,보호구역,266
37.64582,126.68880,30,보호구역,-1
37.63634,126.68670,30,보호구역,-1
37.64032,126.66930,30,보호구역,-1
37.37791,126.78014,30,보호구역,-1
37.27156,127.02668,30,보호구역,-1
37.65572,126.62321,30,보호구역,-1
37.65485,126.62220,30,보호구역,-1
37.60737,126.76835,30,보호구역,-1
37.40728,126.75336,60,과속단속,220
37.40743,126.75401,60,과속단속,41
37.68478,126.60489,30,보호구역,-1
37.60661,126.77266,30,보호구역,-1
36.05520,128.26994,40,과속단속,-1
37.19652,127.07284,30,보호구역,-1
37.19567,127.11909,60,과속단속,331
37.19595,127.11999,30,보호구역,-1
37.20589,127.10333,30,보호구역,-1
37.20020,127.11800,50,과속단속,-1
37.21102,127.07894,30,보호구역,-1
37.20881,127.07437,30,보호구역,-1
37.36882,126.93400,30,보호구역,-1
37.36871,126.93394,30,보호구역,-1
37.39624,127.11688,30,보호구역,-1
37.40339,127.12538,30,보호구역,-1
37.40376,127.12534,30,보호구역,-1
37.36173,126.92346,30,보호구역,-1
37.36482,126.92116,30,보호구역,-1
37.36560,126.93985,30,보호구역,347
37.36674,126.94174,30,보호구역,-1
37.36590,126.94071,30,보호구역,-1
37.36528,126.93990,30,보호구역,-1
37.37599,126.94046,30,보호구역,44
37.37602,126.93996,30,보호구역,222
37.37205,126.93546,50,과속단속,-1
37.37456,126.93296,30,보호구역,-1
37.34343,126.80774,30,보호구역,-1
35.55032,129.14227,60,과속단속,154
35.54834,129.14346,60,과속단속,-1
35.24027,128.50942,60,과속단속,-1
37.32092,126.83680,30,보호구역,-1
36.98812,127.08050,50,과속단속,-1
37.23690,127.18933,50,과속단속,-1
37.35256,127.33683,50,과속단속,-1
37.35069,127.34836,70,과속단속,-1
37.35064,127.34490,50,과속단속,-1
37.08197,127.06211,50,과속단속,175
36.98804,127.08469,30,보호구역,-1
37.34850,127.34690,70,과속단속,-1
37.43186,127.20413,50,과속단속,-1
37.16356,127.10468,30,보호구역,-1
37.16373,127.10426,30,보호구역,-1
37.16339,127.11054,30,보호구역,-1
37.15925,127.11310,30,보호구역,-1
37.16309,127.11032,30,보호구역,-1
37.16850,127.11380,30,보호구역,-1
37.15960,127.11304,30,보호구역,-1
37.16047,127.10907,30,보호구역,-1
37.16017,127.10879,30,보호구역,-1
37.18133,127.10946,30,보호구역,-1
37.18143,127.10905,30,보호구역,-1
37.16841,127.11422,30,보호구역,-1
37.17412,127.11070,30,보호구역,-1
37.17385,127.11054,30,보호구역,-1
37.35717,127.14737,30,보호구역,-1
37.19485,127.11750,30,보호구역,-1
36.67399,127.14536,30,보호구역,-1
36.67433,127.14610,30,보호구역,-1
36.75087,127.19549,50,과속단속,-1
36.80040,127.10013,50,과속단속,52
36.90880,127.17209,30,보호구역,-1
36.81573,127.10989,60,과속단속,14
36.81931,127.10102,50,과속단속,194
36.78258,127.11021,30,과속단속,-1
36.77426,127.05457,50,과속단속,358
36.77415,127.05448,50,과속단속,173
36.79713,127.05625,50,과속단속,284
36.79934,127.04235,90,과속단속,164
36.79100,127.01323,30,보호구역,-1
36.79105,127.01332,30,보호구역,-1
36.92346,127.05106,30,보호구역,-1
37.32180,126.94092,30,보호구역,-1
37.32624,126.91186,30,보호구역,-1
37.33017,126.91501,30,보호구역,-1
37.35526,126.92615,30,보호구역,-1
37.34668,126.95600,30,보호구역,-1
37.34777,126.94308,30,보호구역,211
37.34416,126.94547,30,보호구역,-1
37.34467,126.81811,30,보호구역,-1
37.34465,126.81853,30,보호구역,-1
37.32407,126.82649,30,보호구역,-1
37.33695,126.81435,30,보호구역,-1
37.30441,126.85421,30,보호구역,-1
35.56796,127.02937,30,보호구역,-1
35.53431,126.89073,30,보호구역,-1
35.56659,126.86235,30,보호구역,-1
35.63234,126.95579,60,과속단속,-1
35.98225,126.74513,50,과속단속,-1
35.98031,126.74502,30,보호구역,-1
38.07028,128.61636,40,보호구역,-1
38.07021,128.61676,40,보호구역,-1
37.29765,127.81509,70,과속단속,176
37.28481,127.81350,70,과속단속,-1
37.33780,127.97442,30,보호구역,8
37.32192,127.98701,30,보호구역,269
37.32201,127.94988,30,보호구역,-1
35.13494,128.70697,50,과속단속,-1
35.13006,128.70624,30,과속단속,-1
36.65190,126.66460,30,보호구역,-1
36.59800,126.50520,70,과속단속,75
36.65680,126.68700,60,과속단속,179
36.62350,126.66340,60,과속단속,190
36.50427,126.62868,30,보호구역,-1
36.61251,126.73178,30,보호구역,-1
36.61295,126.70810,30,보호구역,-1
36.55835,126.68571,30,보호구역,-1
36.59707,126.67100,30,보호구역,-1
36.58714,126.66794,30,보호구역,-1
36.64865,126.68176,30,보호구역,-1
36.64851,126.68205,30,보호구역,-1
36.72704,127.11712,50,과속단속,-1
36.06988,129.40022,30,보호구역,-1
35.69279,128.58967,50,과속단속,-1
35.71630,128.91489,40,과속단속,-1
36.11785,128.17612,30,보호구역,-1
36.11699,128.42505,30,보호구역,-1
36.07080,128.35092,30,보호구역,-1
36.07066,128.35094,30,보호구역,-1
36.08549,128.36396,30,보호구역,-1
36.08560,128.36406,30,보호구역,-1
35.90932,127.07876,60,과속단속,244
35.90927,127.07917,60,과속단속,65
36.30321,127.34459,60,과속단속,117
36.34883,127.39508,30,보호구역,-1
36.39178,127.31454,60,과속단속,149
36.29462,127.38203,30,과속단속,-1
36.33906,127.44883,50,과속단속,-1
36.35762,127.39048,50,과속단속,90
36.37070,127.33664,30,보호구역,-1
36.07761,126.70062,50,과속단속,-1
37.64809,126.87684,50,과속단속,-1
37.64916,126.87418,50,과속단속,-1
37.67321,126.81178,30,보호구역,-1
36.92354,127.05094,30,보호구역,-1
35.27003,128.86500,40,과속단속,-1
34.86941,128.41637,70,과속단속,143
34.87445,128.42077,40,과속단속,-1
35.58043,126.84956,30,보호구역,-1
34.45703,126.81610,50,과속단속,-1
34.69782,126.67866,80,과속단속,277
34.57370,126.69955,60,과속단속,-1
34.70348,126.77294,30,보호구역,-1
34.64497,126.78594,30,보호구역,-1
34.64245,126.78329,30,보호구역,-1
34.64152,126.77535,30,보호구역,-1
34.57346,126.79875,30,보호구역,-1
34.45542,126.81186,30,보호구역,-1
35.27686,126.51403,30,보호구역,-1
35.26606,126.51333,50,과속단속,15
35.25612,126.50349,60,과속단속,-1
35.22763,126.50002,60,과속단속,-1
35.22763,126.49993,60,과속단속,-1
35.28187,126.49996,50,과속단속,-1
35.28175,126.50019,50,과속단속,-1
34.94406,127.71017,60,과속단속,-1
34.94555,127.71296,60,보호구역,-1
34.81422,126.45064,60,과속단속,249
34.81214,126.44682,60,과속단속,58
34.81646,126.42340,30,과속단속,-1
36.62549,127.43035,50,과속단속,152
36.62551,127.43037,50,과속단속,152
35.98832,129.40033,50,과속단속,-1
36.09863,129.42742,30,보호구역,-1
37.72749,128.95248,50,과속단속,-1
37.81839,127.63433,80,과속단속,108
37.81848,127.63448,80,과속단속,285
35.27375,126.73604,30,보호구역,-1
35.29516,126.78287,30,보호구역,-1
35.26273,126.66160,30,보호구역,-1
35.41176,126.80467,60,과속단속,-1
35.36048,126.79902,40,과속단속,-1
35.36476,126.80327,40,과속단속,-1
35.31296,126.77195,70,과속단속,-1
35.30659,126.74970,60,과속단속,-1
35.24827,126.81392,80,과속단속,204
35.33571,126.81258,40,과속단속,-1
35.33421,126.76622,30,보호구역,-1
35.32529,126.80533,30,보호구역,-1
35.29918,126.78612,30,보호구역,-1
35.27251,126.81690,60,과속단속,-1
35.29031,126.77642,30,보호구역,-1
35.29687,126.75817,40,과속단속,-1
35.22893,126.65025,30,보호구역,-1
35.22916,126.64932,30,보호구역,-1
34.74432,126.79618,30,보호구역,-1
34.64753,126.81726,30,보호구역,-1
34.63506,126.76835,50,과속단속,-1
35.26779,129.01716,60,과속단속,205
37.47493,126.69769,50,과속단속,-1
37.50484,126.73640,30,과속단속,-1
37.49775,126.70750,30,과속단속,-1
37.48277,126.65922,50,과속단속,353
37.48264,126.65852,50,과속단속,186
37.46717,126.63349,50,과속단속,-1
37.46745,126.63341,50,과속단속,-1
37.50388,126.73962,30,과속단속,-1
37.50367,126.74024,30,과속단속,-1
37.51316,126.73993,50,과속단속,-1
37.51861,126.74696,30,과속단속,-1
37.52242,126.73850,30,과속단속,-1
37.49187,126.73841,30,과속단속,-1
37.49174,126.73857,30,과속단속,-1
37.47933,126.69781,30,과속단속,-1
37.47955,126.69786,30,과속단속,-1
37.47927,126.69958,30,과속단속,-1
37.72187,128.83435,50,과속단속,-1
37.77395,128.92777,30,보호구역,-1
37.75697,128.91995,30,보호구역,-1
37.75538,128.90811,30,보호구역,-1
37.77410,128.91353,40,보호구역,-1
37.74238,128.87744,30,보호구역,-1
37.75880,128.86868,30,보호구역,-1
37.76539,128.88133,40,보호구역,-1
37.76912,128.87759,30,보호구역,-1
35.14984,129.01782,30,과속단속,-1
35.15978,129.06241,30,보호구역,-1
35.17717,129.04699,30,보호구역,-1
35.16463,129.05612,30,보호구역,67
35.15011,129.05236,30,보호구역,-1
35.14973,129.05243,30,보호구역,-1
35.16600,129.04558,50,보호구역,-1
35.15895,129.02743,30,보호구역,-1
35.16490,129.02771,30,보호구역,-1
35.14820,129.01771,30,보호구역,-1
35.17497,129.07034,30,보호구역,-1
35.17305,129.03016,30,보호구역,-1
35.16101,129.03427,30,보호구역,-1
35.16110,129.02966,30,보호구역,-1
35.15444,129.02148,50,보호구역,-1
35.14783,129.03449,30,보호구역,-1
35.14778,129.03453,30,보호구역,-1
35.15174,129.03491,30,과속단속,-1
35.13735,129.05955,50,보호구역,-1
35.13201,129.04640,30,보호구역,-1
35.13067,129.04694,30,보호구역,-1
35.12448,129.03682,30,보호구역,-1
35.12241,129.04139,30,보호구역,-1
35.12232,129.04148,30,보호구역,-1
35.17390,129.16588,30,보호구역,-1
35.17194,129.13599,30,보호구역,-1
35.26788,129.01766,50,과속단속,24
37.51738,126.73878,50,과속단속,-1
37.51599,126.73351,30,과속단속,-1
37.49193,126.74074,30,과속단속,-1
37.49813,126.72844,40,과속단속,-1
38.32967,128.52403,60,과속단속,167
37.99186,128.74263,80,과속단속,-1
37.99395,128.74147,80,과속단속,-1
35.12222,129.08311,50,과속단속,-1
35.12811,129.11039,30,보호구역,-1
35.16130,129.12930,30,보호구역,-1
35.15548,129.11602,50,보호구역,-1
35.14522,129.11506,30,보호구역,-1
35.16090,129.12025,30,보호구역,-1
35.13687,129.08334,30,보호구역,-1
35.12655,129.08980,50,보호구역,-1
35.13018,129.09786,50,보호구역,-1
35.13003,129.09826,50,보호구역,-1
35.10290,129.11578,50,보호구역,359
35.15774,129.10817,30,보호구역,-1
35.15772,129.10811,30,보호구역,-1
35.17373,129.11451,30,보호구역,-1
35.11609,129.11092,50,보호구역,-1
35.14047,129.07936,30,보호구역,-1
35.11400,129.08160,50,보호구역,-1
35.11422,129.08176,50,보호구역,-1
35.17686,129.10218,30,보호구역,-1
35.17509,129.11149,30,보호구역,23
35.17001,129.03841,30,과속단속,-1
38.23925,127.47110,30,보호구역,-1
38.24199,127.34431,30,보호구역,-1
38.24368,127.37743,30,보호구역,259
38.14755,127.30577,30,보호구역,-1
38.26346,127.16558,30,보호구역,-1
38.26726,127.35438,30,보호구역,-1
38.14044,127.30918,30,보호구역,-1
38.20546,127.29682,30,보호구역,-1
38.16221,127.31725,30,보호구역,-1
38.24847,128.56719,80,과속단속,271
37.29779,127.81535,70,과속단속,321
38.37998,128.47443,80,과속단속,330
37.50246,126.70845,30,과속단속,-1
37.46092,126.67304,50,과속단속,-1
37.49759,126.56788,30,과속단속,-1
37.49801,126.56882,30,과속단속,-1
37.49853,126.56889,30,과속단속,-1
37.49797,126.55893,30,과속단속,-1
37.49780,126.55924,30,과속단속,-1
37.49274,126.55337,30,과속단속,-1
37.49290,126.55417,30,과속단속,-1
37.49449,126.48269,50,과속단속,-1
37.49469,126.48204,50,과속단속,-1
37.43962,126.46197,40,과속단속,273
37.49205,126.72896,30,과속단속,-1
37.49185,126.72871,30,과속단속,-1
37.50123,126.73096,50,과속단속,-1
36.86321,127.92935,70,과속단속,176
36.87431,127.85022,30,과속단속,-1
36.78915,127.72201,30,보호구역,-1
36.79322,127.63462,80,과속단속,69
36.81322,127.79648,40,과속단속,-1
37.42104,126.73467,60,구간단속,275
37.41528,126.75693,60,구간단속,299
37.42092,126.73466,60,구간단속,94
37.15079,128.22704,50,과속단속,-1
37.10890,128.20029,60,과속단속,-1
37.12012,128.20990,50,과속단속,-1
34.84133,128.42551,40,과속단속,-1
34.78816,128.39070,50,과속단속,-1
34.87454,128.42071,40,과속단속,-1
36.18981,127.09969,40,과속단속,-1
36.19120,127.09329,40,과속단속,-1
37.64472,127.06895,30,보호구역,-1
37.39039,127.88322,50,과속단속,-1
35.26057,128.52300,50,과속단속,13
35.24264,128.50594,60,과속단속,233
35.02871,128.06051,70,과속단속,197
35.20716,128.66276,60,과속단속,-1
35.21529,128.70458,60,보호구역,-1
37.16321,127.31403,30,보호구역,-1
37.22897,127.18775,30,보호구역,-1
37.23951,127.31821,70,과속단속,210
37.23637,127.28436,30,보호구역,-1
37.16323,127.36830,30,보호구역,-1
37.34234,127.23004,30,보호구역,-1
37.33472,127.24887,50,보호구역,-1
37.14034,127.18615,60,과속단속,-1
37.26293,127.22377,30,보호구역,-1
37.20742,127.10336,30,보호구역,-1
37.20736,127.10348,30,보호구역,-1
36.91615,127.75570,30,보호구역,-1
36.93411,127.68429,30,보호구역,-1
36.98548,127.59875,30,보호구역,-1
36.99793,127.47177,30,보호구역,-1
36.94009,127.69173,30,보호구역,-1
36.90735,127.67870,30,보호구역,-1
36.87631,127.65446,30,보호구역,-1
37.01551,127.50093,30,보호구역,-1
36.99051,127.59318,30,보호구역,-1
36.97703,127.56351,30,보호구역,-1
37.00721,127.54133,30,보호구역,-1
36.96176,127.89688,60,과속단속,239
36.93095,127.92879,70,과속단속,174
36.81721,127.73519,30,보호구역,-1
36.85679,127.92173,60,과속단속,15
37.31628,127.08586,30,보호구역,-1
37.31812,127.08577,30,보호구역,-1
37.31360,127.08347,30,보호구역,-1
37.31760,127.09501,30,보호구역,-1
37.31986,127.08732,30,보호구역,-1
37.32125,127.09260,30,보호구역,-1
37.32340,127.09266,30,보호구역,-1
37.32360,127.09255,30,보호구역,-1
37.29948,127.07369,30,보호구역,-1
37.25036,127.11025,30,보호구역,-1
37.25047,127.11011,30,보호구역,-1
37.27967,127.11350,30,보호구역,-1
37.27943,127.11369,30,보호구역,-1
37.27959,127.11402,30,보호구역,-1
37.27988,127.11379,30,보호구역,-1
37.16274,127.04010,30,보호구역,-1
37.32374,126.80071,60,과속단속,261
37.16275,127.03947,30,보호구역,-1
37.32340,126.80083,60,과속단속,116
37.15337,127.06340,30,보호구역,-1
37.32339,126.80087,60,과속단속,116
37.04197,126.90400,60,과속단속,324
37.26792,127.21467,30,보호구역,-1
37.27051,127.21919,30,보호구역,-1
37.19107,127.20672,30,보호구역,-1
37.25849,127.21273,50,과속단속,-1
36.09301,128.42521,30,보호구역,-1
36.28978,129.01984,30,보호구역,-1
35.86080,128.18415,80,과속단속,172
36.14388,128.30221,60,과속단속,110
37.09816,129.04669,60,과속단속,-1
37.13987,128.97884,60,과속단속,-1
37.30261,127.07559,30,보호구역,-1
37.26684,127.13609,30,보호구역,125
37.29656,127.07607,30,보호구역,-1
37.29672,127.07589,30,보호구역,-1
37.29875,127.06969,50,과속단속,-1
37.28759,127.11235,30,보호구역,-1
37.28786,127.11238,30,보호구역,-1
37.26401,127.10532,50,과속단속,12
37.35470,127.24637,70,과속단속,-1
37.35423,127.24604,70,과속단속,-1
37.29664,127.11983,30,보호구역,-1
37.23990,127.07492,30,보호구역,-1
37.23984,127.07468,30,보호구역,-1
37.45808,126.83267,50,과속단속,-1
37.20308,126.98163,30,보호구역,-1
37.21791,126.95105,30,보호구역,-1
37.21298,126.96013,30,보호구역,-1
37.60266,126.60155,50,과속단속,-1
37.60108,126.60332,50,과속단속,-1
37.20121,126.82183,30,보호구역,-1
37.20558,126.80585,30,보호구역,-1
37.32145,127.08886,30,보호구역,-1
37.32193,127.08786,30,보호구역,-1
35.79665,127.87633,60,과속단속,-1
35.79680,127.87618,60,과속단속,-1
35.74604,127.83610,50,과속단속,-1
35.74617,127.83595,50,과속단속,-1
35.67661,127.92716,60,과속단속,-1
35.67595,127.92836,60,과속단속,-1
35.71226,128.02174,30,보호구역,-1
35.68909,127.92066,30,보호구역,-1
35.58186,127.85323,60,과속단속,-1
35.70787,128.02382,60,과속단속,-1
35.70789,128.02365,60,과속단속,-1
35.40871,128.47609,50,과속단속,-1
35.40765,128.47733,50,과속단속,-1
35.54068,128.48537,50,과속단속,52
35.54058,128.48483,50,과속단속,-1
35.88202,129.23055,60,과속단속,32
35.83426,129.28752,60,과속단속,-1
35.83434,129.28742,60,과속단속,-1
35.83295,129.20239,60,과속단속,190
35.83319,129.20274,60,과속단속,14
35.78849,129.05517,60,과속단속,-1
36.08866,128.36799,30,보호구역,-1
36.13993,128.41500,30,보호구역,-1
36.00827,129.37696,60,과속단속,93
36.00801,129.37691,60,과속단속,184
35.91868,128.28167,30,과속단속,-1
37.26778,126.99688,30,보호구역,-1
37.28475,126.99095,30,보호구역,-1
37.27461,126.93487,30,보호구역,-1
37.29191,126.98294,30,보호구역,-1
37.53162,126.89797,30,보호구역,-1
37.52713,126.90657,30,보호구역,-1
37.50309,126.90675,30,보호구역,-1
37.49952,126.90077,30,보호구역,-1
37.49945,126.89539,30,보호구역,-1
37.28196,126.99311,30,보호구역,-1
37.30757,127.00586,30,보호구역,-1
37.30154,126.97870,30,보호구역,-1
37.30512,126.97029,30,보호구역,-1
37.29220,126.99237,30,보호구역,-1
37.29846,126.99149,30,보호구역,-1
37.11224,126.92043,30,보호구역,-1
37.11945,126.91384,30,보호구역,-1
37.11858,126.91664,30,보호구역,-1
37.11317,127.15058,50,과속단속,226
37.12996,126.91515,30,보호구역,-1
37.20335,126.82919,30,보호구역,-1
37.20555,126.80638,30,보호구역,-1
37.32536,126.80801,30,보호구역,-1
37.32795,126.80820,30,보호구역,-1
37.33051,126.80378,30,보호구역,-1
37.30834,127.11150,30,보호구역,-1
37.43006,127.25964,30,보호구역,-1
37.12518,127.07137,30,보호구역,-1
37.21912,126.97370,30,보호구역,-1
37.21080,126.95622,50,과속단속,-1
37.21475,126.96256,30,보호구역,-1
37.33720,126.81404,30,보호구역,-1
37.33314,126.80451,30,보호구역,-1
37.33703,126.77924,30,보호구역,-1
37.33717,126.77877,30,보호구역,-1
37.33535,126.76310,30,보호구역,-1
37.41357,127.29636,30,보호구역,-1
37.37319,127.29940,70,과속단속,309
37.47069,127.28525,70,과속단속,81
37.44858,127.25978,70,과속단속,300
37.27062,126.93693,30,보호구역,-1
37.27441,126.93705,30,보호구역,-1
37.27873,127.00483,30,보호구역,-1
37.29479,126.95939,30,보호구역,-1
36.00100,129.38445,60,과속단속,314
36.00091,129.38450,60,과속단속,311
35.99582,129.39172,60,과속단속,306
35.99548,129.39210,60,과속단속,135
37.28689,126.85978,30,보호구역,-1
37.30512,126.90024,30,보호구역,-1
37.29480,126.86644,30,보호구역,-1
37.29685,126.86451,30,과속단속,-1
37.29670,126.86499,30,과속단속,-1
37.29037,126.82630,30,보호구역,-1
37.29035,126.86262,30,보호구역,-1
37.28738,126.86968,30,보호구역,-1
37.28717,126.86927,30,보호구역,-1
37.29328,126.86976,30,보호구역,-1
37.29345,126.86932,30,보호구역,-1
37.29331,126.87242,30,보호구역,-1
37.29341,126.87260,30,보호구역,-1
37.33789,126.78842,30,보호구역,-1
37.33954,126.80085,30,보호구역,-1
37.33821,126.80255,30,보호구역,-1
37.33854,126.80231,30,보호구역,-1
37.34318,126.80764,30,보호구역,-1
37.31041,126.81740,30,보호구역,-1
37.30353,126.81432,30,보호구역,184
37.30653,126.81687,30,보호구역,-1
37.32571,126.80764,30,보호구역,-1
37.34663,126.81889,30,보호구역,-1
37.34484,126.81518,30,보호구역,-1
37.34524,126.81548,30,보호구역,-1
37.34503,126.81653,30,보호구역,-1
37.13725,127.08365,30,보호구역,-1
37.13758,127.08368,30,보호구역,-1
37.44007,126.80792,30,보호구역,-1
37.43589,126.77807,30,보호구역,-1
37.07903,128.48376,30,보호구역,-1
37.10206,128.35809,30,보호구역,-1
37.03416,128.30239,50,보호구역,147
37.39192,126.80578,30,보호구역,-1
37.34833,126.72977,30,보호구역,-1
37.38802,126.81930,30,보호구역,-1
37.28701,127.00436,30,보호구역,-1
37.26355,127.00802,50,보호구역,-1
37.26372,127.00761,50,보호구역,-1
37.57212,127.19382,30,보호구역,-1
37.45969,127.03346,50,과속단속,86
37.45971,127.03346,50,과속단속,86
37.57316,127.18793,30,보호구역,-1
37.56935,127.18259,30,보호구역,-1
37.51895,127.45934,30,보호구역,-1
37.52678,127.41497,30,보호구역,-1
37.37212,126.93586,50,과속단속,-1
37.28819,126.85247,30,보호구역,-1
37.28819,126.85279,30,보호구역,-1
37.28657,126.85976,30,보호구역,-1
37.43913,127.14684,30,보호구역,-1
37.64039,126.66935,30,보호구역,-1
37.64428,126.63269,30,보호구역,74
37.60738,126.76780,30,보호구역,-1
37.60648,126.77325,30,보호구역,-1
37.68444,126.60487,30,보호구역,-1
37.63542,126.68005,30,보호구역,-1
37.60409,126.72888,30,보호구역,-1
37.22450,127.05865,30,보호구역,-1
37.33819,127.08436,30,보호구역,-1
37.33689,127.09578,30,보호구역,-1
37.33726,127.09587,30,보호구역,-1
37.30951,127.07616,30,보호구역,-1
37.23780,127.11773,30,보호구역,-1
37.54189,127.21638,30,보호구역,-1
37.34456,127.09455,30,보호구역,-1
37.34465,127.09217,30,보호구역,-1
37.34472,127.09186,30,보호구역,-1
37.34469,127.09230,30,보호구역,-1
37.35059,127.08594,30,보호구역,-1
37.35083,127.08584,30,보호구역,-1
37.54737,127.20925,30,보호구역,-1
36.99930,126.56790,60,과속단속,139
36.97410,126.68530,50,과속단속,270
37.54910,127.21094,50,보호구역,-1
37.55474,127.20078,30,보호구역,-1
37.29302,126.87557,30,보호구역,-1
37.29327,126.87568,30,보호구역,-1
37.21790,127.05174,30,보호구역,73
37.23415,127.06608,30,보호구역,-1
35.21278,129.03661,50,과속단속,60
35.13671,129.07215,50,과속단속,289
35.17284,129.07093,50,과속단속,-1
35.23081,129.09118,50,과속단속,186
35.15754,128.95608,70,과속단속,196
35.16887,129.13869,50,과속단속,137
35.19580,129.08024,50,과속단속,-1
35.11012,129.01765,50,과속단속,19
35.09219,129.03984,50,과속단속,338
35.11203,129.03837,50,과속단속,21
35.08577,128.95987,60,과속단속,236
37.23436,127.06673,30,보호구역,-1
36.98289,126.92493,30,보호구역,-1
36.98650,126.91906,30,보호구역,-1
37.20359,127.11641,30,보호구역,95
37.17515,127.10394,30,보호구역,-1
37.16264,127.10389,30,보호구역,-1
37.16238,127.10361,30,보호구역,-1
37.17520,127.10349,30,보호구역,-1
37.43756,127.14894,30,보호구역,-1
37.43787,127.15011,30,보호구역,-1
37.43674,127.14643,40,과속단속,-1
37.44052,127.15018,30,보호구역,-1
37.56084,127.19403,50,과속단속,-1
37.27620,127.14406,50,과속단속,-1
37.26684,127.13609,50,과속단속,125
37.20748,127.00354,30,과속단속,-1
37.33271,126.95637,50,과속단속,232
37.41133,126.98625,30,보호구역,-1
37.41192,126.98686,30,보호구역,-1
37.40692,126.98246,30,보호구역,-1
37.40712,126.98202,30,보호구역,-1
37.41218,126.98719,30,보호구역,-1
37.41098,126.98668,30,보호구역,-1
37.21781,127.39744,50,과속단속,30
37.27895,127.46310,50,과속단속,-1
37.33145,127.11194,30,보호구역,-1
37.32963,127.12536,30,보호구역,-1
37.33001,127.12318,30,보호구역,-1
37.33524,127.12666,30,보호구역,-1
37.34289,127.09673,30,보호구역,-1
37.28373,127.14736,50,과속단속,-1
37.26346,127.11015,30,보호구역,-1
37.31412,126.86344,30,보호구역,-1
37.31420,126.86364,30,보호구역,-1
37.31257,126.86404,30,보호구역,-1
37.31221,126.86443,30,보호구역,-1
37.32888,126.85912,30,보호구역,-1
37.32866,126.85889,30,보호구역,-1
37.64932,126.89967,60,구간단속,129
37.66207,126.89358,60,구간단속,148
37.65052,126.87097,30,보호구역,-1
37.63520,127.12266,30,과속단속,-1
37.63695,127.12325,50,과속단속,-1
37.63721,127.12338,30,과속단속,-1
37.81049,127.51746,30,보호구역,-1
37.67063,127.48783,50,과속단속,52
37.77910,127.46435,60,과속단속,18
37.74299,127.02792,50,과속단속,-1
37.72899,127.10325,50,과속단속,-1
37.73301,127.05025,30,보호구역,-1
37.73321,127.04999,30,보호구역,-1
37.74701,127.04689,30,보호구역,-1
37.74381,127.04653,50,보호구역,-1
37.74492,127.04613,50,보호구역,-1
37.76116,127.03728,30,보호구역,-1
37.76132,127.03685,30,보호구역,-1
37.23952,127.21469,30,보호구역,-1
37.15969,127.17536,30,보호구역,-1
37.14373,127.14539,60,과속단속,-1
37.25066,127.22331,50,과속단속,-1
37.28279,127.10562,50,과속단속,181
37.28278,127.10562,50,과속단속,181
37.68465,126.75652,30,보호구역,-1
37.68930,126.72112,30,보호구역,-1
37.68597,126.72010,30,보호구역,-1
37.67120,126.76585,30,보호구역,-1
37.67153,126.79617,30,보호구역,-1
37.66712,126.80156,30,보호구역,-1
37.66714,126.79789,30,보호구역,-1
37.67738,126.78109,30,보호구역,-1
37.67973,126.78170,30,보호구역,-1
37.68436,126.78129,30,보호구역,-1
37.68912,126.78293,30,보호구역,-1
37.67379,126.77904,30,보호구역,-1
37.66691,126.77423,30,보호구역,-1
37.66167,126.75677,30,보호구역,-1
37.67567,126.81422,30,보호구역,-1
37.65329,126.79108,30,보호구역,-1
37.65183,126.79150,40,보호구역,155
37.64151,126.79564,60,과속단속,-1
37.66676,126.78519,30,보호구역,-1
37.65326,126.78425,30,보호구역,-1
37.65264,126.77879,30,보호구역,-1
37.68164,126.78617,50,과속단속,111
37.66614,126.76778,60,과속단속,359
37.65462,126.77597,60,과속단속,153
37.65759,126.77482,50,과속단속,-1
37.94716,127.05479,30,보호구역,-1
37.94744,127.05453,30,보호구역,-1
37.68307,126.76972,30,보호구역,-1
37.67933,126.76392,40,보호구역,119
37.68715,126.76602,30,보호구역,-1
37.69915,126.74897,50,과속단속,-1
37.69168,126.74869,30,보호구역,-1
37.70202,126.75291,30,보호구역,-1
37.66880,126.73618,30,보호구역,-1
37.67802,126.75142,30,보호구역,28
37.20380,127.05904,30,보호구역,-1
37.39995,126.98613,30,보호구역,-1
37.35583,126.97072,30,보호구역,-1
37.36327,126.96766,30,보호구역,-1
37.31052,126.84263,30,보호구역,-1
37.31026,126.84250,30,보호구역,-1
37.33293,126.85009,30,보호구역,214
37.42976,127.74950,30,보호구역,-1
37.29453,126.82100,30,보호구역,-1
37.28241,126.83285,30,보호구역,-1
37.28074,126.83488,30,보호구역,9
37.28079,126.83489,30,보호구역,9
37.31025,126.84785,30,보호구역,3
37.32334,126.84822,30,보호구역,4
37.30588,126.85352,30,보호구역,-1
37.30570,126.85302,30,보호구역,-1
37.33182,126.85200,30,보호구역,214
37.33205,126.85243,30,보호구역,33
37.32749,126.85003,30,보호구역,184
37.31536,127.07684,30,보호구역,-1
37.31922,127.06554,30,보호구역,-1
37.31450,127.07388,50,보호구역,113
37.31544,127.07653,30,보호구역,-1
37.32291,127.08000,30,보호구역,-1
37.32948,127.06981,30,보호구역,-1
37.23739,127.18956,50,과속단속,-1
37.23622,127.18901,50,과속단속,284
37.23846,127.18958,50,과속단속,-1
37.19422,127.08985,40,보호구역,90
37.17246,127.12135,30,보호구역,-1
37.17226,127.12163,30,보호구역,-1
37.19185,127.09065,30,보호구역,-1
37.19182,127.07093,30,보호구역,-1
37.19769,127.06556,30,보호구역,354
36.36196,127.27043,70,구간단속,119
36.36176,127.27171,70,구간단속,290
36.39784,127.24726,70,구간단속,132
36.39797,127.24730,70,구간단속,132
36.39798,127.24735,70,구간단속,312
36.39784,127.24722,70,구간단속,132
36.36216,127.27048,70,구간단속,296
36.36160,127.27157,70,구간단속,112
36.57783,126.65622,30,보호구역,-1
36.57904,126.51284,30,보호구역,-1
36.52937,126.58856,30,보호구역,-1
36.09949,126.76458,60,과속단속,-1
36.13997,126.74595,60,과속단속,-1
36.03639,126.66967,60,과속단속,-1
36.09033,126.80123,30,과속단속,-1
36.10540,126.73832,60,과속단속,-1
36.98922,126.42569,80,과속단속,135
37.20601,127.06142,30,보호구역,-1
35.27868,128.40211,30,보호구역,-1
35.27866,128.40212,30,보호구역,-1
37.33118,127.11591,30,보호구역,-1
37.32242,127.11292,30,보호구역,-1
37.27510,127.21426,60,과속단속,-1
37.27498,127.21392,60,과속단속,-1
37.20527,127.20830,50,과속단속,-1
37.20490,127.20822,50,과속단속,-1
37.22268,127.22460,60,과속단속,330
37.22237,127.22467,60,과속단속,143
37.23948,127.15939,30,보호구역,-1
37.11233,127.14856,50,과속단속,299
37.27227,127.10706,30,과속단속,-1
37.28792,127.21317,60,과속단속,-1
37.24335,127.28215,30,보호구역,-1
37.16491,127.31076,30,보호구역,-1
37.16501,127.31119,30,보호구역,-1
37.29226,127.26425,30,보호구역,-1
37.02747,126.91198,50,과속단속,164
37.02793,126.91190,50,과속단속,344
37.22715,127.29736,60,과속단속,-1
37.28577,127.11200,50,과속단속,-1
37.23814,127.07655,30,보호구역,-1
37.18974,127.20910,30,보호구역,-1
37.36078,127.96061,40,보호구역,-1
36.48375,128.65618,30,보호구역,-1
36.56946,128.91970,30,보호구역,-1
36.59031,128.63861,30,보호구역,-1
36.22864,129.35671,30,보호구역,-1
36.22859,129.35679,30,보호구역,-1
34.36934,126.51946,30,보호구역,-1
34.36923,126.51953,30,보호구역,-1
34.57086,126.60487,30,보호구역,-1
34.57087,126.60459,30,보호구역,-1
34.57199,126.59777,30,보호구역,-1
34.57218,126.59732,30,보호구역,-1
35.33170,126.78102,30,보호구역,-1
35.29427,126.76979,70,과속단속,296
35.29295,126.75646,80,과속단속,-1
35.39204,126.77084,60,과속단속,-1
37.48632,126.80499,30,보호구역,-1
37.49070,126.78016,30,보호구역,-1
35.28230,128.40299,50,과속단속,-1
35.28399,128.40263,50,과속단속,-1
35.28004,128.41018,60,과속단속,258
35.27997,128.40967,60,과속단속,259
35.27499,128.39892,50,과속단속,-1
35.27498,128.39882,50,과속단속,-1
35.28440,128.31274,60,과속단속,-1
35.34872,128.43040,50,과속단속,-1
36.36671,128.00850,60,과속단속,-1
36.36665,128.00863,60,과속단속,-1
36.71254,127.21149,50,과속단속,-1
36.59871,127.27595,40,과속단속,-1
36.59882,127.27586,40,과속단속,-1
36.98304,128.34460,60,과속단속,158
37.07457,128.27755,70,과속단속,-1
36.83665,127.17466,110,구간단속,188
36.93421,127.18906,110,구간단속,-1
35.96057,126.71161,30,보호구역,-1
35.82523,126.76105,60,과속단속,-1
35.82531,126.76111,60,과속단속,-1
35.76352,126.95720,60,과속단속,-1
35.73282,127.04406,40,과속단속,-1
35.73250,127.04392,40,과속단속,-1
35.77601,127.01184,40,과속단속,-1
35.76881,126.94004,40,과속단속,-1
35.80605,126.90764,50,과속단속,-1
35.83806,126.90914,60,과속단속,5
35.78803,126.96702,70,과속단속,47
35.78836,126.96661,70,과속단속,-1
37.23039,128.07761,40,보호구역,-1
37.32140,127.96388,40,보호구역,56
37.32180,127.96391,40,보호구역,318
37.36170,127.96119,40,보호구역,-1
37.32840,126.91640,50,과속단속,-1
37.32834,126.91655,50,과속단속,-1
37.35642,126.94346,30,과속단속,-1
37.34102,126.93540,30,과속단속,-1
37.33237,126.92652,50,과속단속,93
37.32113,126.92923,50,과속단속,-1
37.32051,126.92883,50,과속단속,-1
37.31516,126.91606,50,과속단속,-1
35.16414,126.85565,60,과속단속,180
35.20203,126.86548,80,과속단속,11
35.20251,126.81092,60,과속단속,35
35.20228,126.81932,60,과속단속,175
35.16167,126.87691,60,과속단속,271
35.16157,126.87731,60,과속단속,92
36.98513,128.65877,60,과속단속,-1
36.87205,128.59467,60,과속단속,-1
36.82999,128.63584,60,과속단속,225
36.78122,128.53247,30,보호구역,-1
36.86790,128.53565,50,과속단속,-1
36.76551,128.67977,80,과속단속,121
35.64325,128.83750,40,과속단속,-1
36.72045,129.14251,60,과속단속,-1
36.41591,128.13620,60,과속단속,100
36.42780,128.31714,60,과속단속,-1
36.42785,128.31722,60,과속단속,-1
36.48502,128.08990,60,과속단속,-1
36.48728,128.07291,60,과속단속,-1
37.39953,127.27042,30,보호구역,-1
37.35875,126.93859,30,보호구역,-1
37.35926,126.93799,30,보호구역,-1
37.35994,126.93690,50,과속단속,56
37.35576,126.93294,50,과속단속,-1
37.35650,126.93217,50,과속단속,-1
37.35768,126.93189,50,과속단속,236
37.37235,126.94374,30,과속단속,-1
37.37263,126.94386,30,과속단속,-1
37.36429,126.94365,30,과속단속,-1
37.35272,126.92756,50,과속단속,-1
37.36993,126.93719,50,과속단속,-1
37.37042,126.93673,50,과속단속,-1
37.36827,126.93196,30,과속단속,-1
37.36554,126.92808,50,과속단속,-1
37.35397,126.94176,30,과속단속,-1
37.35373,126.94113,30,과속단속,-1
37.34933,126.94061,30,과속단속,-1
37.34874,126.94054,30,과속단속,-1
37.35476,126.95738,50,과속단속,57
37.35533,126.95812,50,과속단속,234
37.35355,126.94977,50,과속단속,-1
37.35387,126.94951,50,과속단속,-1
37.34853,126.95773,30,보호구역,-1
37.34804,126.95814,30,과속단속,-1
37.34465,126.95756,30,보호구역,-1
37.34676,126.94321,50,과속단속,-1
36.61645,127.48610,50,보호구역,-1
36.61644,127.48610,50,보호구역,-1
36.60842,127.49495,30,보호구역,-1
36.61775,127.47699,30,보호구역,-1
36.61083,127.46429,30,보호구역,-1
36.60875,127.46774,30,보호구역,-1
36.70748,127.42407,30,보호구역,-1
36.70676,127.42476,30,보호구역,-1
36.71932,127.42502,30,보호구역,-1
36.74031,127.45867,30,보호구역,-1
36.73671,127.44797,30,보호구역,-1
36.71228,127.41445,30,보호구역,-1
36.70995,127.41636,50,보호구역,-1
36.63432,127.44723,50,과속단속,-1
36.61595,127.44428,60,과속단속,-1
36.62015,127.63846,80,과속단속,-1
36.62296,127.49482,50,과속단속,-1
36.62771,127.32909,30,보호구역,-1
36.67301,127.38976,30,보호구역,-1
36.70663,127.52646,80,과속단속,34
36.74833,127.47169,70,과속단속,68
36.74990,127.47768,70,과속단속,223
35.17585,126.86546,30,보호구역,-1
35.77698,128.96214,50,과속단속,-1
35.57342,128.79088,50,과속단속,-1
35.59813,128.76574,50,과속단속,-1
36.31272,127.42139,30,보호구역,-1
36.31281,127.42122,30,보호구역,-1
36.28507,127.38185,30,보호구역,-1
36.28508,127.38134,30,보호구역,-1
36.33012,127.40190,30,보호구역,-1
36.33004,127.40170,30,보호구역,-1
36.31653,127.38646,50,과속단속,-1
36.31826,127.38614,50,보호구역,-1
36.08123,127.51166,60,과속단속,-1
35.54800,129.36049,70,구간단속,296
35.52430,129.39138,70,구간단속,-1
35.52426,129.39128,70,구간단속,-1
35.44679,129.33439,70,과속단속,-1
35.62449,129.34866,70,과속단속,165
35.62432,129.34882,70,과속단속,346
35.55021,129.38290,50,과속단속,-1
35.54552,129.32460,60,과속단속,342
35.55359,129.30865,60,과속단속,274
35.56177,129.30364,60,과속단속,-1
36.63664,127.65879,30,보호구역,-1
36.61684,127.47838,30,보호구역,-1
36.66582,127.47088,30,보호구역,-1
36.63964,127.43332,30,보호구역,-1
36.62758,127.42232,30,보호구역,-1
36.61849,127.47850,30,보호구역,-1
36.64044,127.42711,30,보호구역,-1
36.47511,127.42611,60,보호구역,182
34.93838,127.54656,30,보호구역,-1
34.95400,127.53091,50,과속단속,-1
34.94402,127.51797,30,보호구역,-1
34.94828,127.51116,30,보호구역,-1
34.94463,127.48779,50,과속단속,-1
34.63103,127.01522,60,과속단속,-1
34.62226,126.92237,60,과속단속,-1
34.68243,126.90722,30,보호구역,-1
34.49901,126.89023,30,보호구역,-1
34.77590,126.97249,30,보호구역,-1
34.67933,126.90197,30,보호구역,-1
34.68596,126.90429,30,과속단속,-1
35.01422,126.53592,30,보호구역,-1
35.06833,126.53258,30,보호구역,-1
35.17704,126.60350,30,보호구역,-1
35.11588,126.60723,30,보호구역,-1
35.06174,126.52343,30,보호구역,-1
35.06254,126.51413,30,보호구역,-1
35.06372,126.51597,30,보호구역,-1
36.85843,128.89836,60,과속단속,-1
36.85835,128.89843,60,과속단속,-1
35.20947,127.23680,60,과속단속,-1
34.87434,128.62895,30,보호구역,117
34.96009,128.23611,50,과속단속,-1
34.96001,128.23618,50,보호구역,-1
35.10601,128.24234,30,과속단속,-1
36.36607,127.37662,30,보호구역,-1
36.36645,127.37673,30,보호구역,-1
34.99170,127.49740,50,과속단속,-1
34.97568,127.53575,30,보호구역,-1
34.97039,127.52041,30,보호구역,-1
34.94292,127.51583,30,보호구역,-1
34.94010,127.52604,30,보호구역,-1
34.94865,127.53044,30,보호구역,-1
34.94288,127.53654,30,보호구역,-1
34.94475,127.54249,30,보호구역,-1
34.92651,127.54755,30,보호구역,-1
34.85816,127.53767,30,보호구역,-1
34.87506,127.45315,30,보호구역,-1
34.94314,127.44757,30,보호구역,-1
34.97381,127.47434,30,보호구역,-1
35.10798,127.49517,50,과속단속,-1
35.09267,127.37927,30,보호구역,-1
34.91542,127.27303,30,보호구역,-1
34.96859,127.48882,50,과속단속,-1
34.97401,127.48941,30,보호구역,-1
34.99023,127.36271,50,과속단속,-1
35.05810,127.27913,30,보호구역,-1
35.07558,127.23980,40,보호구역,-1
34.96209,127.26828,30,보호구역,-1
34.90870,127.34112,30,보호구역,-1
34.84932,127.41487,30,보호구역,-1
34.91375,127.53640,30,보호구역,-1
36.33426,127.36824,50,과속단속,87
36.31158,127.38387,50,과속단속,-1
36.31133,127.38416,50,과속단속,-1
36.29539,127.36101,30,보호구역,-1
36.30739,127.37660,30,보호구역,-1
36.34616,127.36683,30,보호구역,-1
36.34176,127.38500,30,보호구역,-1
36.35582,127.39991,30,보호구역,-1
36.35576,127.39403,30,보호구역,-1
36.34893,127.39387,50,과속단속,-1
36.35107,127.39013,50,과속단속,-1
36.35110,127.38286,50,과속단속,-1
36.35601,127.38306,50,과속단속,-1
36.36200,127.39018,50,과속단속,-1
36.36000,127.39034,50,과속단속,-1
36.35982,127.39338,30,보호구역,-1
36.35746,127.39516,30,과속단속,-1
36.35603,127.39534,30,과속단속,-1
36.34681,127.39352,50,과속단속,-1
36.34327,127.38748,30,보호구역,-1
36.34500,127.36957,50,과속단속,-1
36.34607,127.36837,50,과속단속,-1
36.35612,127.36516,40,과속단속,-1
36.35769,127.36862,50,과속단속,92
36.35629,127.37059,30,보호구역,-1
36.35975,127.37172,30,과속단속,-1
36.36101,127.36837,30,보호구역,-1
36.36223,127.37164,30,보호구역,-1
36.36741,127.37770,30,보호구역,-1
36.32498,127.34597,30,과속단속,-1
36.29602,127.32995,30,과속단속,-1
36.29654,127.33004,30,과속단속,-1
36.30780,127.34801,30,과속단속,-1
36.30818,127.34797,30,과속단속,-1
36.29654,127.33499,30,보호구역,360
36.33653,127.38254,30,보호구역,-1
36.34026,127.38222,30,과속단속,-1
36.31671,127.37121,30,보호구역,-1
36.31824,127.37139,30,보호구역,-1
36.30184,127.35282,30,보호구역,-1
36.30186,127.35313,30,보호구역,-1
36.34084,127.38601,30,보호구역,-1
36.29784,127.34543,60,과속단속,-1
36.32376,127.37023,30,보호구역,-1
36.29623,127.34046,50,과속단속,-1
36.29517,127.34056,30,보호구역,-1
36.29870,127.32930,50,보호구역,-1
36.29641,127.32969,30,과속단속,-1
36.29616,127.33029,30,과속단속,-1
36.29686,127.32681,30,과속단속,-1
36.32117,127.34806,50,과속단속,0
36.30770,127.33733,50,과속단속,-1
36.30803,127.33674,50,과속단속,-1
36.29729,127.37998,30,보호구역,-1
36.29752,127.37978,30,보호구역,-1
36.31164,127.34631,30,보호구역,-1
36.31160,127.34692,30,보호구역,-1
36.33196,127.37117,30,과속단속,-1
36.97580,127.49140,30,보호구역,-1
36.73773,127.45853,70,과속단속,351
36.82747,127.09841,60,과속단속,312
38.27304,127.52484,50,과속단속,-1
38.27300,127.52518,50,과속단속,-1
37.29754,127.93756,30,보호구역,-1
38.23876,127.46981,30,보호구역,-1
38.14659,127.30617,30,보호구역,-1
38.14668,127.30617,30,보호구역,-1
37.46123,126.63206,80,구간단속,22
37.51265,126.62706,80,구간단속,340
37.52299,126.64908,60,구간단속,182
37.54607,126.65000,60,구간단속,184
37.54609,126.65019,60,구간단속,4
37.52302,126.64935,60,구간단속,2
37.50329,126.71905,30,과속단속,-1
37.50401,126.71061,30,과속단속,-1
37.50350,126.71875,30,과속단속,-1
36.53537,127.56977,30,과속단속,-1
36.53521,127.57491,30,과속단속,-1
35.16699,126.91976,50,과속단속,1
35.18575,126.81022,60,과속단속,351
36.30569,127.37315,30,보호구역,-1
36.34384,127.38752,30,보호구역,-1
36.30024,127.34189,30,과속단속,-1
36.32480,127.34566,30,과속단속,-1
37.49721,127.12908,30,보호구역,-1
35.89320,129.01380,40,보호구역,-1
35.96549,128.91837,40,보호구역,-1
35.96190,128.95089,30,보호구역,-1
35.88585,129.22288,60,과속단속,-1
36.19908,129.33797,30,보호구역,-1
36.45024,129.28200,30,보호구역,-1
36.28305,129.37339,30,보호구역,-1
36.41209,129.36890,30,보호구역,-1
36.44848,129.28119,30,보호구역,-1
36.41361,129.36780,30,보호구역,-1
36.28440,129.37263,30,보호구역,-1
36.27165,127.60500,60,구간단속,-1
36.27069,127.61966,60,과속단속,261
37.03881,127.53917,30,보호구역,-1
37.04351,128.31007,70,과속단속,-1
37.02487,128.29385,70,과속단속,-1
36.99865,128.32734,70,과속단속,-1
37.06588,128.29553,70,과속단속,-1
36.94275,127.73265,80,과속단속,262
37.03086,127.60776,60,과속단속,175
37.01398,127.60049,30,보호구역,-1
35.55606,127.71058,50,과속단속,-1
37.46069,127.10390,30,보호구역,-1
37.48561,127.08345,30,보호구역,-1
37.48125,127.05384,50,과속단속,330
37.48484,127.05824,30,보호구역,-1
37.48761,127.07306,30,보호구역,-1
37.48853,127.07408,50,과속단속,158
37.52918,127.11600,30,보호구역,-1
36.01346,129.36386,30,보호구역,-1
36.69862,129.05931,40,보호구역,-1
36.70212,129.12785,30,보호구역,-1
36.55537,128.76099,30,보호구역,-1
36.54674,128.79242,30,보호구역,-1
36.56384,128.69836,30,보호구역,-1
36.56102,128.69266,30,보호구역,-1
35.97983,128.39843,60,과속단속,-1
35.98029,128.56940,50,과속단속,-1
35.81973,128.46288,60,과속단속,-1
37.53001,127.11035,30,보호구역,-1
37.50539,127.07496,30,보호구역,-1
37.48999,127.12834,40,과속단속,-1
37.48443,127.12616,30,보호구역,-1
37.49753,127.14047,30,보호구역,-1
37.59660,126.70770,30,과속단속,-1
37.58540,126.70270,30,과속단속,-1
37.58550,126.70270,30,과속단속,-1
37.50112,126.67201,30,과속단속,-1
37.51121,126.67261,30,과속단속,-1
37.54210,126.67643,30,과속단속,-1
37.54205,126.67702,30,과속단속,-1
37.60287,126.65986,50,과속단속,-1
37.48528,126.71830,50,과속단속,82
37.48482,126.74743,50,과속단속,-1
37.50177,126.72162,50,과속단속,-1
37.51034,126.72576,30,과속단속,-1
35.14222,128.98401,50,과속단속,-1
35.11602,128.84455,60,과속단속,193
36.83795,127.12316,40,과속단속,-1
36.83410,127.12359,40,과속단속,-1
37.61080,127.13203,30,과속단속,-1
37.60465,127.14206,30,보호구역,-1
35.12856,128.49999,60,과속단속,345
35.20715,128.56304,60,과속단속,34
35.63484,127.96365,50,과속단속,-1
35.63480,127.96374,50,과속단속,-1
34.82659,128.35785,30,보호구역,-1
35.46733,127.77174,30,과속단속,-1
35.46733,127.77165,30,과속단속,-1
35.52283,127.77848,70,과속단속,-1
35.51131,127.81111,80,과속단속,132
35.54123,127.81862,50,과속단속,-1
35.19088,126.82567,50,과속단속,271
37.52552,126.70521,50,과속단속,-1
37.52508,126.70490,50,과속단속,-1
37.55879,126.75560,30,과속단속,-1
37.55868,126.75609,30,과속단속,-1
37.60160,126.71100,30,과속단속,-1
37.29240,127.07196,30,보호구역,-1
37.37378,126.80879,50,과속단속,360
37.37376,126.80870,50,과속단속,179
37.24722,127.18998,50,과속단속,329
37.20675,127.00905,30,보호구역,-1
37.33556,127.05895,50,과속단속,-1
37.22806,127.24471,70,과속단속,107
37.24883,127.22780,50,과속단속,-1
37.34155,127.25017,50,과속단속,-1
37.23934,127.21448,30,보호구역,-1
37.70343,126.75942,60,과속단속,-1
37.69352,126.77316,50,과속단속,-1
37.69194,126.77165,30,보호구역,-1
37.69127,126.77027,30,보호구역,-1
37.69561,126.77130,30,보호구역,-1
37.67666,126.75888,30,보호구역,-1
37.67769,126.76231,30,보호구역,-1
37.23314,127.56970,70,과속단속,-1
37.27249,127.13790,50,과속단속,29
37.27565,127.14427,50,과속단속,-1
37.37572,127.11980,50,과속단속,-1
37.24192,127.16862,50,과속단속,-1
37.32205,126.68769,30,보호구역,-1
37.32208,126.68733,30,보호구역,-1
37.44919,127.14229,30,보호구역,-1
37.34831,127.11601,30,보호구역,-1
37.33806,127.11795,30,보호구역,-1
37.16169,127.10950,50,과속단속,-1
37.16143,127.10996,50,과속단속,-1
37.17402,127.10034,30,보호구역,-1
37.52779,127.22167,60,과속단속,169
37.53572,127.21465,50,과속단속,334
37.20932,127.03395,30,보호구역,327
37.20892,127.03407,30,보호구역,146
37.22783,127.04658,30,보호구역,-1
37.22890,127.29080,50,과속단속,-1
37.22913,127.29061,50,과속단속,-1
37.25513,127.22651,30,보호구역,-1
37.39015,127.22996,50,과속단속,-1
37.39478,127.24562,50,과속단속,-1
37.43022,127.23669,50,과속단속,-1
37.41021,127.20276,50,과속단속,-1
37.28608,127.04129,30,보호구역,-1
37.21996,126.94859,30,보호구역,232
37.46396,126.86828,30,보호구역,-1
37.46930,126.87608,30,보호구역,-1
37.46911,126.87569,30,보호구역,-1
37.46384,126.86855,30,보호구역,-1
37.46392,126.87437,30,보호구역,-1
37.46372,126.87404,30,보호구역,-1
37.46725,126.88011,30,보호구역,-1
37.46055,126.88464,30,보호구역,-1
37.46064,126.88480,30,보호구역,-1
37.46722,126.87989,30,보호구역,-1
37.45817,126.88022,30,보호구역,-1
37.45805,126.87987,30,보호구역,-1
37.45266,126.88488,30,보호구역,-1
37.44913,126.88820,30,보호구역,-1
37.44893,126.88805,30,보호구역,-1
37.45260,126.88527,30,보호구역,-1
37.29546,127.54355,70,과속단속,71
37.29748,127.61024,70,과속단속,-1
37.43832,126.87920,30,보호구역,-1
37.43350,126.88539,30,보호구역,-1
37.21284,126.94376,50,과속단속,179
37.27688,127.61239,50,보호구역,-1
37.31177,127.64677,30,보호구역,-1
37.34695,127.18321,50,과속단속,-1
36.49802,127.20649,30,보호구역,-1
36.49786,127.20644,30,보호구역,-1
36.66927,127.21774,40,보호구역,-1
37.03874,126.90439,60,과속단속,168
37.05887,126.90138,60,과속단속,163
37.06386,126.90037,60,과속단속,312
37.34538,126.80667,30,보호구역,-1
37.29950,126.99399,30,보호구역,-1
37.28204,126.99353,30,보호구역,-1
37.28323,126.99607,30,보호구역,-1
37.30125,126.97864,30,보호구역,-1
37.30115,126.98284,30,보호구역,-1
37.29156,126.98302,30,보호구역,-1
37.29539,126.99020,30,보호구역,-1
37.31019,127.00009,30,보호구역,-1
37.30725,127.00618,30,보호구역,-1
37.30791,126.98740,30,보호구역,-1
37.27715,127.02369,30,보호구역,-1
37.28246,127.03920,50,보호구역,306
37.29991,127.03015,30,보호구역,-1
37.60442,126.72903,30,보호구역,6
37.60428,126.72577,30,보호구역,-1
37.61203,126.72727,30,보호구역,90
37.60656,126.72604,30,보호구역,84
37.21303,126.94395,50,과속단속,328
37.22006,126.94918,30,보호구역,51
37.68463,126.36435,30,과속단속,-1
37.67714,126.51189,30,과속단속,-1
37.62255,126.48053,50,과속단속,-1
37.64142,126.48727,50,과속단속,-1
37.63196,126.43319,50,과속단속,-1
37.63473,126.46796,40,과속단속,-1
37.71840,126.39015,30,과속단속,-1
37.65083,126.51810,30,과속단속,-1
37.63586,126.49469,50,과속단속,-1
37.71766,126.45941,50,과속단속,-1
37.67026,126.47577,30,과속단속,-1
37.71791,126.39749,50,과속단속,-1
37.71863,126.39054,30,과속단속,-1
37.65748,126.49286,50,과속단속,-1
37.71813,126.46291,40,과속단속,-1
37.64920,126.44466,30,과속단속,-1
37.65236,126.43632,30,과속단속,-1
37.68870,126.41891,30,과속단속,-1
37.52549,126.75019,50,과속단속,90
37.52566,126.74974,50,과속단속,253
37.52967,126.70574,50,과속단속,62
37.52530,126.69970,50,과속단속,-1
36.49972,127.24031,50,과속단속,188
36.47923,127.26339,50,과속단속,57
36.47926,127.26339,50,과속단속,57
36.59554,127.29629,30,과속단속,134
36.59557,127.29633,30,과속단속,284
37.10907,126.79971,30,보호구역,-1
37.16269,127.07401,30,보호구역,-1
37.32372,126.80077,60,과속단속,261
37.47125,128.84941,50,과속단속,-1
37.41807,128.66611,50,과속단속,-1
37.22268,128.82563,30,과속단속,-1
37.25511,128.78067,30,보호구역,-1
37.25496,128.78053,30,보호구역,-1
37.39440,128.60002,30,보호구역,-1
37.43088,128.66339,30,보호구역,-1
37.27395,128.87189,30,보호구역,-1
37.33757,128.78781,30,보호구역,-1
37.49566,128.84794,30,보호구역,-1
37.31210,127.82249,40,보호구역,49
37.31210,127.82194,40,보호구역,228
37.35043,127.93042,30,보호구역,-1
35.53809,129.33143,60,과속단속,76
37.69553,126.39165,60,과속단속,-1
37.63512,126.52990,60,과속단속,-1
37.71834,126.41416,30,과속단속,-1
37.71874,126.50500,40,과속단속,-1
37.70353,126.32273,30,과속단속,-1
37.66806,126.36146,30,과속단속,-1
36.96684,127.48522,30,보호구역,-1
37.32258,126.83714,30,보호구역,184
37.31306,126.82030,30,보호구역,274
37.30432,126.83558,30,보호구역,259
37.21721,127.04535,30,보호구역,-1
37.31087,126.83642,30,보호구역,4
37.21711,127.04572,30,보호구역,-1
37.31237,126.83449,30,보호구역,274
37.30597,126.82662,30,보호구역,-1
37.28961,127.05802,30,보호구역,-1
37.30634,126.82684,30,보호구역,-1
37.31284,126.82556,30,보호구역,274
37.26168,127.04502,30,보호구역,-1
37.31305,126.82171,30,보호구역,-1
37.23394,127.02472,30,보호구역,-1
37.22119,126.97873,50,과속단속,-1
37.15956,126.90315,30,보호구역,-1
37.23537,126.86625,30,보호구역,-1
37.13328,126.92541,30,보호구역,-1
37.60194,127.42276,30,보호구역,-1
37.13313,126.92582,30,보호구역,-1
37.64317,127.37431,30,보호구역,-1
37.16215,126.86949,30,보호구역,-1
37.15364,127.06359,30,보호구역,-1
37.13017,126.84014,30,보호구역,-1
37.16250,127.07418,30,보호구역,-1
37.54287,127.32523,30,보호구역,-1
37.50929,127.63327,30,보호구역,-1
37.47480,127.63792,30,보호구역,-1
37.48635,127.60831,50,과속단속,82
37.20712,127.04177,30,보호구역,-1
37.20682,127.04186,30,보호구역,-1
37.20126,127.04468,30,보호구역,-1
37.20080,127.04461,30,보호구역,-1
37.32451,126.82654,30,보호구역,-1
37.31046,126.81492,30,보호구역,184
37.33151,126.81674,30,보호구역,-1
37.31307,126.81808,30,보호구역,94
37.31335,126.81502,30,보호구역,274
37.33975,126.82160,30,보호구역,-1
37.33658,126.83051,30,보호구역,-1
35.84997,128.53761,60,과속단속,33
35.85025,128.53638,60,과속단속,235
37.43150,127.25986,70,과속단속,229
37.33798,126.82826,30,보호구역,-1
37.32290,126.83736,30,보호구역,4
37.07421,127.61419,30,보호구역,-1
37.10449,127.64037,30,보호구역,-1
37.11328,127.67671,30,보호구역,-1
36.94879,127.52401,30,보호구역,-1
36.96660,127.48477,30,보호구역,-1
36.93787,126.88964,70,과속단속,300
37.27468,127.44768,60,과속단속,101
35.18589,129.05192,60,구간단속,156
35.20497,129.03339,60,구간단속,104
35.20528,129.03288,60,과속단속,281
35.18745,129.05127,60,과속단속,337
35.18463,129.05311,50,과속단속,41
34.96352,128.65555,60,보호구역,-1
34.96319,128.65575,60,보호구역,-1
34.73628,128.62968,50,보호구역,-1
37.29006,127.48792,60,과속단속,276
37.27986,127.39905,70,과속단속,138
37.28040,127.39909,70,과속단속,-1
37.11534,127.62258,70,과속단속,131
37.39032,126.99710,60,과속단속,-1
37.39306,127.03142,60,과속단속,272
37.38930,126.99666,60,과속단속,283
37.31504,126.95791,50,과속단속,360
37.37570,126.99774,90,과속단속,7
37.33642,127.09788,50,과속단속,-1
37.29338,127.12095,50,과속단속,-1
37.32056,127.11536,50,과속단속,-1
37.32045,127.11191,50,과속단속,-1
37.32023,127.10834,60,과속단속,180
37.32017,127.10834,60,과속단속,180
36.49627,126.70714,50,과속단속,-1
36.44217,126.61375,50,과속단속,-1
36.33963,127.77360,30,보호구역,-1
37.21470,126.98008,50,과속단속,-1
37.19096,126.70147,70,과속단속,106
37.18856,126.71034,70,과속단속,284
37.13654,126.95580,60,과속단속,-1
37.11210,126.96719,70,과속단속,275
37.11167,126.96828,70,과속단속,97
37.16362,127.08749,60,과속단속,14
37.19986,127.00753,50,과속단속,-1
37.17377,127.12334,50,과속단속,85
37.17469,126.98755,60,과속단속,-1
37.19069,127.06869,50,과속단속,119
37.21559,127.03539,50,과속단속,-1
37.54070,127.23101,60,과속단속,224
37.54231,127.22493,50,과속단속,-1
37.52812,127.27553,70,과속단속,-1
37.49339,127.23379,60,과속단속,338
37.54280,127.20715,50,과속단속,-1
37.54710,127.19198,50,과속단속,280
37.00084,127.06271,50,과속단속,128
37.00779,126.97272,70,과속단속,82
36.99602,126.95098,70,과속단속,-1
36.99277,127.13270,50,과속단속,103
36.98550,127.10445,60,과속단속,105
37.30677,126.84338,50,과속단속,184
37.41539,126.80828,30,보호구역,-1
37.38271,126.73587,30,보호구역,-1
37.37287,126.81140,30,보호구역,-1
37.36460,126.73577,30,보호구역,-1
37.43485,126.80454,30,보호구역,-1
37.38754,126.85878,30,보호구역,-1
35.81851,128.73823,50,과속단속,-1
35.81929,128.74316,50,과속단속,-1
35.87730,128.81215,30,과속단속,-1
35.32009,129.02998,70,과속단속,7
35.33190,129.03443,70,과속단속,176
35.17326,128.05998,50,과속단속,148
34.89694,128.64239,60,과속단속,207
35.07279,128.07975,70,과속단속,235
36.24000,128.30374,50,과속단속,203
35.83401,128.73468,60,과속단속,-1
36.04577,129.32812,60,과속단속,54
36.01175,129.34273,50,과속단속,33
36.00934,129.33975,60,과속단속,283
37.54464,126.99005,50,구간단속,219
37.55524,127.00242,50,구간단속,260
37.55511,127.00238,50,구간단속,80
37.54440,126.98988,50,구간단속,219
37.64806,127.02626,30,구간단속,-1
37.65127,127.03467,30,구간단속,-1
37.04862,126.51369,50,과속단속,-1
35.74093,128.46585,50,과속단속,-1
35.85537,128.51307,40,과속단속,-1
36.67324,126.67191,60,과속단속,29
35.80850,128.54355,60,과속단속,274
35.85993,128.61461,60,과속단속,272
35.85433,128.61763,50,과속단속,274
35.87390,128.53903,60,과속단속,-1
35.87683,128.62682,50,과속단속,290
36.75175,126.99635,50,과속단속,-1
35.87641,128.60368,30,과속단속,255
35.87290,128.60404,50,과속단속,279
35.80794,128.51299,40,과속단속,-1
36.67695,126.99014,50,과속단속,-1
36.84458,126.86066,50,과속단속,-1
35.90168,128.57919,40,과속단속,-1
37.39658,126.93887,60,과속단속,309
37.39621,126.94225,50,과속단속,-1
37.39841,126.95738,50,과속단속,-1
37.36651,126.95638,50,과속단속,-1
37.19350,126.64640,50,과속단속,-1
37.34841,126.79622,50,과속단속,198
37.29882,126.80038,50,과속단속,-1
37.30007,126.78975,50,과속단속,257
37.31547,126.82390,50,과속단속,94
37.30867,126.90670,50,과속단속,-1
37.28148,126.85566,60,과속단속,91
37.29545,126.85277,30,과속단속,129
37.30918,126.85244,50,과속단속,322
36.80482,127.16988,50,과속단속,-1
36.89891,127.21638,70,과속단속,37
36.89359,127.21189,70,과속단속,212
36.09438,129.37659,60,과속단속,309
36.05240,129.36043,50,과속단속,25
36.07329,129.38193,50,과속단속,66
35.98839,129.40009,50,과속단속,-1
35.98914,129.38412,50,과속단속,-1
35.94224,129.39429,50,과속단속,-1
36.00624,129.34515,50,과속단속,32
36.02260,129.35578,40,보호구역,-1
36.02241,129.35585,40,보호구역,-1
36.08466,129.39680,30,보호구역,-1
36.06901,129.37237,30,보호구역,197
35.98789,129.44204,30,보호구역,-1
36.00380,129.31615,30,보호구역,-1
36.01361,129.36031,30,보호구역,-1
35.95778,129.43159,50,보호구역,-1
36.03413,129.37926,30,보호구역,-1
36.57508,128.49836,30,보호구역,-1
37.21161,127.10351,60,과속단속,-1
37.19019,127.12469,30,보호구역,-1
35.87000,128.54669,40,보호구역,-1
35.87050,128.55073,30,과속단속,-1
35.85468,128.60913,50,과속단속,94
35.10444,128.97596,30,보호구역,-1
35.10120,128.95832,30,보호구역,-1
35.08118,128.97742,50,보호구역,-1
35.11048,128.95920,30,보호구역,-1
35.11011,128.95899,30,보호구역,-1
35.11545,128.96070,30,보호구역,-1
35.10496,128.97337,30,보호구역,-1
35.08369,129.00651,30,보호구역,-1
35.08322,129.00664,30,보호구역,-1
35.10363,128.98147,30,보호구역,-1
35.06139,128.97208,30,보호구역,-1
37.31896,127.09379,60,과속단속,232
37.31898,127.09424,60,과속단속,55
37.32886,127.13284,30,과속단속,-1
37.31664,127.43985,60,과속단속,-1
37.14009,127.15541,60,과속단속,-1
37.30352,127.08876,30,과속단속,-1
37.30303,127.08029,30,보호구역,-1
37.14048,127.15062,60,과속단속,-1
37.35846,127.06554,30,보호구역,-1
37.35874,127.06530,30,보호구역,-1
37.37008,127.30064,30,보호구역,-1
37.37946,127.22824,30,보호구역,-1
37.05747,126.97639,50,과속단속,-1
37.05582,126.97544,50,과속단속,-1
36.21157,126.61616,60,과속단속,-1
36.20672,126.62497,60,과속단속,-1
35.09600,129.06227,50,보호구역,-1
35.07281,129.07213,30,보호구역,-1
35.07130,129.06983,30,보호구역,54
35.08689,129.03940,30,보호구역,-1
35.07534,129.06467,30,보호구역,-1
35.07619,129.06538,30,보호구역,-1
35.09275,129.05016,30,보호구역,-1
35.08981,129.06797,50,보호구역,-1
35.09303,128.97777,50,과속단속,-1
35.08962,128.99988,50,과속단속,-1
35.09016,128.97776,50,보호구역,-1
35.09145,128.99530,50,보호구역,-1
35.08410,129.00924,50,보호구역,-1
35.08850,128.99442,50,보호구역,-1
35.10634,128.96352,60,보호구역,270
35.09880,128.95995,30,보호구역,95
35.09298,128.97343,30,보호구역,-1
35.05521,128.96431,30,보호구역,-1
35.05474,128.96254,30,보호구역,-1
35.10261,128.99856,50,보호구역,-1
36.33812,127.39331,50,과속단속,136
36.34747,127.43181,50,과속단속,238
35.48285,128.75267,60,과속단속,-1
37.28037,126.85241,30,보호구역,-1
37.18040,127.11441,30,보호구역,-1
37.18011,127.11426,30,보호구역,-1
37.17946,127.11298,30,보호구역,-1
37.17965,127.11279,30,보호구역,-1
37.32442,127.09127,30,보호구역,-1
37.01414,127.26265,30,보호구역,-1
37.01302,127.27219,30,보호구역,-1
35.32677,129.25576,50,과속단속,-1
37.47861,127.12997,30,보호구역,-1
36.28033,127.67712,100,구간단속,262
36.26190,127.84404,100,구간단속,304
36.21855,127.89766,100,구간단속,235
36.32380,126.82720,60,과속단속,-1
36.34891,127.37716,50,과속단속,25
36.34127,127.32021,60,과속단속,33
36.45080,127.42867,50,과속단속,168
36.35168,127.43218,50,과속단속,185
36.36645,127.41940,50,과속단속,-1
36.33022,127.39114,50,과속단속,225
37.76969,128.89399,30,보호구역,-1
37.75944,128.88613,30,보호구역,-1
36.88851,126.70069,110,구간단속,52
36.85881,126.63436,110,구간단속,72
36.24428,128.30164,30,보호구역,-1
35.92051,128.95487,70,과속단속,-1
35.92051,128.95487,60,과속단속,-1
36.00052,128.92515,70,과속단속,191
36.13180,128.43150,50,과속단속,-1
37.49222,126.92664,50,보호구역,157
37.47113,126.93673,30,보호구역,280
37.47069,126.93700,50,과속단속,96
37.48383,126.94116,50,과속단속,122
37.48266,126.94158,50,과속단속,289
37.48623,126.94060,30,보호구역,-1
37.48314,126.92111,50,과속단속,257
37.47634,126.91743,30,보호구역,-1
37.46333,126.92686,30,과속단속,-1
37.48350,126.90640,30,보호구역,-1
37.48452,126.94870,30,보호구역,-1
36.32663,127.44275,30,과속단속,-1
36.33235,127.32756,50,과속단속,270
36.33811,127.33282,50,과속단속,90
36.33465,127.41357,50,과속단속,45
36.36498,127.39340,50,과속단속,226
36.45808,127.36033,50,과속단속,-1
36.45056,127.36388,50,과속단속,-1
36.45219,127.35903,50,과속단속,-1
36.46808,127.14318,50,과속단속,-1
35.45292,127.43143,40,과속단속,-1
35.42463,127.44125,30,보호구역,-1
35.42449,127.44104,30,보호구역,-1
35.38522,127.33351,40,과속단속,-1
35.38527,127.33337,40,과속단속,-1
35.72713,126.73937,50,과속단속,249
35.70247,126.72351,50,과속단속,288
35.49534,126.70087,50,보호구역,-1
35.49420,126.70127,50,보호구역,-1
35.47229,126.51826,40,과속단속,-1
35.47236,126.51814,40,과속단속,-1
35.95643,126.90969,40,과속단속,-1
36.00320,126.91908,90,과속단속,352
36.00022,126.91899,90,과속단속,172
35.91516,126.92987,30,보호구역,298
35.93488,126.95138,30,보호구역,-1
35.94814,126.94445,50,과속단속,-1
36.07572,126.92235,80,과속단속,-1
36.07556,126.92192,80,과속단속,-1
35.81732,126.93116,70,과속단속,235
35.86988,127.12741,50,과속단속,235
35.86963,127.12778,50,과속단속,58
34.96192,127.65523,80,과속단속,-1
36.94409,126.58880,70,과속단속,354
36.72418,126.56317,110,구간단속,180
36.85837,126.63179,110,구간단속,247
34.71598,128.04184,30,보호구역,-1
37.49314,127.05424,50,보호구역,-1
37.49525,127.05357,50,과속단속,-1
37.49510,127.06588,50,보호구역,69
37.46467,127.10662,60,과속단속,-1
34.97576,127.60850,30,보호구역,-1
34.97124,127.58801,30,보호구역,174
34.98260,127.50270,50,과속단속,-1
34.96368,127.54502,60,과속단속,79
34.97791,127.49898,50,과속단속,-1
36.78528,127.02508,30,보호구역,-1
36.78526,127.02496,30,보호구역,-1
36.77112,126.99435,50,과속단속,-1
35.91921,127.12495,60,과속단속,153
35.91951,127.12524,60,과속단속,0
35.53125,127.01309,50,과속단속,-1
35.47448,127.21598,60,과속단속,-1
35.32187,127.11407,40,과속단속,-1
35.32193,127.11413,40,과속단속,-1
35.35661,127.30544,40,과속단속,-1
35.40064,127.37660,50,과속단속,234
35.43160,127.40973,50,과속단속,-1
35.41130,127.39327,50,과속단속,189
35.40496,127.36468,40,보호구역,-1
35.40516,127.36454,40,보호구역,-1
35.45497,127.43281,40,과속단속,-1
36.60248,129.40992,30,보호구역,-1
37.48416,126.52588,30,과속단속,-1
37.48388,126.52385,30,과속단속,-1
37.50606,126.51973,30,과속단속,-1
37.50594,126.51995,30,과속단속,-1
37.48924,126.53169,30,과속단속,-1
37.49279,128.00374,40,보호구역,-1
38.19000,128.59980,50,과속단속,356
38.19038,128.59971,50,과속단속,292
38.03805,128.69698,30,보호구역,-1
36.04590,129.35716,50,과속단속,-1
36.01000,129.34789,50,과속단속,212
36.08658,129.39421,50,보호구역,-1
37.51790,126.85295,30,과속단속,-1
37.51102,126.86975,30,보호구역,-1
37.51238,126.87073,50,보호구역,-1
37.51736,126.85651,30,보호구역,-1
37.54097,126.87633,30,보호구역,-1
37.54088,126.87579,30,보호구역,-1
35.84638,127.15258,50,과속단속,160
35.30588,128.60084,30,보호구역,-1
35.30584,128.60088,30,보호구역,-1
35.31455,128.99995,50,과속단속,-1
35.30310,129.01951,50,과속단속,-1
36.99092,127.60115,30,보호구역,-1
35.95864,126.97735,50,과속단속,281
35.96211,126.96303,50,과속단속,55
35.96410,126.71536,50,과속단속,270
35.97301,126.72728,50,과속단속,316
35.96971,126.71516,50,과속단속,115
35.79791,127.12361,30,과속단속,-1
35.79858,127.11635,30,과속단속,-1
35.81563,127.10897,30,과속단속,-1
35.83901,127.10084,60,과속단속,129
35.84467,127.07196,50,과속단속,-1
35.83541,127.16657,50,과속단속,68
35.73061,127.58762,30,보호구역,-1
35.80132,127.12645,60,과속단속,141
36.38005,128.11916,60,과속단속,-1
36.01849,129.22643,60,과속단속,-1
36.00342,129.19722,30,보호구역,-1
36.36849,128.72915,60,과속단속,-1
36.43598,128.37783,70,과속단속,-1
36.50869,129.44297,30,보호구역,-1
36.63372,129.29441,30,보호구역,-1
36.54562,129.34278,30,보호구역,-1
36.53782,129.41001,30,보호구역,-1
36.56839,129.39320,30,보호구역,-1
36.56846,129.39371,30,보호구역,-1
36.53543,127.82219,30,보호구역,-1
36.52027,127.62562,30,보호구역,-1
36.49063,127.59766,30,보호구역,-1
36.45886,127.70065,30,보호구역,-1
36.45874,127.70095,30,보호구역,-1
36.43818,127.73578,60,보호구역,154
36.43820,127.73495,30,보호구역,-1
36.48846,127.71779,30,보호구역,-1
36.48388,127.71794,30,보호구역,-1
37.36601,126.92841,50,과속단속,-1
37.36624,126.92849,50,과속단속,310
35.21852,128.56717,30,보호구역,-1
35.21860,128.56732,30,보호구역,-1
37.45555,127.06482,50,과속단속,275
37.45697,127.06985,50,과속단속,247
37.57711,126.92901,50,과속단속,56
37.57701,126.92814,50,과속단속,234
35.77478,127.60278,60,과속단속,-1
35.90044,127.68294,60,과속단속,148
35.45094,127.14990,80,과속단속,207
35.43404,126.66597,70,과속단속,258
35.66833,127.27183,70,과속단속,178
35.70420,126.75350,60,과속단속,-1
35.81829,127.46454,70,과속단속,7
35.92998,127.13989,80,과속단속,-1
35.94872,127.15542,80,과속단속,-1
35.94059,126.97727,50,과속단속,-1
35.08110,128.89940,30,보호구역,-1
35.08440,128.91040,30,보호구역,-1
35.08248,128.87755,30,보호구역,-1
35.21393,128.98023,50,보호구역,-1
35.21565,128.98913,50,보호구역,205
35.11239,128.87009,50,보호구역,81
35.10248,128.92361,50,보호구역,-1
35.09316,128.91527,50,보호구역,-1
35.17581,128.95641,30,보호구역,-1
35.11139,128.88738,60,보호구역,142
35.09008,128.85407,30,과속단속,-1
35.20403,128.90471,50,과속단속,-1
34.92955,127.70928,60,과속단속,239
35.32674,127.22672,40,과속단속,-1
35.16125,127.33914,50,과속단속,-1
34.92808,127.55372,50,과속단속,-1
35.03306,126.61062,30,과속단속,-1
36.48491,127.71534,30,보호구역,-1
36.43520,127.82104,30,보호구역,-1
36.49054,127.59750,30,보호구역,-1
36.48707,127.71770,30,보호구역,-1
36.48410,127.71783,30,보호구역,-1
36.50673,127.71590,50,과속단속,-1
36.43529,127.82081,30,보호구역,-1
35.12993,128.97423,30,보호구역,-1
35.12978,128.97430,30,보호구역,-1
35.14806,128.99997,50,과속단속,-1
35.17364,128.97926,30,보호구역,191
35.18252,128.97921,50,보호구역,-1
35.14644,129.00651,30,보호구역,-1
35.16871,128.98014,30,보호구역,-1
35.12604,128.97711,30,보호구역,-1
35.17913,128.98944,30,보호구역,-1
35.18188,128.99049,30,보호구역,-1
35.21321,129.01002,50,과속단속,344
35.21304,129.01001,50,과속단속,166
35.19865,129.00412,30,과속단속,-1
35.23808,129.00868,30,보호구역,-1
35.23485,129.01952,40,보호구역,63
35.26770,129.01769,50,보호구역,-1
35.22446,129.01396,30,보호구역,-1
35.23867,129.01148,30,보호구역,-1
35.24153,129.01181,30,보호구역,-1
35.21415,129.02986,30,보호구역,-1
35.19820,128.99491,30,보호구역,-1
35.21804,129.03829,30,보호구역,-1
35.26519,129.01948,30,보호구역,-1
35.25684,129.01393,30,보호구역,-1
35.21051,129.01864,50,보호구역,-1
35.08826,128.89942,30,과속단속,-1
35.20510,128.89176,50,과속단속,-1
36.36922,127.50734,30,보호구역,-1
37.50142,127.05308,50,과속단속,-1
37.52138,126.89484,50,과속단속,-1
37.50485,126.94572,50,과속단속,-1
37.56949,127.07014,50,과속단속,-1
37.48476,126.92952,50,과속단속,-1
36.28396,127.46600,30,보호구역,-1
36.25521,127.47799,50,보호구역,-1
36.25523,127.47808,50,보호구역,-1
36.21284,127.43950,50,과속단속,-1
36.21283,127.43960,50,보호구역,-1
35.16122,129.19227,30,과속단속,-1
37.57399,127.17236,30,보호구역,-1
37.55063,127.17073,30,보호구역,-1
37.54707,127.17304,50,과속단속,-1
37.54104,127.13836,30,보호구역,-1
37.56008,127.16507,30,보호구역,-1
37.55652,127.13798,30,보호구역,-1
37.52923,127.12920,30,보호구역,-1
37.55871,126.99621,30,과속단속,-1
37.54971,127.01243,30,보호구역,-1
35.17432,128.97922,50,과속단속,-1
35.13395,128.97406,30,보호구역,-1
35.19189,128.98450,30,보호구역,306
35.19057,128.98661,50,보호구역,141
35.16749,128.97898,30,보호구역,-1
35.15280,129.00165,50,보호구역,273
35.15292,129.00147,50,보호구역,-1
37.35293,126.72702,50,과속단속,308
36.79877,127.05968,30,과속단속,-1
36.77421,127.00928,30,과속단속,79
36.77423,127.00916,30,과속단속,80
36.58855,126.66571,50,과속단속,-1
36.65144,126.68621,30,보호구역,17
36.64793,126.67389,50,과속단속,-1
36.64643,126.67626,50,과속단속,220
36.64419,126.67459,50,과속단속,355
36.56001,128.29986,60,과속단속,-1
36.30778,128.60147,80,과속단속,107
36.30810,128.60089,80,과속단속,288
36.12301,128.34322,50,과속단속,-1
36.10163,128.42818,30,보호구역,-1
36.10158,128.42838,30,보호구역,-1
36.14704,128.41626,30,과속단속,-1
36.14716,128.41626,30,과속단속,-1
36.31559,127.44565,30,보호구역,-1
36.31539,127.44542,30,보호구역,-1
36.34063,127.42263,30,보호구역,-1
36.32825,127.45426,30,보호구역,292
36.33075,127.46340,30,보호구역,-1
36.33074,127.46348,30,보호구역,-1
36.35035,127.45202,50,과속단속,-1
36.35027,127.45220,50,과속단속,-1
36.28605,127.46526,30,보호구역,-1
36.36911,127.50726,30,보호구역,-1
37.42116,126.99542,60,과속단속,215
37.43966,126.99934,60,과속단속,157
37.44844,127.00452,50,과속단속,-1
37.47553,126.70020,30,과속단속,-1
37.50680,126.70910,30,과속단속,-1
37.50258,126.70763,30,과속단속,-1
37.50171,126.71884,30,과속단속,-1
37.49308,126.73420,30,과속단속,-1
37.49204,126.73645,30,과속단속,-1
37.48880,126.73911,30,과속단속,-1
37.48355,126.74551,30,과속단속,-1
37.48383,126.74578,30,과속단속,-1
36.57918,128.43302,70,과속단속,-1
36.57962,128.43252,70,과속단속,-1
36.57682,128.46003,70,과속단속,-1
36.57659,128.46011,70,과속단속,-1
36.57685,128.41485,40,과속단속,90
36.93452,127.43916,60,과속단속,-1
36.78225,127.53259,60,과속단속,-1
36.88766,127.50969,70,과속단속,-1
36.95862,127.87059,30,보호구역,-1
37.00792,127.91746,30,보호구역,-1
36.64103,127.51502,40,구간단속,-1
36.64922,127.52810,40,구간단속,252
36.95945,127.43406,60,과속단속,-1
36.95968,127.43408,60,과속단속,-1
37.51067,126.77510,50,과속단속,-1
37.52022,126.76772,50,과속단속,-1
37.53163,126.78917,50,과속단속,63
37.53252,126.79006,50,과속단속,-1
37.48395,126.76902,50,과속단속,-1
37.48392,126.76348,50,과속단속,-1
37.47369,126.80435,30,보호구역,-1
37.47133,126.81466,60,과속단속,21
37.59874,126.72043,60,과속단속,187
37.70433,126.65740,60,과속단속,-1
36.29303,129.37686,60,과속단속,197
37.68119,126.62183,70,과속단속,304
37.69003,126.59750,70,과속단속,289
37.60292,126.76750,70,과속단속,115
37.33523,126.93683,60,과속단속,-1
37.33497,126.93725,60,과속단속,-1
37.33718,127.36818,70,과속단속,271
37.34880,127.35873,70,과속단속,-1
37.29940,127.33130,50,과속단속,94
37.29978,127.33131,50,과속단속,-1
37.35302,127.33706,50,과속단속,197
37.41487,127.19675,70,과속단속,132
37.47960,126.85420,50,과속단속,-1
37.46820,126.88129,60,과속단속,-1
37.44165,126.84670,60,과속단속,-1
37.45201,126.86468,60,과속단속,300
37.47452,126.87623,50,과속단속,333
37.46126,126.83182,60,과속단속,-1
37.42957,127.12928,60,과속단속,174
37.41644,127.10177,60,과속단속,-1
37.41647,127.10177,60,과속단속,-1
37.45079,127.15928,60,과속단속,197
37.45076,127.15928,60,과속단속,197
37.43882,127.12221,80,과속단속,4
37.43882,127.12194,80,과속단속,184
37.44932,127.10511,60,과속단속,-1
37.39152,127.07846,50,과속단속,96
37.36323,127.10173,60,과속단속,-1
37.36329,127.10172,60,과속단속,-1
37.37674,127.13961,60,과속단속,-1
37.38305,127.13221,60,과속단속,318
37.38347,126.63381,30,과속단속,-1
37.38319,126.63336,30,과속단속,-1
37.38973,127.12329,60,과속단속,318
37.40043,126.63882,30,과속단속,-1
37.39645,126.64340,30,과속단속,-1
37.39666,126.64300,30,과속단속,-1
37.41697,126.68476,30,과속단속,-1
37.38930,127.12370,60,과속단속,318
37.39158,127.11337,60,과속단속,67
37.51863,126.78480,50,과속단속,-1
37.51834,126.78475,50,과속단속,-1
37.48745,126.77247,50,과속단속,-1
37.50398,126.78690,50,과속단속,-1
37.49345,126.78472,50,과속단속,-1
35.23488,128.57960,60,과속단속,213
35.24176,128.65143,60,과속단속,-1
35.25539,128.60605,60,과속단속,13
37.34467,126.74788,50,과속단속,-1
37.36483,126.72797,60,과속단속,234
37.38349,126.81712,60,과속단속,-1
37.36449,126.72858,60,과속단속,-1
37.27658,127.01679,50,과속단속,-1
37.28938,127.01425,50,과속단속,243
37.30885,126.98899,50,과속단속,-1
37.29939,126.99769,50,과속단속,-1
37.28264,127.00630,50,과속단속,30
37.29060,127.00349,50,과속단속,-1
37.28950,127.01442,50,과속단속,230
37.26393,126.99447,50,과속단속,-1
37.26090,126.96409,50,과속단속,-1
37.26809,127.00495,50,과속단속,-1
37.24970,126.97608,50,과속단속,219
37.27493,127.04381,50,과속단속,246
37.24695,127.03226,50,과속단속,285
37.29306,127.07903,60,과속단속,191
37.29237,127.06749,50,과속단속,-1
37.23982,127.02831,50,과속단속,-1
37.46003,127.16617,60,과속단속,36
37.41966,127.15320,60,과속단속,252
37.42757,127.14343,70,과속단속,-1
37.42999,127.13710,50,과속단속,-1
37.42962,127.12928,60,과속단속,174
37.39563,126.96382,50,과속단속,-1
37.39558,126.96366,50,과속단속,-1
37.40166,126.95045,60,과속단속,54
37.39868,126.93928,60,과속단속,-1
37.39916,126.97700,60,과속단속,355
37.39922,126.97700,60,과속단속,355
37.01031,127.21973,60,과속단속,42
37.10337,127.48524,70,과속단속,238
37.29674,126.82081,30,과속단속,-1
37.31869,126.84946,50,과속단속,4
37.31301,126.84902,50,과속단속,146
37.29737,126.82105,60,과속단속,99
37.29678,126.82633,40,과속단속,127
37.29882,126.85960,50,과속단속,183
37.29700,126.85978,50,과속단속,-1
37.33406,126.81874,50,과속단속,94
37.34399,126.83517,50,과속단속,274
37.34906,126.81577,50,과속단속,-1
37.33291,126.82259,50,과속단속,-1
37.32324,126.76721,50,과속단속,63
37.32569,126.80256,50,과속단속,-1
37.31731,126.82571,60,과속단속,274
37.36019,126.72395,50,과속단속,-1
37.38631,126.74515,60,과속단속,37
37.32393,127.12380,50,과속단속,-1
37.10745,127.17298,60,과속단속,-1
37.10729,127.19282,60,과속단속,-1
37.19376,127.19037,60,과속단속,-1
37.19950,127.18196,60,과속단속,303
37.10771,127.18168,60,과속단속,-1
37.24346,127.16620,50,과속단속,-1
37.13570,127.06932,60,과속단속,89
37.13570,127.06932,30,보호구역,89
37.17733,127.04671,60,과속단속,132
37.13422,127.05404,60,과속단속,270
37.15660,127.04428,60,과속단속,300
37.17536,127.06077,60,과속단속,320
37.28912,127.63465,40,과속단속,340
37.31953,127.64962,60,과속단속,-1
37.24820,127.62955,70,과속단속,-1
37.17943,127.56438,60,과속단속,-1
37.49855,127.35972,70,과속단속,-1
37.51179,127.44117,60,과속단속,102
37.49783,127.52374,70,과속단속,310
37.52526,127.47770,60,과속단속,-1
37.55471,127.66886,60,과속단속,-1
37.55850,127.32654,60,과속단속,-1
37.52573,127.37139,70,과속단속,336
37.38890,126.95195,50,과속단속,-1
37.39581,126.96907,50,과속단속,-1
37.39585,126.96908,50,과속단속,-1
35.21153,128.57538,60,과속단속,198
35.01504,128.70920,80,과속단속,241
35.20534,128.69186,60,과속단속,303
35.08533,128.08442,60,과속단속,13
35.23262,128.56435,50,과속단속,-1
35.10846,128.80657,70,과속단속,-1
35.23827,128.88750,50,과속단속,-1
36.33174,127.47584,60,과속단속,229
36.35565,127.44437,50,과속단속,204
36.28991,127.46310,60,과속단속,168
36.77430,127.07910,30,보호구역,-1
36.30253,127.45120,50,과속단속,145
36.33640,127.41547,50,과속단속,204
37.57551,126.97522,40,과속단속,90
37.57590,126.97841,40,과속단속,260
35.30304,128.71074,60,과속단속,217
35.30645,128.73461,60,과속단속,276
35.28124,129.01671,70,과속단속,-1
36.29340,126.89430,50,과속단속,-1
36.28330,126.91510,40,과속단속,266
36.27100,126.96460,70,과속단속,135
35.17436,128.09615,50,과속단속,-1
35.17740,128.07135,60,과속단속,-1
35.17743,128.07139,60,과속단속,-1
35.28122,129.01679,70,과속단속,-1
35.10595,129.02891,30,보호구역,-1
35.10565,129.02818,30,보호구역,-1
35.10002,129.01612,30,보호구역,51
35.08201,129.04146,50,과속단속,-1
35.09600,129.06440,50,과속단속,-1
35.06777,129.08130,50,보호구역,-1
35.31035,129.07726,70,과속단속,-1
35.30809,129.07639,70,과속단속,295
35.30821,129.07585,70,과속단속,294
35.32400,129.05836,70,과속단속,355
35.32353,129.06040,70,과속단속,-1
35.31494,129.07345,30,보호구역,-1
35.31496,129.07334,30,보호구역,-1
35.31023,129.07947,30,보호구역,-1
35.31052,129.07762,30,보호구역,-1
35.32002,129.07005,30,보호구역,-1
35.31999,129.07038,30,보호구역,-1
35.97162,129.39497,30,보호구역,-1
36.02977,129.32429,30,보호구역,-1
35.99832,129.34224,30,보호구역,-1
35.96971,129.41626,30,보호구역,-1
36.01324,129.35403,30,보호구역,-1
36.08041,129.40202,30,보호구역,-1
36.20305,129.36832,30,보호구역,-1
37.57824,126.86459,30,과속단속,-1
35.11498,129.01831,50,과속단속,-1
35.11337,129.01604,30,과속단속,-1
35.11162,129.03442,30,보호구역,-1
35.09972,129.02182,30,보호구역,-1
35.11803,129.01208,50,보호구역,-1
35.10828,129.00921,30,보호구역,-1
35.11181,129.02937,30,과속단속,-1
35.38175,127.32755,30,보호구역,-1
35.33870,127.37289,30,보호구역,-1
36.77308,127.06298,30,보호구역,-1
36.77286,127.06319,30,보호구역,-1
36.76275,127.13833,70,과속단속,206
37.63056,128.77654,30,과속단속,-1
37.46401,129.16004,30,보호구역,-1
37.39819,129.21287,30,보호구역,-1
37.50400,126.88772,30,보호구역,-1
37.50457,126.88773,30,보호구역,323
37.50417,126.84853,30,보호구역,337
37.42756,127.10209,50,과속단속,-1
37.42837,127.10176,50,과속단속,-1
36.64710,126.69141,30,과속단속,-1
36.51276,126.62170,60,과속단속,202
36.63703,126.53325,70,과속단속,152
36.51601,126.65249,60,과속단속,-1
36.58218,126.69771,70,과속단속,275
37.60646,127.14181,30,보호구역,-1
37.73336,127.05636,30,보호구역,-1
37.85879,126.96365,30,보호구역,-1
35.15269,128.70572,60,과속단속,-1
35.13482,128.70845,60,과속단속,174
35.31080,129.07141,50,과속단속,139
35.32309,129.06160,70,과속단속,-1
37.62717,126.87167,30,과속단속,-1
37.63847,126.81231,30,과속단속,-1
37.69148,126.86612,30,과속단속,-1
37.70461,126.85770,60,과속단속,-1
37.68868,126.86551,30,과속단속,-1
37.71285,126.90632,30,과속단속,-1
37.70333,126.90068,30,과속단속,146
37.70666,126.89438,30,과속단속,-1
35.31496,127.28015,60,과속단속,-1
35.31483,127.27980,60,과속단속,-1
35.52155,127.39829,40,과속단속,-1
35.44634,127.37673,80,과속단속,119
35.44645,127.37681,80,과속단속,299
35.41361,127.37313,50,과속단속,212
35.41352,127.37317,50,과속단속,212
35.40456,127.35200,40,과속단속,-1
35.38826,127.40868,40,과속단속,-1
35.39700,127.44988,60,과속단속,-1
35.41427,127.38070,50,과속단속,90
35.41438,127.38068,50,과속단속,90
35.42214,127.37416,50,과속단속,-1
35.32612,127.33467,40,과속단속,-1
35.44089,127.42211,40,과속단속,-1
35.51300,127.35347,30,보호구역,-1
35.51411,127.35211,30,보호구역,-1
35.34610,127.22821,30,보호구역,-1
35.34610,127.22808,30,보호구역,-1
37.60126,126.82894,90,과속단속,326
37.62420,126.83208,30,과속단속,-1
37.62225,126.83773,50,과속단속,310
37.62703,126.83999,30,과속단속,-1
37.62296,126.84170,30,과속단속,-1
37.62379,126.84040,30,과속단속,-1
37.62709,126.84116,30,과속단속,-1
37.61541,126.83908,30,과속단속,-1
37.61728,126.83896,30,과속단속,-1
37.61711,126.83223,30,과속단속,-1
37.61802,126.82816,30,과속단속,-1
37.61902,126.84920,30,과속단속,-1
37.66103,126.83511,30,과속단속,-1
37.65382,126.88277,30,과속단속,-1
37.62771,126.88972,60,과속단속,266
37.61726,126.89069,60,과속단속,-1
37.62046,126.89391,30,과속단속,-1
37.62035,126.89369,30,과속단속,-1
37.66175,126.89603,30,과속단속,-1
37.65292,126.83427,30,과속단속,-1
37.65609,126.84421,60,과속단속,-1
37.65317,126.88747,30,과속단속,-1
37.64829,126.89243,30,과속단속,-1
37.64421,126.88413,30,보호구역,-1
37.64534,126.88633,30,과속단속,-1
37.63088,126.87020,30,과속단속,-1
37.71944,127.19715,50,과속단속,80
37.70417,127.19534,30,과속단속,-1
37.66731,127.24798,30,과속단속,-1
37.62030,127.14931,30,과속단속,-1
37.59257,127.22084,30,과속단속,-1
37.64498,127.30289,50,과속단속,-1
37.65547,127.30107,50,과속단속,-1
37.65330,127.34081,30,과속단속,-1
37.65651,127.25194,30,과속단속,-1
37.65933,127.14153,30,과속단속,-1
37.65933,127.14153,50,과속단속,-1
37.61483,127.16233,30,과속단속,305
37.62766,127.15579,30,과속단속,-1
37.62841,127.15603,30,과속단속,-1
37.62742,127.14756,30,과속단속,2
37.62857,127.14735,30,과속단속,180
37.62855,127.14710,30,과속단속,-1
37.64713,126.90099,60,과속단속,-1
37.62749,126.83292,30,과속단속,-1
37.63164,126.83528,30,과속단속,-1
37.64010,126.83557,30,과속단속,-1
37.64086,126.83012,30,과속단속,-1
37.63874,126.82791,60,과속단속,24
37.64481,126.83240,30,과속단속,-1
37.60113,126.82411,30,과속단속,-1
34.44701,126.17734,60,과속단속,-1
34.39697,126.27577,50,과속단속,-1
35.40342,126.75498,60,과속단속,-1
34.34666,127.03834,50,과속단속,-1
34.93668,126.77220,60,과속단속,-1
37.97257,127.06725,60,과속단속,341
37.97175,127.06740,60,과속단속,341
37.89279,127.04703,60,과속단속,-1
37.89234,127.04698,60,과속단속,-1
37.87996,127.05206,60,과속단속,-1
37.90893,127.05492,50,과속단속,-1
37.68224,127.37822,50,과속단속,12
37.68190,127.37785,50,과속단속,192
37.85844,127.51619,30,과속단속,-1
37.85839,127.51584,30,과속단속,-1
37.83405,127.51136,30,과속단속,-1
37.83357,127.51483,30,과속단속,-1
37.83009,127.50887,30,과속단속,-1
37.82970,127.50897,30,과속단속,-1
37.97043,127.45540,30,과속단속,-1
37.97056,127.45492,30,과속단속,-1
37.66233,127.54282,50,과속단속,-1
37.79846,126.79222,60,과속단속,108
37.64222,127.16476,50,과속단속,169
37.71443,127.19823,50,과속단속,-1
37.65572,127.18341,30,과속단속,-1
37.65249,127.11665,30,과속단속,28
37.10379,127.97280,80,과속단속,169
36.66853,127.46822,70,과속단속,-1
36.73550,127.52255,60,과속단속,336
36.60369,127.41085,80,과속단속,211
37.47321,126.80806,30,보호구역,-1
37.06503,127.06384,50,과속단속,6
37.13549,127.07305,50,과속단속,8
37.42240,127.17022,70,과속단속,86
37.44500,127.10358,60,과속단속,-1
37.36459,127.24429,70,과속단속,-1
37.33006,126.92931,50,과속단속,329
35.01768,128.33526,100,과속단속,308
36.14508,128.04097,100,과속단속,130
34.56641,127.17424,30,보호구역,-1
34.56635,127.17417,30,보호구역,-1
34.76861,127.29426,60,과속단속,-1
34.50479,127.28659,60,과속단속,-1
34.45184,127.48755,60,과속단속,-1
34.42726,127.49521,40,과속단속,-1
34.46886,127.46424,30,보호구역,-1
34.46803,127.46401,30,보호구역,-1
34.88370,126.43775,30,보호구역,-1
35.02040,126.41508,30,보호구역,-1
34.84328,126.43317,30,보호구역,-1
34.84984,126.49255,30,과속단속,-1
34.44778,126.17784,60,과속단속,-1
37.59989,126.93366,30,과속단속,-1
37.54309,127.04442,50,과속단속,192
36.73481,127.12668,70,과속단속,20
36.79979,127.16457,50,과속단속,357
35.30190,127.97107,30,보호구역,-1
35.30185,127.97108,30,보호구역,-1
36.81286,127.10528,30,과속단속,-1
36.85546,127.13447,60,과속단속,62
36.83060,127.13762,50,과속단속,201
36.80803,127.10708,60,과속단속,193
36.81951,127.15808,50,과속단속,-1
36.78561,127.12880,50,과속단속,2
36.77847,127.15873,30,보호구역,-1
36.85127,127.12538,60,과속단속,189
36.87446,127.13701,60,과속단속,-1
36.44358,127.42682,30,보호구역,129
36.43580,127.42239,30,보호구역,-1
36.43566,127.42227,30,보호구역,-1
36.43247,127.41988,30,보호구역,-1
36.43243,127.41973,30,보호구역,-1
36.37630,127.42070,50,과속단속,-1
36.37003,127.43515,30,보호구역,-1
36.37013,127.43562,30,보호구역,-1
36.36775,127.43208,30,보호구역,-1
36.35240,127.40875,30,보호구역,-1
35.55554,129.33524,50,보호구역,-1
36.85958,127.43694,50,과속단속,225
36.19506,127.75674,60,과속단속,118
37.58598,126.88017,30,보호구역,-1
37.54160,126.94547,30,과속단속,-1
37.54915,126.93302,30,과속단속,-1
37.56831,126.90782,50,과속단속,-1
37.54719,126.93714,50,과속단속,-1
37.56221,126.91970,30,과속단속,-1
37.55209,126.91908,40,과속단속,-1
37.56343,126.92115,50,과속단속,-1
37.56792,126.90815,50,과속단속,-1
34.93283,127.67692,70,과속단속,302
34.93274,127.67692,70,과속단속,-1
35.02842,127.72028,60,과속단속,-1
34.97785,127.71869,80,과속단속,-1
34.96931,127.72650,80,과속단속,-1
34.94276,127.71570,80,과속단속,216
34.94286,127.71612,80,과속단속,35
34.93582,127.68923,50,과속단속,-1
34.93952,127.68926,50,과속단속,-1
34.93952,127.68899,60,과속단속,-1
34.95669,127.67195,80,과속단속,-1
34.97107,127.58179,50,과속단속,-1
34.96323,127.57929,60,과속단속,-1
34.94597,127.58096,80,과속단속,-1
37.23291,127.11028,30,보호구역,-1
37.23288,127.10998,30,보호구역,-1
37.29474,127.11600,30,보호구역,-1
37.56093,126.95203,30,보호구역,-1
35.82375,129.15950,60,과속단속,-1
35.84249,129.18895,30,보호구역,-1
35.67270,129.33561,60,과속단속,-1
35.72250,129.20280,80,과속단속,194
35.79677,129.49128,60,과속단속,-1
37.51219,126.62627,80,구간단속,-1
37.46211,126.63251,80,구간단속,23
36.94082,126.86410,50,과속단속,-1
36.94122,126.86365,50,과속단속,-1
36.93387,126.87352,50,과속단속,-1
36.93425,126.87334,50,과속단속,-1
36.93224,126.88197,50,과속단속,-1
36.93209,126.88160,50,과속단속,-1
36.93373,126.38939,50,과속단속,-1
36.93342,126.87894,50,과속단속,-1
37.24021,127.04248,30,과속단속,-1
37.27935,127.69033,30,과속단속,-1
37.55473,127.01032,50,과속단속,-1
37.56202,127.01443,50,과속단속,31
37.56362,127.00278,50,과속단속,-1
36.36572,126.93480,110,구간단속,57
36.28915,126.84023,110,구간단속,37
36.25810,127.47595,100,구간단속,7
36.16346,127.48775,100,구간단속,324
37.56430,126.91289,50,과속단속,-1
37.56000,126.82645,50,과속단속,251
37.64349,127.02224,50,과속단속,-1
37.62853,127.01789,30,보호구역,-1
37.64320,127.02205,50,과속단속,-1
37.51670,127.14425,50,과속단속,72
37.50059,127.03737,50,과속단속,69
37.47527,127.10607,60,과속단속,-1
37.49688,127.07015,50,과속단속,291
37.47599,127.05823,50,과속단속,199
37.52356,127.01691,40,과속단속,184
37.78788,128.12134,100,구간단속,86
37.75153,128.05178,100,구간단속,-1
37.74933,128.79220,100,구간단속,18
37.67909,128.70177,100,구간단속,85
35.23074,129.01300,50,보호구역,192
35.20798,129.06922,50,과속단속,109
35.20593,129.07461,50,과속단속,298
35.25580,129.22395,60,과속단속,28
35.16185,129.06262,50,과속단속,10
35.16946,129.17144,50,과속단속,-1
35.19221,129.08331,50,과속단속,-1
35.09811,128.92031,50,과속단속,-1
35.20032,129.08450,50,과속단속,-1
35.23954,129.09021,50,보호구역,99
36.14146,128.34664,40,보호구역,190
36.08530,128.35584,40,과속단속,-1
36.13703,128.41259,60,과속단속,61
36.15707,128.35214,50,과속단속,191
35.18524,129.00375,60,구간단속,119
35.18588,129.00272,60,구간단속,289
35.17028,129.02645,60,구간단속,326
37.61312,127.10162,50,과속단속,-1
37.58121,127.08018,50,과속단속,53
37.59278,127.08625,50,과속단속,-1
37.59294,127.07297,50,과속단속,-1
37.56523,127.01654,50,과속단속,-1
37.56419,126.97946,50,과속단속,-1
37.56206,126.98160,50,과속단속,84
37.57004,126.98969,50,과속단속,-1
37.60061,126.93569,50,보호구역,156
37.60907,126.92070,50,과속단속,-1
37.53440,126.94871,50,과속단속,113
37.51988,126.99101,50,과속단속,100
37.53596,126.97363,50,과속단속,252
37.49394,126.89883,50,과속단속,-1
37.52157,126.91694,50,과속단속,148
37.52161,126.91694,50,과속단속,154
37.52098,126.85235,50,과속단속,-1
37.52074,126.83751,50,과속단속,161
37.53845,127.12305,50,과속단속,146
37.48625,127.12270,50,과속단속,-1
37.48219,127.12397,50,과속단속,161
37.50524,127.10661,50,과속단속,205
37.52593,127.11203,30,보호구역,-1
37.60392,127.03151,50,과속단속,300
37.48957,126.55909,50,과속단속,-1
37.50106,126.73606,30,과속단속,-1
37.00105,127.10461,50,과속단속,12
37.84359,126.86236,50,과속단속,-1
37.55852,126.98751,30,보호구역,-1
37.56006,127.01394,30,과속단속,-1
35.56089,128.76178,60,과속단속,-1
35.52760,128.78135,60,과속단속,-1
35.20997,128.70912,30,보호구역,-1
34.89976,128.56340,70,과속단속,121
35.09825,128.98104,50,과속단속,-1
37.46431,127.14455,30,보호구역,-1
37.46412,127.14567,30,보호구역,-1
37.38879,127.07545,30,보호구역,-1
37.36884,127.12537,30,보호구역,320
37.37524,127.11715,30,보호구역,139
37.46659,127.14344,30,보호구역,215
37.40580,127.14461,30,보호구역,-1
37.55711,126.93431,30,보호구역,115
37.55721,126.93462,30,보호구역,-1
37.56172,126.94297,30,보호구역,-1
34.81469,126.38111,50,과속단속,-1
34.78734,126.39793,50,과속단속,-1
34.79512,126.42973,50,과속단속,-1
34.79727,126.43423,50,과속단속,-1
34.96330,126.75327,60,과속단속,-1
35.02540,126.78024,50,과속단속,-1
35.05670,126.71977,70,과속단속,-1
35.01528,126.73368,60,과속단속,-1
34.83663,126.42144,60,과속단속,44
34.83752,126.42182,60,과속단속,218
37.54086,126.83822,50,보호구역,-1
37.57631,126.81193,30,보호구역,-1
37.57940,126.81063,30,보호구역,-1
37.56769,126.80798,30,보호구역,-1
37.56400,126.83116,30,보호구역,-1
37.56240,126.83601,30,보호구역,-1
37.54979,126.82398,50,보호구역,-1
36.86519,127.03150,30,보호구역,-1
36.86115,126.89129,30,보호구역,-1
37.61075,127.01893,30,보호구역,-1
37.60864,127.07036,30,보호구역,-1
37.59416,126.99927,30,보호구역,-1
37.61807,127.00624,30,보호구역,-1
35.21625,128.68074,30,보호구역,-1
35.20543,128.70954,30,보호구역,242
35.32642,129.03323,60,과속단속,43
37.29747,126.95813,30,보호구역,-1
37.27549,126.93833,30,보호구역,-1
37.26497,126.95774,30,보호구역,-1
36.97844,126.58687,50,과속단속,180
36.97832,126.58697,50,과속단속,0
36.82970,126.75170,70,과속단속,198
36.86450,126.73370,60,과속단속,-1
36.93320,126.72970,60,과속단속,-1
36.99810,126.55720,70,과속단속,101
36.97550,126.52410,60,과속단속,-1
36.97550,126.52400,60,과속단속,166
36.85710,126.58000,60,과속단속,-1
36.88950,126.61270,70,과속단속,49
35.11912,128.93707,70,과속단속,28
35.11853,128.93618,70,과속단속,207
37.27582,127.15936,30,보호구역,-1
37.26269,127.44619,60,과속단속,-1
37.29190,127.46880,70,과속단속,-1
37.28909,127.45282,50,과속단속,-1
37.30682,127.46375,70,과속단속,-1
37.25375,127.40621,70,과속단속,314
37.20143,127.45861,60,과속단속,-1
37.25740,127.48491,60,과속단속,126
37.24936,127.51512,60,과속단속,-1
37.24555,127.16343,50,과속단속,209
37.38880,127.12374,60,과속단속,-1
37.25474,127.44422,60,과속단속,-1
37.41417,127.15050,30,보호구역,-1
37.20683,127.00885,30,보호구역,325
37.54289,126.97063,50,과속단속,178
37.53614,126.95087,30,보호구역,-1
37.52052,126.97614,30,보호구역,-1
37.52072,126.97593,30,보호구역,-1
37.53565,126.96424,30,보호구역,-1
37.53663,126.96374,50,과속단속,-1
37.53653,126.96400,50,과속단속,-1
37.51142,127.03956,20,보호구역,250
37.52041,127.04475,20,보호구역,-1
37.47539,127.05322,30,보호구역,-1
35.19123,127.50218,60,과속단속,-1
35.01279,126.79566,30,보호구역,-1
35.03029,126.78680,30,보호구역,-1
35.00962,126.78750,30,보호구역,-1
35.07945,126.71687,30,보호구역,-1
36.06390,129.37986,30,보호구역,-1
35.80276,128.36766,60,과속단속,-1
36.11688,128.35314,50,과속단속,-1
36.11712,128.35308,50,과속단속,-1
37.35257,127.11222,30,보호구역,-1
37.26686,127.03388,50,과속단속,-1
37.28964,127.14624,60,과속단속,88
37.32489,127.10449,60,과속단속,248
37.23226,127.18859,50,과속단속,-1
37.46302,127.12533,100,과속단속,4
37.24440,127.50679,100,과속단속,93
36.97411,126.68523,50,과속단속,353
37.44580,126.37560,50,과속단속,-1
37.43851,126.69330,50,과속단속,-1
37.44785,126.67938,50,과속단속,-1
37.55770,126.67760,50,과속단속,2
37.52930,126.67628,50,과속단속,-1
37.57755,126.66298,60,과속단속,174
37.59383,126.67301,50,과속단속,-1
37.59405,126.68130,50,과속단속,-1
37.47896,126.71107,50,과속단속,110
37.47961,126.69658,50,과속단속,-1
37.49419,126.72299,50,과속단속,-1
37.48640,126.73942,50,과속단속,-1
37.42162,126.66820,60,과속단속,-1
37.40857,126.66070,60,과속단속,30
37.42589,126.61501,60,과속단속,-1
37.39461,126.66363,80,구간단속,307
37.38657,126.68897,80,구간단속,282
37.40390,126.73977,60,과속단속,-1
37.40891,126.71272,50,과속단속,-1
37.42989,126.71856,50,과속단속,-1
37.44959,126.71285,50,과속단속,273
37.45526,126.72948,50,과속단속,-1
37.46824,126.69016,50,과속단속,-1
37.57586,126.73712,60,과속단속,316
37.54491,126.71186,50,과속단속,-1
37.52928,126.72236,50,과속단속,-1
37.45883,126.89523,30,보호구역,-1
37.46665,126.89195,50,과속단속,-1
37.46044,126.90748,30,보호구역,-1
37.46719,126.90782,30,보호구역,-1
38.27754,127.30543,60,과속단속,-1
37.14459,128.98681,40,과속단속,-1
37.69043,127.86948,30,보호구역,-1
37.69095,127.86840,30,보호구역,-1
37.31202,127.92210,30,보호구역,-1
37.31234,127.92248,30,보호구역,-1
37.33209,127.94740,60,과속단속,25
37.23893,127.84470,30,보호구역,-1
37.27689,127.82394,30,보호구역,-1
37.59828,127.07735,30,과속단속,-1
37.59729,127.07616,30,과속단속,-1
37.57423,127.08081,30,보호구역,-1
37.58460,127.08362,30,보호구역,-1
37.57724,127.08971,50,과속단속,-1
37.58832,127.07980,50,보호구역,183
37.59141,127.08032,50,보호구역,-1
34.89156,128.62160,60,과속단속,168
34.90396,128.62288,50,과속단속,320
34.89870,128.69278,30,보호구역,90
34.88881,128.61439,60,과속단속,232
35.17644,126.87915,60,과속단속,128
35.80481,127.10898,50,과속단속,155
35.82522,127.07027,60,과속단속,267
37.58617,127.02951,50,과속단속,358
37.54790,127.04432,50,과속단속,174
37.48058,127.01349,60,과속단속,69
37.48068,127.01250,60,과속단속,200
37.51555,127.01928,50,과속단속,249
37.50415,127.02432,50,과속단속,159
37.57219,126.92172,50,과속단속,-1
37.55887,126.92665,50,과속단속,9
37.54141,126.94804,50,과속단속,-1
37.49850,126.92051,50,과속단속,-1
37.50494,126.93887,50,과속단속,240
37.49075,126.98234,50,과속단속,-1
37.47681,126.97749,50,과속단속,-1
37.58807,127.05322,50,보호구역,-1
37.57200,127.07454,50,과속단속,-1
37.66301,127.04217,50,과속단속,190
37.66255,127.04210,50,과속단속,187
37.65226,127.05152,50,과속단속,-1
37.61735,127.07550,50,과속단속,164
37.64879,127.06199,50,과속단속,156
37.66097,127.05916,50,과속단속,54
37.47567,126.88117,50,과속단속,-1
37.49157,126.89512,50,과속단속,162
37.53622,127.08343,50,과속단속,-1
37.47193,126.93408,50,과속단속,-1
37.48122,126.91256,50,과속단속,-1
37.47888,126.95259,50,과속단속,-1
37.56135,126.85500,50,과속단속,-1
34.80549,126.44789,60,과속단속,270
34.84151,127.42445,80,구간단속,-1
34.86731,127.44278,80,구간단속,-1
34.94008,127.50271,50,과속단속,-1
35.01399,127.39234,30,과속단속,222
34.95913,127.48427,50,과속단속,-1
34.90963,127.63581,70,과속단속,-1
34.95441,127.60791,60,과속단속,-1
35.03661,127.75638,30,과속단속,-1
34.98216,127.57253,30,과속단속,-1
34.51197,127.45773,60,과속단속,-1
35.03693,126.53430,80,과속단속,359
35.22902,127.23467,60,과속단속,73
35.23356,129.11561,80,구간단속,166
35.24857,129.10449,80,구간단속,105
35.15036,129.06905,50,구간단속,271
35.14979,129.09100,50,구간단속,-1
35.14931,129.09219,50,구간단속,112
35.16837,129.02739,60,구간단속,-1
37.26624,126.95705,30,보호구역,-1
35.75388,129.04735,30,보호구역,-1
35.75397,129.04650,30,보호구역,-1
35.71568,129.32453,30,보호구역,-1
35.71578,129.32437,30,보호구역,-1
35.75364,129.29572,30,보호구역,-1
35.87626,129.22886,30,보호구역,-1
35.87605,129.22889,30,보호구역,-1
35.78520,129.44303,30,보호구역,-1
35.78544,129.44288,30,보호구역,-1
35.91999,129.24692,30,보호구역,-1
35.82587,129.18965,50,과속단속,-1
35.84753,129.28137,60,과속단속,-1
35.99702,129.18435,80,과속단속,60
35.23406,126.63939,70,과속단속,-1
35.27242,126.75569,60,과속단속,-1
35.29837,126.78331,30,보호구역,-1
35.30050,126.78382,30,보호구역,-1
35.39314,126.91249,80,과속단속,-1
35.32362,126.79907,30,보호구역,-1
35.08500,126.13805,60,과속단속,-1
34.86530,126.31180,30,과속단속,-1
37.78650,126.37880,50,과속단속,-1
37.48902,126.55877,50,과속단속,-1
37.71450,126.46710,50,과속단속,-1
37.74290,126.49220,50,과속단속,-1
37.45871,126.67449,30,과속단속,-1
37.46435,126.66870,50,과속단속,175
37.52132,126.73805,30,과속단속,-1
35.00854,128.39926,30,보호구역,-1
35.00852,128.39922,30,보호구역,-1
37.42288,127.25825,50,과속단속,-1
37.41842,127.25895,50,과속단속,-1
37.41798,127.25899,50,과속단속,-1
37.30132,127.12195,30,보호구역,-1
37.30448,127.11134,50,과속단속,-1
36.65610,126.67894,50,과속단속,19
36.65703,126.67867,50,과속단속,-1
36.65605,126.68213,50,과속단속,182
36.65695,126.68178,50,과속단속,190
35.27305,128.86173,60,과속단속,-1
35.30167,126.92979,30,보호구역,-1
35.34925,127.03284,50,과속단속,-1
34.99077,127.50234,50,과속단속,-1
36.24759,127.62237,30,보호구역,-1
36.83512,128.00144,70,과속단속,138
36.83526,128.00156,70,과속단속,-1
37.53830,127.00486,20,보호구역,-1
37.53827,127.00458,60,과속단속,343
37.54388,126.98899,30,보호구역,-1
37.53583,126.98863,30,보호구역,-1
35.84119,127.11039,50,과속단속,222
37.60775,127.00391,50,과속단속,256
37.59809,127.02160,50,과속단속,177
37.59444,126.99220,30,보호구역,-1
37.59897,127.02395,30,보호구역,-1
35.85136,127.12015,50,과속단속,274
35.82035,127.00734,70,과속단속,79
35.63169,126.95677,60,과속단속,-1
35.69329,126.89226,60,과속단속,-1
35.69347,126.89222,60,과속단속,-1
35.82565,126.89692,80,과속단속,209
35.72143,127.03317,40,과속단속,-1
37.62327,127.04774,50,과속단속,-1
37.61127,127.02120,30,보호구역,-1
37.58680,127.01082,30,보호구역,-1
37.59576,127.01310,30,과속단속,-1
37.70826,127.04016,100,구간단속,148
37.68374,126.93057,100,구간단속,60
37.63221,127.31829,100,구간단속,4
37.53698,127.41197,100,구간단속,313
37.53145,127.42020,100,구간단속,126
37.62800,127.31813,100,구간단속,172
37.47551,126.64508,50,과속단속,-1
37.59032,126.91316,50,과속단속,-1
37.61822,126.90595,50,과속단속,-1
37.53113,127.00964,60,과속단속,329
37.54924,126.97155,50,과속단속,222
37.51437,126.91182,50,과속단속,32
37.49038,127.14349,50,과속단속,18
37.59365,127.01782,50,과속단속,134
37.54337,127.01409,50,과속단속,-1
37.49529,127.00575,50,과속단속,161
37.49726,126.98361,50,과속단속,33
37.56831,126.94802,50,과속단속,210
37.49743,126.98307,50,과속단속,214
37.67850,127.05556,50,과속단속,-1
37.45245,126.92060,40,과속단속,-1
37.50491,126.87100,60,과속단속,15
37.50147,126.89078,30,과속단속,325
37.48152,126.90547,30,과속단속,-1
37.47898,126.93213,50,과속단속,319
37.47792,126.91544,50,과속단속,348
37.54064,127.12627,30,과속단속,-1
37.52275,127.02012,50,과속단속,57
37.50334,127.03558,50,과속단속,-1
36.41429,127.39271,50,과속단속,-1
36.41499,127.39348,50,보호구역,-1
34.78081,126.96426,60,과속단속,-1
34.72479,126.90133,60,과속단속,-1
34.67709,126.91546,40,과속단속,-1
35.98003,129.40849,30,보호구역,-1
35.96459,129.40171,30,보호구역,-1
35.96898,129.36010,30,보호구역,-1
35.98989,129.55291,30,보호구역,-1
35.98407,129.36320,30,보호구역,-1
36.00639,129.33726,30,보호구역,-1
36.08468,129.39607,30,보호구역,-1
36.07942,129.55816,30,보호구역,-1
35.87674,129.51314,30,보호구역,-1
35.99674,129.40556,50,보호구역,-1
35.99864,129.34406,40,보호구역,-1
36.12858,129.16660,30,보호구역,-1
37.56430,127.00689,50,과속단속,-1
37.55945,127.00276,50,과속단속,-1
37.57005,126.98321,50,과속단속,54
37.29920,127.06431,60,과속단속,258
37.31322,127.07991,50,과속단속,229
37.31878,127.08341,50,과속단속,206
37.29208,127.14539,30,보호구역,-1
37.27315,127.15078,50,보호구역,-1
37.13893,127.37096,30,보호구역,-1
37.23392,127.10597,50,과속단속,-1
37.24486,127.21239,50,과속단속,-1
37.22942,127.30031,70,과속단속,318
37.33629,127.16530,50,과속단속,60
37.10727,127.16018,60,과속단속,-1
37.33112,127.09768,50,과속단속,-1
37.26996,127.15509,50,과속단속,-1
37.28272,127.17293,60,과속단속,120
37.18891,127.15509,60,과속단속,-1
37.17287,127.35037,70,과속단속,283
37.17735,127.18107,60,과속단속,-1
37.28810,127.19460,50,과속단속,120
37.15198,127.17007,50,과속단속,-1
36.74144,127.61486,60,과속단속,-1
36.81648,127.61237,30,보호구역,-1
36.78295,127.58639,30,보호구역,-1
36.78304,127.58660,30,보호구역,-1
36.78313,127.58903,30,보호구역,-1
37.14022,126.70376,30,보호구역,-1
35.70512,126.91667,40,과속단속,-1
36.69011,127.51405,30,보호구역,52
37.49552,126.99018,20,보호구역,-1
37.48739,127.02361,30,과속단속,-1
37.47738,126.98514,20,보호구역,-1
37.49601,126.99810,30,과속단속,-1
37.54109,127.01568,30,보호구역,-1
37.53935,127.04610,30,보호구역,-1
34.90965,128.64610,60,과속단속,35
35.52026,127.72611,30,보호구역,-1
35.18600,128.63848,60,과속단속,345
37.61909,126.91556,30,보호구역,-1
37.39102,127.22717,30,보호구역,-1
37.35014,127.18574,50,과속단속,-1
37.45621,127.33403,50,과속단속,-1
37.40452,127.22407,70,과속단속,37
37.40046,127.29178,70,구간단속,-1
37.41334,127.30561,50,과속단속,-1
37.46795,126.80146,30,보호구역,-1
37.47461,126.80320,30,보호구역,-1
37.47514,126.79724,30,보호구역,-1
37.47761,126.79264,30,보호구역,-1
37.46769,126.80796,30,보호구역,-1
37.46885,126.81204,30,보호구역,-1
37.49152,126.80892,30,보호구역,-1
37.49496,126.77404,30,보호구역,-1
36.15033,128.59684,60,과속단속,-1
36.18515,128.62942,60,과속단속,-1
36.18374,128.67615,60,과속단속,-1
36.15270,128.58828,80,과속단속,308
36.15792,128.58124,60,과속단속,128
36.17259,128.71758,60,과속단속,-1
36.17596,128.58311,80,과속단속,2
36.04877,128.64569,60,과속단속,40
36.06857,128.65864,70,과속단속,-1
36.07864,128.65627,70,과속단속,-1
36.23185,128.56361,80,과속단속,174
35.08069,128.97577,50,보호구역,271
35.18681,129.06979,50,과속단속,-1
35.18703,129.06971,50,과속단속,-1
37.28551,127.45648,50,과속단속,144
37.23757,127.36408,60,과속단속,-1
37.28455,127.49332,60,과속단속,-1
37.31894,127.08367,50,과속단속,28
37.33182,127.12308,50,과속단속,-1
37.30607,127.41336,70,과속단속,-1
37.30453,127.42705,70,과속단속,291
37.30660,127.10576,60,과속단속,177
37.00490,127.04960,70,과속단속,292
37.48104,126.94340,30,보호구역,98
37.58131,127.03055,30,보호구역,-1
37.56351,127.06115,30,보호구역,-1
37.58988,127.04758,30,보호구역,-1
36.50956,127.33809,70,구간단속,353
37.52831,127.14231,30,보호구역,-1
37.56258,127.16591,40,보호구역,-1
37.54210,127.14748,30,보호구역,-1
37.54549,127.12913,30,보호구역,-1
37.55187,127.13527,30,보호구역,-1
37.55192,127.13514,30,보호구역,-1
37.46806,128.72023,60,과속단속,-1
37.45146,129.16934,50,과속단속,-1
37.33439,127.92180,30,보호구역,308
36.42880,126.79507,60,과속단속,-1
37.47204,126.66226,30,과속단속,-1
36.76569,126.27232,70,과속단속,204
36.75319,126.32165,70,과속단속,55
37.29410,127.53422,70,과속단속,260
37.41695,126.90714,50,과속단속,-1
35.80839,128.62068,50,과속단속,-1
35.82581,128.62944,50,과속단속,104
35.87358,128.55928,30,보호구역,-1
36.33239,127.33353,50,과속단속,278
37.23270,127.23046,70,과속단속,288
37.23320,127.22662,70,과속단속,92
37.31392,127.40459,60,과속단속,-1
37.31294,127.43751,60,과속단속,339
37.30438,127.42751,70,과속단속,-1
37.28591,127.45191,40,과속단속,-1
37.27959,127.48791,50,과속단속,-1
36.38822,128.77219,60,과속단속,-1
36.74278,128.83421,60,과속단속,-1
36.76526,128.68060,80,과속단속,301
36.77483,129.14586,60,과속단속,-1
36.95014,129.39157,80,과속단속,221
36.94913,128.92968,60,과속단속,-1
36.31673,128.11434,80,구간단속,206
36.13378,128.10348,50,과속단속,-1
35.98217,128.42457,60,과속단속,-1
36.05533,129.37669,50,과속단속,-1
36.02531,129.33841,50,과속단속,341
35.84151,129.24280,60,과속단속,-1
35.90024,128.80235,60,과속단속,73
35.84683,129.23171,30,보호구역,-1
35.84661,129.23140,30,보호구역,-1
35.88549,128.36200,70,과속단속,156
35.90734,128.82395,60,과속단속,-1
35.83404,128.74068,60,과속단속,90
35.83997,128.76325,50,과속단속,-1
35.87225,128.78001,60,과속단속,-1
35.89324,128.83474,60,과속단속,-1
35.79914,128.85742,50,과속단속,-1
36.54247,127.30291,80,과속단속,253
36.54195,127.30279,80,과속단속,164
37.39425,126.92991,50,과속단속,-1
37.73235,127.08223,40,보호구역,309
36.98180,127.56100,70,과속단속,-1
36.99237,127.59135,50,과속단속,-1
37.50124,126.79733,50,과속단속,-1
37.50214,126.79695,50,과속단속,-1
37.48865,126.76549,50,과속단속,-1
37.51253,126.78452,50,과속단속,-1
37.48318,126.75617,50,과속단속,-1
35.32301,128.58104,50,보호구역,228
35.32272,128.58057,50,보호구역,228
35.22820,128.01821,80,구간단속,112
35.26182,127.99356,80,구간단속,173
35.16790,128.05708,30,보호구역,-1
35.16793,128.05717,30,보호구역,-1
35.17249,128.32770,30,보호구역,-1
35.25694,128.17713,30,보호구역,-1
35.19804,128.11429,30,보호구역,-1
35.17421,128.06673,30,보호구역,-1
35.20040,127.93143,30,보호구역,-1
35.18007,128.08407,30,보호구역,-1
35.17291,128.14943,30,보호구역,-1
35.17501,128.15047,30,보호구역,-1
35.17050,128.16260,30,보호구역,-1
35.17054,128.16260,30,보호구역,-1
37.49486,126.76104,30,보호구역,-1
37.53866,127.09742,30,보호구역,-1
37.54572,127.07829,30,보호구역,285
37.56557,127.07945,20,보호구역,294
37.56327,127.07956,30,과속단속,-1
37.56223,127.08207,30,과속단속,-1
37.55826,127.08797,50,과속단속,-1
37.54257,127.08419,50,보호구역,-1
35.69611,128.71828,30,보호구역,109
35.69632,128.71813,30,보호구역,-1
35.64624,128.75256,30,보호구역,-1
35.66680,128.85572,30,보호구역,-1
35.66656,128.85520,30,보호구역,-1
35.70609,128.58239,30,보호구역,-1
35.70614,128.58303,30,보호구역,-1
35.64187,128.65696,30,보호구역,-1
35.64193,128.65737,30,보호구역,-1
35.64858,128.70541,30,보호구역,-1
35.64891,128.70601,30,보호구역,-1
35.64232,128.61574,30,보호구역,-1
35.64273,128.61593,30,보호구역,-1
35.66362,128.66769,30,보호구역,-1
35.66344,128.66757,30,보호구역,-1
35.67963,128.89641,30,보호구역,-1
35.67981,128.89636,30,보호구역,-1
37.14229,127.09008,30,보호구역,-1
37.31492,127.55381,60,과속단속,-1
36.29620,126.76150,50,과속단속,-1
36.29610,126.76160,50,과속단속,38
36.28890,126.73930,70,과속단속,126
36.29110,126.67600,70,과속단속,-1
36.29120,126.67590,70,과속단속,-1
36.07120,129.20343,30,보호구역,-1
36.07789,129.39325,30,보호구역,-1
37.32858,127.07207,30,과속단속,-1
37.32329,127.08012,30,보호구역,-1
37.24999,127.10748,50,과속단속,-1
37.31995,127.06185,50,보호구역,-1
37.31933,127.06163,50,보호구역,-1
37.18772,127.21643,30,보호구역,-1
37.15134,127.16990,50,과속단속,-1
37.11069,127.37676,60,과속단속,-1
37.16751,127.31031,60,과속단속,-1
35.18937,128.60241,60,과속단속,-1
34.93692,128.12450,50,과속단속,-1
36.78717,127.05613,100,구간단속,278
36.76755,127.16799,100,구간단속,236
36.76229,127.15941,100,구간단속,244
36.78695,127.05614,100,구간단속,98
36.46769,127.13262,50,과속단속,-1
36.47025,127.13189,50,과속단속,-1
36.44070,127.02093,70,과속단속,225
36.13046,127.12056,70,과속단속,296
36.11544,127.09836,50,과속단속,8
36.16892,127.04264,70,과속단속,-1
36.23275,127.08489,60,과속단속,-1
36.21343,127.16081,70,과속단속,-1
36.28820,126.72940,70,과속단속,46
36.24860,126.80800,70,과속단속,-1
36.24860,126.80860,70,과속단속,-1
36.73689,128.31165,40,보호구역,-1
36.63981,128.24920,40,보호구역,-1
36.63904,128.24913,40,보호구역,-1
35.84405,129.22891,50,과속단속,-1
35.83842,129.20273,60,과속단속,285
35.76759,129.20248,80,과속단속,345
35.68883,129.47377,30,과속단속,-1
35.84393,129.27192,50,과속단속,352
36.19278,128.47048,40,과속단속,-1
36.24066,128.28107,60,과속단속,284
36.08658,128.36412,40,보호구역,-1
36.16108,128.43463,40,보호구역,360
36.16075,128.34663,40,보호구역,257
36.16072,128.34673,40,보호구역,68
37.40428,127.22360,70,과속단속,220
37.38304,127.23380,50,과속단속,-1
35.85858,128.62974,60,과속단속,95
35.85857,128.62970,60,과속단속,95
35.85606,128.62601,60,과속단속,6
35.85604,128.62602,60,과속단속,6
37.52006,126.80525,50,과속단속,-1
37.52075,126.80449,50,과속단속,-1
37.53001,126.77257,50,과속단속,-1
37.54003,126.76380,60,과속단속,-1
37.32866,127.06882,30,보호구역,-1
37.32797,127.06795,30,보호구역,-1
34.90555,128.32091,50,구간단속,-1
37.72205,127.20510,50,보호구역,19
37.71722,127.19786,30,보호구역,-1
37.71753,127.19757,50,보호구역,-1
37.72189,127.20481,50,보호구역,204
37.71560,127.18936,50,과속단속,33
34.89871,128.35519,50,구간단속,-1
35.07325,128.47178,50,구간단속,-1
35.05586,128.47550,50,구간단속,-1
35.05638,128.47576,50,구간단속,-1
35.07266,128.47237,50,구간단속,-1
37.64349,127.12447,50,과속단속,-1
37.64238,127.12362,60,과속단속,99
37.64398,127.12100,60,과속단속,359
37.85504,126.77167,60,과속단속,24
35.09334,128.79947,30,과속단속,-1
35.09286,128.79773,30,과속단속,-1
36.31679,127.58532,30,보호구역,-1
36.35531,127.67330,30,보호구역,-1
36.39409,127.66147,30,보호구역,-1
36.34756,127.79220,30,보호구역,-1
36.29874,127.55876,30,보호구역,-1
36.30481,127.56071,30,보호구역,-1
36.38830,127.53835,30,보호구역,-1
35.97902,129.37977,50,과속단속,228
37.50100,128.01151,50,과속단속,-1
35.44885,129.07449,30,보호구역,-1
35.47166,128.76886,40,과속단속,-1
35.47144,128.76971,40,과속단속,-1
35.50281,128.74814,60,과속단속,-1
35.05550,128.06561,50,과속단속,-1
34.95252,128.07699,50,보호구역,-1
35.20566,127.87518,60,과속단속,-1
35.20560,127.87519,60,과속단속,-1
36.49878,127.32465,50,과속단속,249
36.49857,127.32513,50,과속단속,70
36.50326,127.33748,70,과속단속,14
36.00668,126.70886,60,과속단속,-1
35.80850,128.52748,50,과속단속,332
35.80814,128.52449,60,과속단속,253
35.81316,128.51989,50,과속단속,79
35.84153,128.55655,30,과속단속,-1
35.83878,128.55129,50,과속단속,-1
35.21282,129.01652,50,과속단속,73
35.06857,129.00912,50,과속단속,-1
37.45276,126.64777,50,과속단속,-1
37.50140,126.61350,50,과속단속,-1
37.50900,126.61370,50,과속단속,-1
37.48226,126.62736,30,과속단속,-1
37.48259,126.62728,30,과속단속,-1
36.68520,127.26650,40,과속단속,-1
34.90555,128.32093,50,구간단속,-1
34.89882,128.35548,50,구간단속,-1
37.22637,126.85732,70,과속단속,49
37.19949,126.94096,60,과속단속,27
37.22611,126.95444,50,과속단속,207
37.22611,126.95459,50,과속단속,27
37.05284,126.80754,70,과속단속,-1
37.09581,126.88523,30,보호구역,-1
37.08120,126.79883,70,과속단속,18
37.10311,126.86560,60,과속단속,-1
37.22042,127.42566,70,과속단속,-1
37.28794,127.45429,50,과속단속,322
37.29314,127.52841,70,과속단속,79
37.24192,127.50132,60,과속단속,109
37.16181,127.48018,60,과속단속,-1
37.23110,127.49315,60,과속단속,-1
37.16312,127.57601,70,과속단속,-1
37.06395,127.51364,60,과속단속,-1
37.64860,127.12518,100,과속단속,322
37.66737,126.92011,60,과속단속,-1
35.48034,128.74771,30,보호구역,-1
35.48040,128.74770,30,보호구역,-1
35.25233,128.61749,50,보호구역,-1
35.11973,128.49416,50,과속단속,40
36.15855,126.69115,60,과속단속,-1
37.47994,129.12919,50,과속단속,-1
37.48414,129.10307,60,과속단속,225
37.49909,129.11516,50,과속단속,-1
37.49877,129.11561,50,과속단속,-1
37.49707,126.75754,30,보호구역,-1
37.49869,126.75157,30,보호구역,-1
37.19512,127.02978,60,과속단속,302
37.52686,126.71924,30,과속단속,-1
37.52682,126.71963,30,과속단속,-1
37.53217,126.73399,50,과속단속,-1
37.51743,126.67304,30,과속단속,-1
36.79050,127.78285,30,보호구역,-1
37.65355,127.01428,30,보호구역,-1
37.64746,127.04841,30,보호구역,-1
37.66398,127.04649,50,보호구역,-1
37.65686,127.04546,30,보호구역,-1
37.66482,127.03201,20,보호구역,-1
37.67184,127.04090,30,보호구역,-1
37.66619,127.04638,50,과속단속,-1
36.99827,127.13462,50,과속단속,97
36.97901,126.92616,50,과속단속,31
36.48630,127.25827,50,과속단속,334
37.50151,126.76872,50,과속단속,-1
37.48606,126.78140,50,과속단속,-1
37.50232,126.76272,50,과속단속,-1
37.50423,126.76290,50,과속단속,-1
37.49325,126.75469,50,과속단속,192
36.35113,126.61493,30,보호구역,-1
36.35137,126.59516,30,보호구역,-1
36.35147,126.59511,30,보호구역,-1
37.58838,127.06822,50,과속단속,-1
37.59257,127.05752,40,보호구역,-1
36.72358,127.32380,100,구간단속,294
36.63243,127.38115,100,구간단속,343
36.91122,127.54162,30,보호구역,-1
37.03222,127.60323,30,보호구역,-1
37.03207,127.60354,30,보호구역,-1
36.91189,127.54404,30,보호구역,-1
36.91206,127.54417,30,보호구역,-1
35.82510,128.34786,50,과속단속,-1
36.32166,129.05280,60,과속단속,-1
36.32147,129.05263,60,과속단속,-1
36.34921,128.69409,50,과속단속,-1
36.34952,128.69424,50,과속단속,-1
36.41656,128.20887,40,보호구역,304
35.96225,128.01421,60,과속단속,-1
35.90709,127.95821,60,과속단속,-1
37.40469,127.25271,30,과속단속,-1
35.73105,126.60677,80,과속단속,209
35.73102,126.60682,80,과속단속,209
35.77354,126.92998,80,과속단속,288
35.76952,126.94297,80,과속단속,104
35.55832,126.85498,50,과속단속,-1
35.55788,126.78286,80,과속단속,-1
37.11515,127.62744,30,보호구역,-1
37.11526,127.62781,30,보호구역,-1
37.13428,127.62823,60,과속단속,-1
36.65120,126.75856,60,과속단속,52
36.71518,126.67857,50,과속단속,95
36.71740,126.68021,50,과속단속,-1
36.76910,127.25250,50,과속단속,-1
36.11231,128.60315,60,과속단속,-1
36.23347,128.57118,30,보호구역,36
36.23320,128.57080,30,보호구역,216
36.11738,128.63336,60,과속단속,-1
36.09661,128.56195,30,보호구역,-1
36.10147,128.66267,30,보호구역,-1
36.13236,128.57805,60,과속단속,185
36.13246,128.57813,60,과속단속,3
36.23847,128.56768,30,보호구역,-1
36.27193,128.57605,80,과속단속,31
35.96018,128.56036,60,과속단속,280
36.11723,128.63349,60,과속단속,-1
36.16243,128.74815,60,과속단속,-1
36.23844,128.56768,30,보호구역,-1
36.09649,128.58204,30,보호구역,-1
36.15621,128.58669,30,보호구역,-1
36.13029,128.75174,60,과속단속,333
36.23202,128.56369,80,과속단속,356
36.10148,128.66263,30,보호구역,-1
36.26524,128.43470,60,과속단속,-1
36.18098,128.59027,60,과속단속,-1
37.38304,126.93417,50,과속단속,-1
36.54287,127.30517,50,과속단속,241
36.53949,127.30396,80,과속단속,345
36.54816,127.30121,80,과속단속,175
36.53370,127.32879,50,과속단속,145
36.53274,127.33007,50,과속단속,318
36.54297,127.30663,50,과속단속,274
36.50955,127.33787,70,구간단속,183
36.54278,127.30662,70,구간단속,96
36.54277,127.30794,70,구간단속,101
36.29261,129.01847,30,보호구역,-1
36.23782,128.29579,50,과속단속,-1
36.23760,128.29591,50,과속단속,-1
36.23601,128.30886,80,구간단속,295
36.21841,128.34938,80,구간단속,329
36.38308,128.15160,60,과속단속,201
36.14149,128.29942,50,과속단속,-1
36.03819,128.91759,30,보호구역,114
37.49433,126.76104,30,보호구역,-1
37.48003,126.76384,30,과속단속,-1
37.48013,126.76383,30,과속단속,-1
37.47317,126.80452,30,보호구역,-1
37.01745,127.02210,70,과속단속,99
37.49045,126.81045,30,보호구역,-1
37.49078,126.81107,30,보호구역,-1
37.49383,126.75759,30,보호구역,-1
37.98555,127.06871,60,과속단속,223
37.98585,127.06941,60,과속단속,40
37.88393,127.19484,60,과속단속,-1
37.62510,126.81754,30,과속단속,-1
37.65343,126.91556,30,과속단속,-1
37.64971,126.92114,30,과속단속,-1
37.65006,126.92126,30,과속단속,-1
37.57983,126.97083,50,과속단속,-1
37.61363,127.15102,50,과속단속,179
37.75058,127.11577,30,과속단속,-1
37.76097,127.03961,30,과속단속,-1
37.76119,127.03053,30,과속단속,-1
37.72853,127.06191,30,과속단속,-1
37.73772,127.08720,30,과속단속,-1
37.73585,127.09157,30,과속단속,-1
35.61222,128.65960,30,보호구역,-1
36.59157,128.74230,60,과속단속,-1
36.01731,128.26729,60,과속단속,-1
36.64340,128.07087,60,과속단속,-1
37.70353,127.38930,70,과속단속,32
37.76907,127.44770,70,과속단속,19
37.67801,127.48563,50,과속단속,-1
37.60260,127.14510,50,과속단속,60
37.88122,127.05439,50,과속단속,55
37.89940,127.05248,50,과속단속,-1
37.77250,126.73277,50,보호구역,269
37.78610,126.77581,60,과속단속,358
37.78083,126.77119,60,과속단속,232
37.74140,127.20531,60,과속단속,42
37.71096,127.17986,60,과속단속,42
37.68160,126.76883,60,과속단속,118
37.68950,126.76338,50,과속단속,-1
37.66249,126.76742,30,과속단속,-1
37.68166,126.81281,50,과속단속,-1
37.61283,126.83396,50,과속단속,-1
37.63464,126.83302,50,과속단속,-1
37.75651,127.07976,50,과속단속,50
37.73273,127.03845,50,과속단속,88
37.71475,127.04728,50,과속단속,-1
37.72933,127.19311,60,과속단속,-1
37.66471,126.76085,50,보호구역,131
37.83291,127.20453,70,과속단속,-1
37.80487,127.17199,70,과속단속,-1
37.79474,127.23199,70,과속단속,246
37.78031,127.22633,70,과속단속,344
37.90098,127.28460,30,보호구역,-1
37.85561,127.15076,30,보호구역,-1
38.15640,127.25129,30,보호구역,-1
38.05354,127.37469,70,과속단속,37
38.05349,127.37484,70,과속단속,37
37.54476,127.12666,40,과속단속,-1
37.57476,127.12663,40,과속단속,302
37.57427,127.12648,40,과속단속,133
38.00107,127.23526,70,과속단속,150
37.89571,127.20221,40,과속단속,-1
37.81263,127.18985,70,과속단속,-1
37.84694,127.09757,30,보호구역,-1
37.79429,127.07928,50,과속단속,-1
37.65944,127.25852,50,과속단속,-1
37.64192,127.30354,50,과속단속,-1
37.65004,127.24400,50,과속단속,-1
38.03209,127.09648,80,과속단속,285
38.08621,127.07993,70,과속단속,-1
38.05067,127.06745,70,과속단속,175
38.05101,127.06773,70,과속단속,359
37.76434,127.39244,70,과속단속,299
37.40361,126.73776,50,과속단속,-1
37.40354,126.73717,50,과속단속,-1
36.45102,128.06181,30,보호구역,-1
36.40675,128.09457,60,과속단속,-1
36.41972,128.15726,30,보호구역,-1
36.43684,128.37773,70,과속단속,321
37.75555,127.11387,50,과속단속,-1
37.73552,127.04344,50,과속단속,358
37.72360,127.06068,50,보호구역,350
37.72735,126.74273,30,보호구역,-1
37.73232,126.80894,30,보호구역,-1
37.74213,126.80280,30,보호구역,-1
37.74545,126.81010,30,보호구역,-1
37.86290,126.78508,30,보호구역,-1
37.87216,126.80739,30,보호구역,-1
37.74427,126.69211,30,보호구역,-1
37.72091,126.75359,30,보호구역,-1
37.71916,126.74305,30,보호구역,-1
37.73582,126.80268,30,보호구역,-1
37.72440,126.71516,30,보호구역,-1
37.72177,126.72032,30,보호구역,-1
37.70826,126.68548,50,보호구역,-1
37.81381,127.05877,30,보호구역,-1
37.65814,127.12262,50,보호구역,61
37.65806,127.12194,50,보호구역,241
37.88482,127.19155,70,과속단속,41
37.30223,127.65946,50,과속단속,-1
37.30524,127.63720,50,과속단속,-1
35.54987,129.26470,50,과속단속,272
35.54960,129.26337,50,과속단속,39
35.55040,129.26408,50,과속단속,232
35.54933,129.26392,50,과속단속,349
35.55021,129.26307,50,과속단속,133
35.53350,129.33419,50,과속단속,-1
35.52867,129.42765,50,과속단속,-1
35.54933,129.30589,60,과속단속,54
35.53978,129.34375,60,과속단속,91
37.52611,126.64963,60,과속단속,307
37.45800,126.68572,50,과속단속,-1
37.46017,126.63820,60,과속단속,45
37.48284,126.61815,50,과속단속,-1
37.48325,126.61824,50,과속단속,-1
37.45599,126.71701,50,과속단속,-1
37.45897,126.71999,50,과속단속,-1
37.44293,126.71455,30,과속단속,-1
37.44288,126.71500,30,과속단속,-1
37.42408,126.74353,30,과속단속,-1
37.42348,126.74426,30,과속단속,-1
37.40415,126.72497,30,과속단속,-1
37.39420,126.73320,50,과속단속,-1
37.39398,126.73318,50,과속단속,-1
37.38762,126.72360,30,과속단속,-1
37.38775,126.72356,30,과속단속,-1
35.19526,128.81447,50,과속단속,-1
35.21084,128.56761,50,과속단속,-1
35.21075,128.56787,50,과속단속,-1
35.11055,128.08900,70,과속단속,36
35.11069,128.08927,70,과속단속,316
35.42900,128.63504,80,과속단속,265
35.42886,128.63488,80,과속단속,84
36.33609,127.32845,30,보호구역,181
36.34038,127.35062,50,과속단속,57
36.34062,127.35048,50,과속단속,238
37.38170,127.94694,60,과속단속,11
37.14642,129.20621,30,보호구역,-1
38.08089,128.62088,80,과속단속,240
38.21989,128.56403,60,과속단속,181
38.21914,128.56445,60,과속단속,1
37.86553,127.72137,50,과속단속,-1
37.88853,127.72472,30,보호구역,-1
37.56610,126.96660,50,과속단속,322
37.56550,126.96680,50,과속단속,151
37.49513,127.49648,50,과속단속,-1
37.49769,127.48993,50,과속단속,-1
37.27905,127.56445,30,보호구역,-1
37.28644,127.61950,70,과속단속,337
37.28640,127.61862,70,과속단속,125
37.27702,127.61122,30,보호구역,-1
37.29508,127.64349,30,보호구역,-1
37.26413,127.60338,70,과속단속,-1
37.16610,127.11570,60,과속단속,63
37.19440,127.06702,50,과속단속,346
37.14990,127.12650,40,보호구역,-1
37.27020,127.01089,50,보호구역,-1
37.00048,127.16693,30,보호구역,-1
37.01275,127.27214,30,보호구역,-1
37.19181,127.09134,30,보호구역,-1
37.02799,127.24418,30,보호구역,-1
36.95180,127.25857,30,보호구역,-1
37.21050,126.81449,30,보호구역,-1
37.28154,127.00113,30,보호구역,-1
37.20663,127.07590,60,과속단속,40
37.15133,126.97273,30,보호구역,-1
37.16391,127.00808,30,보호구역,-1
37.44214,126.89501,50,과속단속,-1
37.55286,126.87191,30,보호구역,-1
37.53202,126.85269,30,보호구역,-1
37.56221,126.83597,30,보호구역,-1
37.54468,126.88727,60,과속단속,3
35.41947,126.47806,30,과속단속,-1
35.41975,126.47832,30,과속단속,-1
35.40363,126.47435,50,과속단속,-1
35.40154,126.47432,50,과속단속,-1
36.21822,128.34917,80,구간단속,152
36.23588,128.30877,80,구간단속,114
35.19520,128.81427,50,과속단속,-1
37.40725,127.10380,100,구간단속,89
35.18002,128.11736,50,과속단속,267
35.29967,128.59043,30,보호구역,-1
35.25912,128.62368,30,보호구역,-1
37.49384,126.72223,30,과속단속,-1
37.65369,126.50439,30,과속단속,-1
37.73180,126.49710,40,과속단속,-1
37.65320,126.43400,40,과속단속,-1
37.60820,126.41780,60,과속단속,-1
37.74140,126.48650,30,과속단속,-1
37.74150,126.49120,30,과속단속,-1
37.42229,127.12357,100,구간단속,1
37.44475,125.16737,30,보호구역,-1
37.44437,127.16465,30,보호구역,-1
37.44384,127.16281,30,보호구역,-1
37.44318,127.16176,30,보호구역,-1
37.44323,127.16133,30,보호구역,-1
37.44218,127.16363,30,보호구역,-1
36.73523,127.44644,30,보호구역,-1
37.30772,127.35727,110,구간단속,326
37.41875,127.30075,110,구간단속,336
37.29154,127.08632,100,구간단속,109
36.99055,127.11495,60,과속단속,77
37.00215,126.95865,70,과속단속,217
36.80252,127.13996,30,과속단속,-1
36.60554,126.67667,60,과속단속,315
36.60532,126.67643,60,과속단속,140
37.31219,127.00519,100,구간단속,300
36.59959,126.66310,30,과속단속,-1
36.54522,126.63747,60,과속단속,-1
36.54517,126.63776,60,과속단속,42
36.41337,128.30809,60,과속단속,-1
36.12434,128.04954,30,보호구역,-1
37.11364,127.59260,60,과속단속,78
37.12773,127.61250,60,과속단속,-1
37.28867,126.99693,50,과속단속,-1
38.05599,127.01294,30,보호구역,-1
38.05595,127.01282,30,보호구역,-1
38.01849,127.07317,30,보호구역,-1
38.01849,127.07328,30,보호구역,-1
38.02790,127.08291,30,보호구역,-1
38.02763,127.07294,30,보호구역,-1
37.43654,127.14216,30,보호구역,-1
37.32896,126.74155,50,과속단속,-1
36.15643,126.56041,60,과속단속,-1
37.61827,127.16387,30,보호구역,-1
37.61792,127.16478,30,보호구역,-1
37.61489,127.15802,30,보호구역,-1
37.61571,127.15602,30,보호구역,236
37.62042,127.15795,30,보호구역,-1
37.64960,127.26202,30,보호구역,-1
37.66159,127.34693,30,보호구역,-1
37.65492,127.30357,30,보호구역,-1
37.65486,127.30350,30,보호구역,-1
37.66374,127.30499,30,보호구역,-1
37.66242,127.30287,50,보호구역,-1
37.66203,127.30283,50,보호구역,-1
37.65291,127.33981,30,보호구역,-1
37.74052,127.21642,30,보호구역,-1
37.69826,127.19461,50,보호구역,-1
37.69826,127.19174,30,보호구역,-1
35.79668,128.49705,30,보호구역,-1
35.77364,128.42731,40,보호구역,-1
35.69959,128.46564,40,보호구역,-1
35.69997,128.46593,40,보호구역,-1
35.66127,128.41941,30,보호구역,-1
35.86370,128.52366,40,보호구역,-1
35.85377,128.62258,50,과속단속,94
35.84640,128.62023,50,과속단속,-1
35.84654,128.62081,50,과속단속,-1
35.84093,128.60134,50,과속단속,-1
35.88178,128.57933,30,보호구역,-1
35.87414,128.57107,50,보호구역,-1
35.87177,128.56250,50,보호구역,-1
35.88681,128.61975,30,보호구역,-1
35.88440,128.71567,50,과속단속,-1
35.87856,128.72482,50,과속단속,275
35.86985,128.72939,60,과속단속,-1
35.86483,128.72164,30,보호구역,-1
35.87725,128.58417,50,과속단속,-1
36.13061,128.33549,30,보호구역,207
36.15632,128.33496,50,과속단속,-1
36.31667,128.11455,80,구간단속,26
35.87179,128.36425,70,과속단속,351
35.88225,129.21820,60,과속단속,-1
38.13497,127.07533,30,보호구역,-1
38.18255,127.10646,30,보호구역,-1
38.05219,127.05982,30,보호구역,-1
38.05236,127.05993,30,보호구역,-1
35.93180,126.96265,30,보호구역,-1
35.92361,126.97359,70,과속단속,114
35.90282,127.02420,80,과속단속,285
36.76258,126.99318,50,과속단속,-1
37.47121,126.86661,30,보호구역,-1
34.63468,126.28168,50,과속단속,-1
34.63447,126.28347,50,과속단속,-1
36.11862,128.35347,50,과속단속,190
36.11922,128.35523,50,과속단속,59
35.57468,128.76132,60,과속단속,-1
36.04011,129.37765,50,과속단속,-1
35.93476,128.55878,30,보호구역,-1
35.90148,128.51165,30,보호구역,-1
35.06746,126.52937,30,보호구역,-1
35.31369,129.24953,50,과속단속,-1
35.31370,129.24983,50,과속단속,41
35.08597,128.98664,50,보호구역,234
35.12891,129.08591,50,과속단속,-1
35.14523,129.06701,50,과속단속,3
35.15713,129.12794,30,과속단속,-1
37.11685,127.07055,50,과속단속,-1
37.50222,127.47430,50,과속단속,122
37.03370,126.96061,50,과속단속,-1
36.96841,126.95857,50,과속단속,207
37.00829,127.01360,50,과속단속,-1
37.05729,127.05750,30,보호구역,93
36.53454,127.28135,50,과속단속,86
37.47596,127.05925,50,과속단속,57
37.48128,127.06061,30,보호구역,-1
37.48120,127.06029,30,보호구역,-1
36.70702,127.52657,80,과속단속,214
36.74387,127.69366,60,과속단속,-1
36.64770,127.74743,60,과속단속,-1
36.80621,127.87022,40,과속단속,-1
35.44738,128.80456,50,과속단속,145
35.44155,128.75735,80,과속단속,164
35.45759,128.75403,80,과속단속,175
36.96668,126.84991,50,과속단속,317
36.99127,127.12165,50,과속단속,266
37.70895,128.18780,60,과속단속,-1
36.80403,126.75870,40,과속단속,349
37.49753,126.70744,30,과속단속,-1
37.52154,126.74512,30,과속단속,-1
35.91807,128.29532,40,과속단속,268
36.09489,126.97126,40,과속단속,-1
36.09392,126.96949,40,과속단속,-1
35.96231,127.00418,60,과속단속,-1
35.94224,126.92552,70,구간단속,206
35.96352,126.94249,70,구간단속,256
37.61343,126.60861,60,과속단속,69
37.00915,127.26394,50,과속단속,-1
37.05832,127.29486,30,보호구역,45
37.05900,127.29566,30,보호구역,238
37.09448,127.47420,70,과속단속,229
34.85749,126.31502,30,보호구역,-1
34.76644,125.98896,30,보호구역,-1
34.59935,126.07535,30,보호구역,-1
34.61477,126.02245,30,보호구역,-1
36.79004,126.99524,50,과속단속,228
36.78802,126.95027,30,보호구역,-1
36.78630,126.95083,30,과속단속,-1
36.78331,126.95444,50,과속단속,84
36.78360,126.95373,50,과속단속,278
35.18252,126.58615,60,과속단속,-1
38.06847,127.51926,30,보호구역,-1
38.06841,127.51954,30,보호구역,-1
38.14734,127.74095,30,보호구역,-1
38.14730,127.74105,30,보호구역,-1
38.06674,127.49463,30,보호구역,-1
38.06682,127.49382,30,보호구역,-1
38.10616,127.70874,30,보호구역,-1
35.78792,126.62042,80,구간단속,165
35.78792,126.62055,80,구간단속,165
35.93547,126.58758,80,구간단속,179
35.93548,126.58773,80,구간단속,179
35.93544,126.58796,80,구간단속,360
35.93548,126.58784,80,구간단속,360
35.78795,126.62076,80,구간단속,346
35.78794,126.62064,80,구간단속,346
36.02209,127.25231,40,과속단속,-1
35.79384,127.34672,80,과속단속,330
35.94671,126.92793,50,과속단속,126
35.94678,126.92798,50,과속단속,126
35.94468,126.96151,50,과속단속,-1
35.94639,126.93378,50,과속단속,-1
35.42384,127.40052,50,과속단속,-1
37.13148,128.96131,60,과속단속,102
37.64990,127.65202,40,과속단속,-1
37.66444,127.65668,40,과속단속,-1
37.43640,126.99317,30,보호구역,-1
37.43568,126.99503,30,보호구역,-1
37.41400,126.76058,60,과속단속,302
37.41337,126.76030,60,과속단속,38
37.34033,126.79184,50,과속단속,217
37.37439,126.94515,50,과속단속,-1
37.37193,126.94889,50,과속단속,-1
36.95948,127.21332,60,과속단속,-1
37.17323,127.10688,30,보호구역,351
36.99825,127.13415,50,과속단속,96
37.35978,127.51487,30,보호구역,-1
37.35832,127.51160,40,보호구역,-1
34.45882,126.85656,50,과속단속,-1
34.45962,126.85879,50,과속단속,-1
34.47933,126.88281,60,과속단속,-1
35.11394,129.04516,50,과속단속,194
38.09482,127.70132,50,과속단속,-1
38.06463,127.52070,50,과속단속,-1
38.17513,127.53452,30,보호구역,-1
38.19120,127.59765,30,보호구역,-1
38.05883,127.66641,30,보호구역,-1
38.03402,127.32373,40,과속단속,-1
38.05367,127.82151,30,보호구역,-1
38.10493,127.70786,30,보호구역,-1
37.14416,127.05299,30,보호구역,-1
37.04183,127.02882,30,보호구역,-1
37.52029,126.73589,30,과속단속,-1
37.04214,127.02876,30,보호구역,-1
37.65487,126.58084,30,과속단속,-1
37.65662,126.62496,30,보호구역,-1
37.62235,126.72226,30,보호구역,-1
37.41129,126.96889,30,보호구역,-1
37.39069,126.96671,30,보호구역,-1
37.38860,126.95955,30,보호구역,-1
37.38790,126.96809,30,보호구역,-1
37.39211,126.94883,30,보호구역,-1
37.30497,127.08529,30,과속단속,-1
37.39193,126.92820,30,보호구역,-1
37.40505,126.89729,30,보호구역,-1
37.33324,127.10909,60,과속단속,1
37.48194,126.80610,50,과속단속,-1
37.49804,126.77760,50,과속단속,-1
37.48672,126.77671,50,과속단속,-1
37.34065,126.74635,50,과속단속,128
37.06180,127.53873,40,과속단속,-1
37.06389,127.14262,50,과속단속,-1
37.05206,127.16360,50,과속단속,30
37.00422,127.27071,50,과속단속,-1
37.07403,127.37528,50,과속단속,-1
37.29150,126.99027,30,보호구역,-1
37.29521,126.99005,30,보호구역,-1
37.29218,126.99197,30,보호구역,-1
37.30009,126.99612,30,보호구역,352
37.29605,127.00233,30,보호구역,-1
37.30153,126.98094,30,보호구역,-1
37.30110,126.98333,30,보호구역,-1
37.30018,126.97884,30,보호구역,-1
37.30547,126.97069,30,보호구역,-1
37.30746,127.01122,30,보호구역,-1
37.30229,127.01632,30,보호구역,-1
36.96356,127.24753,60,과속단속,-1
37.20883,127.38714,70,과속단속,9
37.29231,127.42514,60,과속단속,315
37.30708,127.46404,70,과속단속,-1
37.26507,127.35432,50,과속단속,-1
37.23310,127.52155,60,과속단속,158
37.32224,126.69108,50,과속단속,-1
37.34538,126.74403,30,보호구역,-1
37.38234,126.73116,30,보호구역,-1
37.00202,127.25076,50,과속단속,91
37.00888,127.25659,50,과속단속,-1
37.09021,127.48100,30,보호구역,-1
37.34713,126.75057,30,보호구역,-1
37.16419,127.05001,30,보호구역,-1
37.16369,127.04968,30,보호구역,-1
37.69755,126.76757,30,보호구역,-1
37.70149,126.76751,30,보호구역,-1
37.67198,126.73259,30,보호구역,-1
37.62497,127.11790,100,구간단속,50
37.57870,127.13174,100,구간단속,267
34.33860,126.79057,50,과속단속,-1
35.44921,127.46827,30,과속단속,-1
35.92258,127.94369,60,과속단속,-1
35.88645,127.94252,60,과속단속,-1
35.82490,128.45230,30,보호구역,-1
35.69239,128.25751,40,과속단속,-1
36.99867,127.16755,30,보호구역,-1
37.41935,127.11704,50,과속단속,-1
37.25095,127.01716,30,보호구역,304
37.25041,127.01727,30,보호구역,124
37.25660,127.02795,30,보호구역,-1
37.25820,127.01390,30,보호구역,-1
37.24934,127.02200,30,보호구역,287
37.24655,127.03846,30,보호구역,194
37.40923,127.20056,50,과속단속,-1
37.29162,127.03333,30,보호구역,-1
37.28377,126.99532,30,보호구역,-1
37.28710,126.98190,30,보호구역,-1
37.87027,127.00188,30,보호구역,-1
37.87508,127.02418,30,과속단속,-1
37.90712,127.00576,30,과속단속,-1
37.67347,126.81178,30,보호구역,-1
37.66960,126.80575,30,보호구역,-1
37.69638,126.75295,30,보호구역,-1
37.70156,126.75280,30,보호구역,-1
37.69753,126.76792,30,보호구역,-1
37.67929,126.77143,30,보호구역,-1
37.68541,126.75769,30,보호구역,-1
37.67276,126.74741,30,보호구역,209
37.66724,126.76281,30,보호구역,-1
37.64910,126.77599,30,보호구역,-1
37.64603,126.77849,30,보호구역,-1
37.64328,126.78189,30,보호구역,-1
37.68931,126.72106,30,보호구역,-1
37.68604,126.72007,30,보호구역,-1
37.66887,126.73613,30,보호구역,-1
37.66689,126.76507,30,과속단속,-1
37.66843,126.76661,30,보호구역,-1
37.68430,126.75637,30,보호구역,-1
37.68552,126.75741,30,보호구역,-1
37.68194,126.77247,30,보호구역,-1
37.68697,126.76767,30,보호구역,-1
37.69468,126.76956,30,보호구역,-1
37.69474,126.76933,30,보호구역,-1
37.70870,127.04137,80,과속단속,337
37.70854,127.04120,80,과속단속,156
37.77200,127.06588,60,과속단속,-1
37.78995,127.07988,30,보호구역,-1
37.81467,127.08600,30,보호구역,-1
37.80356,127.04549,60,과속단속,-1
37.79264,127.07557,60,과속단속,-1
37.81780,127.09445,50,과속단속,-1
37.80951,127.10389,60,과속단속,-1
37.83698,127.06273,50,과속단속,-1
37.84368,127.06236,50,과속단속,-1
37.84351,127.06204,50,과속단속,-1
37.76991,127.03445,60,과속단속,-1
37.80704,127.06032,60,과속단속,-1
37.80671,127.06046,60,과속단속,-1
37.77434,127.03198,60,과속단속,-1
37.77457,127.03210,60,과속단속,-1
37.70020,126.97005,60,과속단속,-1
37.71823,126.94971,60,과속단속,-1
37.78196,126.98226,30,보호구역,-1
37.79546,127.00906,50,과속단속,-1
37.80399,127.00350,50,과속단속,-1
37.81967,126.98535,50,과속단속,343
37.86947,127.01437,60,과속단속,-1
37.71468,126.93786,60,과속단속,51
37.72307,126.94780,30,과속단속,-1
37.73139,126.94914,30,과속단속,-1
38.07141,127.30083,80,과속단속,-1
37.72876,127.03384,80,과속단속,170
37.72861,127.03414,80,과속단속,350
37.72042,127.10132,60,과속단속,142
36.84541,127.10403,30,보호구역,-1
36.84567,127.10395,30,보호구역,-1
37.05742,127.04704,50,과속단속,-1
37.36322,126.77022,50,과속단속,-1
37.38033,126.72586,50,과속단속,-1
37.38520,126.73497,50,과속단속,296
37.43926,127.15895,40,보호구역,-1
37.44134,127.17106,30,보호구역,-1
37.43743,127.14845,30,보호구역,-1
37.39291,127.12485,30,보호구역,-1
37.37175,127.14749,60,과속단속,344
37.42994,127.09652,30,보호구역,-1
37.42989,127.09604,30,보호구역,-1
37.39662,127.12527,30,보호구역,-1
37.38957,127.07317,30,보호구역,-1
37.38967,127.07316,30,보호구역,-1
37.44996,127.14436,30,보호구역,-1
37.44145,127.17872,30,보호구역,-1
36.82642,127.13267,50,과속단속,67
36.82656,127.13305,50,과속단속,5
36.79807,127.13047,50,과속단속,205
35.10285,129.03798,50,과속단속,52
35.10311,129.03719,50,과속단속,265
35.10951,129.04476,50,과속단속,21
37.65189,127.30153,60,과속단속,78
37.59787,127.33884,50,과속단속,-1
37.60878,127.18322,60,과속단속,-1
37.59329,127.19852,60,과속단속,59
37.63626,127.21307,30,보호구역,-1
37.86189,127.07177,50,과속단속,-1
37.85029,127.07954,50,과속단속,-1
37.84727,127.08319,50,과속단속,321
37.82858,127.09085,50,과속단속,-1
37.81149,126.97994,50,과속단속,-1
37.82053,127.07683,50,과속단속,-1
37.83504,127.08477,30,과속단속,-1
37.79833,127.08095,40,과속단속,-1
37.78475,127.02795,40,과속단속,-1
37.79213,126.98621,30,과속단속,-1
37.72613,127.10616,30,과속단속,-1
36.36059,127.33950,30,보호구역,-1
36.30366,127.31792,50,보호구역,-1
36.30361,127.31836,50,보호구역,-1
37.75594,127.09467,80,과속단속,135
36.34720,127.34427,30,보호구역,-1
37.56218,126.88805,80,구간단속,307
37.54347,126.92950,80,구간단속,298
37.48473,127.04660,30,보호구역,-1
37.48640,127.02097,50,과속단속,-1
37.49709,127.02427,30,과속단속,-1
37.49861,127.02347,30,보호구역,-1
37.50447,127.01520,50,과속단속,296
37.50404,127.01533,50,과속단속,121
37.62747,127.06912,30,보호구역,-1
37.48170,127.06161,30,보호구역,-1
37.48345,127.05685,30,과속단속,-1
37.18102,126.86591,30,보호구역,-1
37.20508,126.77071,50,과속단속,-1
37.02564,126.83288,60,과속단속,-1
37.09313,126.86178,50,과속단속,-1
37.10558,126.98626,30,보호구역,-1
37.06672,126.80498,50,과속단속,-1
37.23717,126.85927,60,과속단속,114
37.25020,126.78917,70,과속단속,270
37.21300,126.73138,50,과속단속,-1
37.12963,126.92092,50,과속단속,-1
37.12975,126.92113,50,과속단속,-1
37.13527,126.85758,70,과속단속,25
37.03368,126.80695,70,과속단속,344
36.84694,127.15159,40,과속단속,-1
37.47097,126.81015,30,보호구역,-1
37.48208,126.77577,30,보호구역,-1
37.48111,126.81541,30,보호구역,-1
37.48118,126.81570,30,보호구역,-1
37.48157,126.78194,30,보호구역,-1
37.53015,126.78575,30,보호구역,-1
37.51280,126.81298,30,보호구역,-1
37.53024,126.81473,30,보호구역,-1
37.51851,126.80737,30,보호구역,-1
37.48948,126.75125,30,보호구역,-1
37.48982,126.75131,30,보호구역,-1
37.51512,126.76568,30,보호구역,-1
37.49197,126.81305,30,과속단속,-1
37.61467,126.92608,50,과속단속,-1
36.80479,127.78947,30,보호구역,-1
37.09431,128.41781,30,과속단속,-1
37.09596,128.32153,50,과속단속,-1
37.03865,128.30352,50,과속단속,-1
35.05897,126.36185,30,보호구역,-1
34.86928,126.42242,70,과속단속,327
35.11397,126.29596,30,보호구역,-1
37.48510,127.01595,50,과속단속,-1
37.51745,126.93525,30,보호구역,-1
37.51935,126.89331,30,보호구역,-1
35.20120,128.81890,60,과속단속,6
36.34701,127.34419,30,보호구역,-1
36.36080,127.33974,30,보호구역,-1
34.89461,128.62238,50,과속단속,305
34.89461,128.62286,50,과속단속,-1
35.10911,128.08619,50,과속단속,-1
34.89661,128.62556,50,과속단속,190
34.89567,128.62871,30,보호구역,-1
35.15930,128.70885,70,과속단속,326
35.18645,128.70916,70,과속단속,356
36.96111,126.86409,50,과속단속,-1
37.06308,126.91355,30,과속단속,-1
37.29990,126.95808,90,과속단속,227
37.26613,126.94882,90,과속단속,6
37.27654,126.95020,90,과속단속,176
37.26106,126.94863,90,과속단속,180
36.15645,126.55993,60,과속단속,-1
35.10312,128.96101,50,과속단속,227
35.80974,127.87260,60,과속단속,-1
35.10994,127.80815,30,보호구역,-1
34.95148,127.85781,30,보호구역,-1
35.03381,127.90009,30,보호구역,-1
37.52542,126.90514,80,구간단속,97
37.52634,126.84035,80,구간단속,78
37.52643,126.83917,80,구간단속,258
37.52561,126.90561,80,구간단속,278
37.56217,126.88806,80,구간단속,307
34.42558,126.16756,50,과속단속,-1
34.47182,126.26820,60,과속단속,-1
34.46987,126.24493,50,과속단속,-1
34.46154,127.12458,40,과속단속,-1
34.46332,127.12564,40,과속단속,-1
34.83787,127.41162,80,과속단속,59
34.88618,127.46828,80,과속단속,-1
37.51195,126.75987,50,과속단속,-1
37.46326,126.80855,60,과속단속,224
37.46797,126.82307,50,과속단속,-1
37.48213,126.80557,50,과속단속,-1
37.48208,126.76927,50,과속단속,-1
37.47535,127.10617,60,과속단속,-1
35.59360,126.56445,40,과속단속,-1
35.59363,126.56393,40,과속단속,-1
35.91396,126.83017,80,과속단속,160
35.91526,126.82990,80,과속단속,339
35.60382,126.48382,60,과속단속,337
35.60845,126.77533,80,과속단속,123
35.40412,126.67501,80,과속단속,180
35.40430,126.67537,80,과속단속,328
35.85459,127.20897,80,과속단속,-1
37.13689,127.03644,60,과속단속,129
37.13717,127.03608,60,과속단속,262
37.48326,126.78198,50,과속단속,-1
37.48117,126.78310,30,보호구역,-1
37.48117,126.78309,30,보호구역,-1
37.08990,127.54087,60,과속단속,-1
37.37859,126.96179,50,과속단속,182
37.37891,126.96212,50,과속단속,2
37.51175,126.80561,30,보호구역,-1
37.53036,126.80514,30,보호구역,-1
37.49269,126.79095,30,보호구역,-1
37.49091,126.75883,30,보호구역,-1
37.49106,126.75833,30,보호구역,-1
37.43133,127.17388,60,과속단속,-1
37.19165,126.79394,60,과속단속,-1
37.03953,126.95308,60,과속단속,93
34.94899,126.44353,80,과속단속,12
37.03937,127.04791,50,과속단속,140
37.03597,127.04538,50,과속단속,233
37.03615,127.04626,50,과속단속,49
36.15949,128.73857,50,과속단속,-1
36.15954,128.73863,50,과속단속,-1
36.27296,128.53952,60,과속단속,-1
36.27295,128.53949,60,과속단속,-1
34.99038,128.69520,30,과속단속,-1
34.99034,128.69523,30,과속단속,-1
34.91054,128.70234,30,과속단속,-1
34.91075,128.70425,60,과속단속,-1
34.91281,128.65398,30,보호구역,38
34.91281,128.65395,30,보호구역,218
34.87444,128.62904,30,보호구역,292
34.81153,126.47131,50,과속단속,-1
37.49739,126.75001,30,보호구역,-1
37.49721,126.75157,30,보호구역,-1
37.30606,126.91473,60,과속단속,144
37.28264,127.43636,40,과속단속,-1
37.29234,127.51791,70,과속단속,266
37.16095,127.43858,60,과속단속,-1
37.18296,127.46199,50,과속단속,-1
37.18297,127.46199,50,과속단속,-1
37.11379,127.59201,60,과속단속,260
37.12280,127.63045,50,과속단속,-1
37.50489,126.79289,50,과속단속,258
37.50489,126.79284,50,과속단속,258
37.50636,126.76153,30,보호구역,-1
37.50901,126.75945,50,과속단속,-1
37.50239,126.78066,50,과속단속,-1
37.52705,126.79769,30,보호구역,-1
37.32209,126.84057,50,과속단속,-1
37.32661,126.91966,60,과속단속,29
37.34345,126.95120,50,과속단속,-1
37.36780,126.94490,50,과속단속,-1
37.23790,127.36417,60,과속단속,-1
37.25441,127.36071,70,과속단속,314
37.27239,127.55673,60,과속단속,-1
37.27892,127.46342,50,과속단속,-1
37.27343,127.45354,60,과속단속,136
37.13522,127.47322,60,과속단속,-1
37.20092,127.02654,30,보호구역,108
37.37904,126.85955,30,보호구역,-1
37.51889,126.77016,30,보호구역,-1
37.46418,126.82512,30,보호구역,-1
37.47509,126.79749,30,보호구역,-1
37.47960,126.76953,30,보호구역,-1
37.00158,127.22092,30,보호구역,-1
37.44096,126.79282,30,보호구역,-1
37.41533,126.80791,30,보호구역,-1
37.32848,126.67855,50,과속단속,-1
37.32872,126.68034,50,과속단속,-1
37.39387,126.98007,30,보호구역,-1
37.39935,126.96018,30,보호구역,-1
37.30787,126.83023,50,과속단속,274
37.51323,126.81297,30,보호구역,351
37.51867,126.79695,30,보호구역,-1
37.48984,126.81658,30,보호구역,-1
37.49185,126.81335,30,과속단속,-1
37.48976,126.80798,30,보호구역,-1
37.48637,126.80535,30,보호구역,-1
37.49847,126.79369,30,보호구역,-1
37.49028,126.77024,30,보호구역,-1
37.48887,126.74902,30,보호구역,-1
37.48870,126.74964,30,보호구역,-1
37.49152,126.75297,30,보호구역,-1
37.49161,126.74908,30,보호구역,-1
37.00368,127.29813,60,과속단속,-1
36.71334,127.73437,60,구간단속,-1
36.72106,127.73504,60,구간단속,-1
36.73440,127.73351,60,구간단속,-1
36.73457,127.73362,60,구간단속,-1
36.83534,127.87432,60,과속단속,-1
36.62841,127.33604,60,과속단속,155
36.94710,126.85706,40,과속단속,-1
37.00827,126.87194,60,과속단속,288
37.47627,126.81647,50,과속단속,-1
37.43778,127.15955,40,과속단속,-1
37.46308,127.14120,50,과속단속,305
37.41068,127.13377,30,보호구역,-1
37.41197,127.13397,30,보호구역,-1
37.29973,126.98210,30,보호구역,-1
37.26853,127.05798,50,과속단속,236
37.41277,127.14266,50,과속단속,-1
37.37338,127.13247,30,보호구역,-1
37.33566,127.11774,30,보호구역,-1
37.26627,127.01229,50,과속단속,-1
37.29869,127.06902,30,보호구역,-1
37.31105,127.07703,30,보호구역,-1
37.19819,127.31811,30,보호구역,-1
37.32611,126.68453,50,과속단속,-1
37.18935,126.84211,60,과속단속,317
37.28002,127.15575,30,보호구역,-1
37.21937,127.11380,30,보호구역,-1
35.39271,126.44391,30,과속단속,-1
35.39276,126.44389,30,과속단속,-1
34.40834,126.19394,50,과속단속,-1
34.40894,126.19423,50,과속단속,-1
34.70265,125.95288,30,과속단속,-1
34.55917,126.05143,30,보호구역,-1
34.58585,126.09345,30,보호구역,-1
34.58572,126.09349,30,보호구역,-1
34.75298,125.92917,30,보호구역,-1
34.75236,125.92959,50,과속단속,-1
37.05676,127.14125,50,과속단속,-1
37.05689,127.14176,50,과속단속,-1
37.46724,126.85198,30,보호구역,-1
37.46870,126.85465,30,보호구역,-1
37.46933,126.85400,30,보호구역,-1
37.48741,126.86852,30,보호구역,-1
37.46443,126.87094,30,보호구역,-1
37.43906,126.87894,30,보호구역,-1
37.43177,126.88593,30,보호구역,141
37.43304,126.88629,30,보호구역,-1
37.43177,126.88468,30,보호구역,-1
37.41451,126.88159,50,보호구역,-1
37.00425,127.16980,50,과속단속,-1
37.64284,127.19936,50,과속단속,-1
37.64487,127.11153,60,과속단속,-1
37.70967,127.18410,50,과속단속,221
37.74986,127.22129,30,보호구역,-1
37.74992,127.22195,30,보호구역,-1
37.65948,127.24364,30,보호구역,-1
37.65537,127.29984,30,보호구역,-1
37.65069,127.29596,30,보호구역,-1
37.66361,127.30552,30,보호구역,-1
37.61570,127.15639,30,보호구역,57
37.62833,127.15572,30,보호구역,-1
37.60502,127.15321,50,과속단속,262
37.61706,127.15470,50,과속단속,359
37.65099,127.30736,60,과속단속,-1
37.63629,127.30701,30,과속단속,-1
37.61771,127.16508,30,보호구역,-1
37.63756,127.12575,30,과속단속,-1
37.63885,127.12712,50,과속단속,-1
35.04173,126.84543,30,보호구역,-1
35.04199,126.84531,30,보호구역,-1
34.32190,126.52143,50,과속단속,195
34.35769,126.59011,50,과속단속,-1
34.45062,126.48573,50,과속단속,-1
34.39846,126.51177,50,과속단속,-1
37.66453,127.13025,30,보호구역,-1
37.66832,127.11389,30,보호구역,-1
37.66913,127.11309,30,보호구역,-1
37.66804,127.11609,30,보호구역,-1
37.66790,127.11649,30,보호구역,-1
37.66771,127.11583,30,보호구역,-1
37.63857,127.13970,50,보호구역,19
36.59806,127.35748,30,보호구역,-1
36.62155,127.43726,30,보호구역,-1
36.67152,127.49115,30,보호구역,-1
36.61917,127.52067,30,보호구역,-1
36.57453,127.51144,50,보호구역,-1
35.79981,128.49995,30,보호구역,-1
35.84177,128.55604,30,과속단속,-1
35.84660,128.53456,30,과속단속,-1
35.83126,128.52679,30,보호구역,-1
35.81960,128.51385,30,보호구역,-1
35.81687,128.52808,30,보호구역,-1
35.86709,128.63298,50,과속단속,-1
35.83696,128.56460,30,과속단속,-1
37.70902,127.11733,30,과속단속,-1
37.70912,127.11693,30,과속단속,-1
37.70883,127.11973,30,과속단속,-1
37.74725,127.20666,60,과속단속,32
37.74719,127.20588,60,과속단속,249
37.67758,127.11287,60,과속단속,339
37.72342,127.19098,60,과속단속,207
35.55906,126.82394,100,구간단속,186
36.41648,127.39472,50,보호구역,111
36.44127,127.38345,30,보호구역,-1
36.41402,127.40136,50,과속단속,116
37.73257,127.09161,80,과속단속,49
37.72924,127.10847,30,과속단속,-1
35.43691,126.80715,100,구간단속,197
36.41680,127.39448,50,보호구역,290
34.95997,127.49080,50,과속단속,-1
36.44132,127.38329,30,보호구역,-1
36.15032,128.02495,80,과속단속,179
36.15057,128.02502,80,과속단속,357
36.04545,128.11025,60,과속단속,-1
36.12635,128.09032,60,과속단속,250
36.47220,128.16947,80,과속단속,182
36.41446,127.40093,50,과속단속,296
36.38141,127.30354,30,보호구역,-1
36.38142,127.30317,30,보호구역,-1
37.71419,126.71380,50,과속단속,-1
37.73765,126.73497,30,보호구역,-1
37.73730,126.73517,30,보호구역,-1
37.73536,126.73302,50,과속단속,-1
37.73583,126.73300,50,과속단속,-1
37.59636,126.76737,30,보호구역,-1
37.63561,126.70178,30,보호구역,-1
37.13903,127.30830,30,보호구역,-1
37.26866,127.29028,30,보호구역,-1
37.26897,127.29036,30,보호구역,-1
37.24351,127.28201,30,보호구역,-1
37.12948,127.37279,30,과속단속,-1
37.13899,127.37094,30,보호구역,-1
37.25941,127.21860,30,과속단속,-1
37.33293,127.10875,60,과속단속,179
37.24301,127.00757,50,과속단속,-1
37.31518,127.10526,50,과속단속,-1
37.23121,127.11467,50,과속단속,-1
37.23507,127.05570,30,보호구역,-1
37.23542,127.05570,30,보호구역,-1
37.74170,126.75839,30,보호구역,-1
37.73513,126.80393,60,과속단속,-1
35.98461,126.75990,50,과속단속,255
35.98345,126.75523,50,과속단속,61
35.96980,126.72338,50,과속단속,89
35.16075,126.84996,50,과속단속,-1
35.73373,128.27023,30,보호구역,-1
36.88951,127.52177,80,과속단속,5
36.61564,127.49353,50,과속단속,-1
36.62850,127.42859,50,과속단속,331
36.62590,127.41711,60,과속단속,88
37.86207,126.80068,40,보호구역,-1
37.84839,126.87834,30,보호구역,-1
37.72403,127.04820,50,과속단속,-1
37.72616,127.04830,50,과속단속,-1
37.74822,127.03042,70,과속단속,-1
37.97564,127.32499,70,과속단속,225
38.07141,127.30083,60,과속단속,-1
38.10927,127.21164,30,보호구역,-1
38.00935,127.23586,60,과속단속,-1
38.01493,127.21683,60,과속단속,-1
37.60271,127.13532,50,과속단속,-1
37.60396,127.13479,30,보호구역,-1
37.61206,127.13781,60,과속단속,181
37.71194,126.71458,50,과속단속,-1
37.70099,126.68570,50,과속단속,-1
37.71581,126.71348,50,과속단속,54
37.69040,126.60312,30,보호구역,-1
37.64373,126.67691,30,보호구역,306
37.64337,126.67711,30,보호구역,125
37.60508,126.59255,30,보호구역,-1
37.61713,126.62296,30,보호구역,-1
37.65167,126.62659,30,보호구역,-1
37.65416,126.63056,30,보호구역,-1
37.65688,126.62731,50,보호구역,359
37.65640,126.62698,50,보호구역,178
37.65415,126.63097,30,보호구역,-1
37.62495,126.71621,30,보호구역,-1
37.62512,126.71597,30,보호구역,-1
37.62800,126.70438,30,보호구역,-1
37.62794,126.70427,30,보호구역,-1
37.62788,126.70181,30,보호구역,-1
37.62832,126.70152,30,보호구역,-1
37.63665,126.63606,30,보호구역,-1
37.63710,126.63885,30,보호구역,-1
37.63757,126.64164,30,보호구역,-1
37.64078,126.63384,30,보호구역,-1
37.64915,126.58305,30,보호구역,-1
37.64877,126.58321,30,보호구역,-1
37.59678,126.76708,30,보호구역,-1
37.72904,126.73756,50,보호구역,243
37.74215,126.72959,30,보호구역,-1
35.64994,127.28358,80,과속단속,301
37.50495,127.00132,50,과속단속,60
37.37750,126.64966,60,과속단속,-1
37.37739,126.65202,60,과속단속,217
37.50545,126.99714,30,보호구역,-1
37.50729,127.00031,50,과속단속,339
37.50718,127.00034,50,과속단속,339
37.46618,126.98816,50,과속단속,-1
37.50781,126.99955,50,과속단속,159
34.95514,127.60797,60,과속단속,-1
34.44110,126.28222,50,과속단속,-1
34.57260,126.29629,50,과속단속,-1
35.17834,126.74350,90,구간단속,31
35.08752,126.76880,90,구간단속,338
37.50218,127.63219,50,과속단속,-1
36.47602,127.27796,30,과속단속,240
37.66529,126.64944,60,과속단속,-1
37.64568,126.56077,60,과속단속,-1
37.63829,126.55277,30,보호구역,-1
37.63802,126.55325,30,보호구역,-1
37.65223,126.55220,30,보호구역,-1
37.65062,126.67712,60,과속단속,51
37.65069,126.67667,60,과속단속,135
37.72555,126.65032,30,보호구역,-1
37.72564,126.65064,30,보호구역,-1
37.74217,126.63249,30,보호구역,-1
37.69092,126.60336,30,보호구역,-1
36.36247,126.61988,70,과속단속,205
36.56167,127.27795,70,과속단속,-1
36.56152,127.28470,70,과속단속,-1
36.55298,127.28478,70,과속단속,-1
35.18597,126.82080,60,과속단속,223
36.10813,127.09898,50,과속단속,5
36.11157,127.09844,50,과속단속,175
36.06413,127.55627,40,과속단속,-1
36.64699,126.97953,40,과속단속,-1
36.63900,126.97460,40,과속단속,-1
36.27412,126.93670,70,과속단속,65
36.27414,126.93619,70,과속단속,209
36.53277,127.32877,50,과속단속,233
36.53284,127.32904,50,과속단속,64
37.15297,127.64421,110,구간단속,331
37.21384,127.60524,110,구간단속,129
36.45166,126.73737,30,보호구역,-1
35.11706,128.96273,50,보호구역,-1
35.11699,128.96239,50,보호구역,-1
35.13265,126.92239,30,보호구역,-1
36.79422,127.98143,110,구간단속,330
35.40720,127.36053,50,과속단속,-1
35.40717,127.36062,50,과속단속,-1
35.40738,127.36093,50,과속단속,-1
35.40742,127.36082,50,과속단속,-1
35.60389,127.32306,80,과속단속,9
37.53106,126.80552,50,과속단속,-1
37.52784,126.81615,50,과속단속,-1
37.00255,127.12953,50,과속단속,56
37.00252,127.12907,50,과속단속,236
37.20279,126.86418,50,과속단속,-1
34.87629,127.11469,50,과속단속,-1
34.87363,127.11469,50,과속단속,-1
34.33377,126.82639,30,과속단속,-1
34.33400,126.82986,30,과속단속,-1
35.84704,129.23564,60,과속단속,-1
35.21523,129.03816,30,보호구역,-1
35.84421,128.60810,60,과속단속,352
37.88396,127.72663,30,보호구역,-1
37.88394,127.72662,30,보호구역,-1
38.29135,128.54507,80,과속단속,3
36.52643,127.25660,50,과속단속,275
36.52616,127.25680,50,과속단속,96
35.83790,127.39140,60,과속단속,-1
35.77857,127.45096,60,과속단속,-1
35.73591,127.30807,60,과속단속,-1
36.32569,126.55643,70,과속단속,43
36.35487,126.59079,40,과속단속,-1
37.29883,127.63652,30,보호구역,-1
37.27985,127.63502,30,보호구역,-1
37.27977,127.63498,30,보호구역,-1
37.19847,127.53885,50,과속단속,86
37.34521,127.51338,60,과속단속,-1
37.34701,127.12411,30,보호구역,-1
37.45181,127.30599,50,과속단속,-1
37.44506,127.30948,50,과속단속,-1
37.31368,127.07701,50,과속단속,-1
37.31713,127.06231,50,과속단속,-1
37.28751,127.23426,70,과속단속,-1
37.21978,127.20888,50,과속단속,-1
37.28951,126.98088,50,과속단속,245
37.06058,127.53897,40,과속단속,-1
37.14678,127.58259,70,과속단속,-1
37.35771,127.55760,30,과속단속,-1
37.29750,127.57244,30,보호구역,-1
37.42185,127.12901,60,과속단속,0
37.48966,126.81569,30,보호구역,-1
37.48990,126.81605,30,보호구역,-1
37.48906,126.78813,30,보호구역,-1
34.99861,126.86367,30,과속단속,-1
34.50480,127.30155,40,과속단속,-1
35.01993,127.36389,50,과속단속,289
35.01980,127.36403,50,과속단속,-1
37.49958,126.77872,30,보호구역,-1
37.49925,126.77864,30,보호구역,-1
37.48961,126.75990,30,보호구역,-1
37.51095,126.76452,30,보호구역,-1
37.51072,126.76426,30,보호구역,-1
37.51917,126.79118,30,보호구역,-1
37.50582,126.81686,50,과속단속,-1
37.51878,126.81459,50,과속단속,-1
37.48375,126.81287,30,과속단속,-1
37.71391,126.54501,70,과속단속,312
37.71411,126.54477,70,과속단속,294
37.25643,127.59923,70,과속단속,-1
37.24890,127.59677,50,과속단속,-1
37.27654,127.68945,40,과속단속,-1
37.35245,127.71436,50,과속단속,-1
37.29251,127.65175,50,과속단속,-1
37.46751,126.80935,30,보호구역,-1
37.30162,127.61746,80,과속단속,25
37.86277,127.72993,50,과속단속,-1
37.86703,127.72169,50,과속단속,172
37.92194,127.72081,60,과속단속,-1
37.33501,127.49284,50,과속단속,-1
37.33552,127.48803,50,과속단속,-1
37.39080,127.08523,50,과속단속,260
37.39993,127.09513,50,과속단속,58
37.36967,127.13701,50,과속단속,-1
37.29168,127.44863,50,과속단속,-1
37.19820,126.88003,60,과속단속,-1
37.21231,126.73819,70,과속단속,-1
37.08940,126.80240,70,과속단속,19
37.44809,127.17383,30,과속단속,-1
37.47872,126.81247,30,보호구역,-1
37.48558,126.75164,30,보호구역,-1
37.09087,126.97336,30,보호구역,-1
37.09088,126.97294,30,보호구역,-1
37.14028,126.70402,30,보호구역,-1
37.22139,126.94673,30,보호구역,-1
37.39411,126.98029,30,보호구역,-1
37.38496,126.96475,30,보호구역,-1
37.38793,126.96880,30,보호구역,-1
37.37794,126.96757,30,보호구역,-1
37.37502,126.96173,30,보호구역,-1
37.39456,126.94779,30,보호구역,-1
37.39182,126.94846,30,보호구역,-1
38.24969,127.41853,60,과속단속,86
37.97036,128.30312,50,과속단속,-1
38.20724,128.48807,60,구간단속,115
38.22021,128.40739,60,구간단속,110
38.41192,128.46707,80,과속단속,-1
38.35655,128.50814,80,과속단속,310
38.22738,128.50691,70,과속단속,158
38.00156,128.11653,80,과속단속,218
37.74255,128.08824,60,과속단속,-1
37.70252,127.86872,30,보호구역,-1
37.26127,128.73513,80,구간단속,57
37.26944,128.66951,80,구간단속,35
37.25243,128.43105,60,과속단속,-1
37.12183,128.54176,60,과속단속,-1
37.44543,129.16815,50,과속단속,-1
38.22489,128.58737,50,과속단속,-1
38.18826,128.57873,50,과속단속,-1
38.20315,128.56773,50,과속단속,145
38.03467,128.68991,80,과속단속,71
37.48394,129.10334,60,과속단속,91
37.34762,127.93423,60,과속단속,289
37.33575,127.93028,60,과속단속,337
37.31434,127.91585,60,과속단속,158
37.75765,128.89196,50,과속단속,-1
37.74895,128.89687,50,과속단속,-1
37.76290,128.93724,70,과속단속,-1
37.74009,128.93048,80,과속단속,-1
37.86191,127.72664,60,과속단속,-1
35.84912,127.16041,60,과속단속,64
35.84958,127.16049,60,과속단속,298
35.87864,127.11867,50,과속단속,-1
35.80222,127.12401,30,보호구역,-1
35.80733,127.15864,50,보호구역,-1
35.80752,127.15824,50,보호구역,270
35.82118,127.02634,70,과속단속,274
35.82095,127.02665,70,과속단속,89
37.54087,126.89585,50,과속단속,156
37.54152,126.89555,50,과속단속,306
37.41103,127.09519,50,과속단속,-1
37.41205,127.09456,50,과속단속,-1
37.40606,127.08998,50,과속단속,-1
37.40596,127.09053,50,과속단속,-1
37.40681,127.08940,50,과속단속,-1
37.40692,127.08963,50,과속단속,-1
37.41259,127.09851,50,과속단속,-1
37.38385,127.23819,30,보호구역,-1
37.38387,127.23701,30,보호구역,-1
37.46879,127.30685,50,과속단속,-1
38.15790,128.01449,60,과속단속,-1
38.17127,128.01479,60,과속단속,-1
38.11791,127.68363,60,과속단속,-1
38.13333,127.67543,60,과속단속,-1
38.15587,127.22514,30,보호구역,-1
38.20828,127.27783,50,과속단속,-1
38.24996,127.41861,60,과속단속,-1
38.17070,128.20856,30,보호구역,-1
35.43675,126.75741,60,과속단속,-1
35.44127,126.76855,60,과속단속,-1
34.93696,128.12452,50,과속단속,-1
34.91740,127.86085,70,과속단속,226
34.91751,127.86094,70,과속단속,197
35.22478,128.58376,30,보호구역,-1
37.14083,127.01756,30,보호구역,-1
36.98907,126.84682,30,보호구역,239
37.10006,127.08896,30,보호구역,-1
37.09970,127.08995,30,보호구역,-1
36.94978,127.05259,30,보호구역,-1
36.97887,126.87490,30,과속단속,-1
37.01859,126.91301,30,보호구역,73
36.98893,126.84708,30,보호구역,-1
37.01744,127.10323,30,보호구역,-1
36.98978,127.10644,30,보호구역,-1
36.98965,127.09948,30,보호구역,29
37.26495,127.39958,70,과속단속,-1
37.29441,127.41849,60,과속단속,287
37.30262,127.44823,70,과속단속,-1
37.28071,127.47435,70,과속단속,214
37.21875,127.44943,60,과속단속,-1
37.23158,127.43374,70,과속단속,-1
37.25909,127.45801,70,과속단속,10
37.13022,127.60812,70,과속단속,-1
35.20623,128.81794,30,보호구역,-1
35.20968,128.85140,30,보호구역,-1
35.17949,128.79604,40,보호구역,-1
35.17981,128.79617,40,보호구역,-1
35.17006,128.82785,50,보호구역,-1
35.17038,128.82776,50,보호구역,-1
35.17776,128.79976,40,보호구역,0
35.29787,128.73697,30,보호구역,-1
35.29792,128.73698,30,보호구역,-1
35.18685,128.80244,30,보호구역,-1
35.18673,128.80197,30,보호구역,-1
35.27005,128.86426,30,보호구역,-1
37.30590,127.05192,30,보호구역,-1
37.30534,127.04663,30,보호구역,-1
37.28499,127.05289,30,보호구역,-1
37.28372,127.05313,30,보호구역,-1
37.28584,127.05374,30,보호구역,-1
37.23916,127.05390,30,보호구역,-1
37.24384,127.06382,30,보호구역,-1
37.24102,127.06640,30,보호구역,-1
37.24873,127.06238,30,보호구역,-1
37.26443,127.07745,30,보호구역,-1
37.26686,127.05904,30,보호구역,-1
37.26857,127.04901,30,보호구역,-1
37.25590,127.04272,30,보호구역,-1
35.42448,127.23129,50,과속단속,-1
37.34647,127.17939,70,과속단속,268
37.42716,127.24361,30,보호구역,-1
37.36655,127.23205,70,구간단속,-1
37.36656,127.23197,70,과속단속,22
37.44376,126.64391,50,과속단속,-1
37.44392,126.64356,50,과속단속,-1
37.54097,127.21497,50,과속단속,257
37.54151,127.20760,30,보호구역,305
37.48004,127.14840,50,과속단속,-1
37.55464,127.18566,50,과속단속,224
37.04641,127.13708,110,과속단속,355
35.34609,128.19462,50,과속단속,-1
35.34607,128.19464,50,과속단속,-1
35.35243,128.24265,30,과속단속,-1
35.35278,128.24270,30,과속단속,-1
37.36707,127.06800,30,보호구역,-1
37.43939,127.15060,30,보호구역,-1
37.43440,127.14309,20,보호구역,202
37.49999,127.50626,70,과속단속,112
37.14953,128.12738,60,과속단속,-1
37.30496,126.72787,50,과속단속,-1
37.42517,127.47656,60,과속단속,-1
37.20111,127.02628,30,보호구역,293
35.20624,128.81794,30,보호구역,-1
37.23413,126.97904,50,과속단속,-1
37.26559,127.00123,50,과속단속,154
37.29349,127.01101,50,과속단속,-1
37.30386,126.99265,50,과속단속,-1
37.29051,127.00368,50,과속단속,-1
37.29865,127.06955,50,과속단속,-1
37.30223,127.10243,60,과속단속,-1
37.29149,127.12982,50,과속단속,-1
37.28033,127.14279,30,과속단속,-1
37.31919,127.07015,30,보호구역,-1
37.32192,127.07953,50,보호구역,-1
37.32531,127.09087,50,보호구역,53
37.32624,127.11829,30,보호구역,-1
37.33093,127.11580,30,보호구역,-1
37.27971,127.15597,30,과속단속,-1
35.18005,126.79974,30,보호구역,-1
35.18041,126.79936,30,보호구역,178
35.13216,126.85495,30,보호구역,268
35.13186,126.85535,30,보호구역,83
35.13046,126.78722,30,보호구역,-1
35.13090,126.78710,30,보호구역,-1
35.22320,126.83663,30,보호구역,-1
35.22367,126.83717,30,보호구역,-1
35.44066,126.48742,50,과속단속,-1
35.41516,127.24690,50,과속단속,-1
37.08948,127.10145,50,과속단속,-1
37.08689,127.09843,50,과속단속,-1
37.09148,127.08989,60,과속단속,152
37.09191,127.08983,50,과속단속,175
37.06059,127.04702,50,과속단속,181
37.04392,127.05390,50,과속단속,-1
37.23899,127.04266,30,과속단속,-1
37.02295,127.07856,30,과속단속,-1
37.03644,127.02871,50,과속단속,139
37.04209,127.02696,30,과속단속,-1
37.00072,127.32449,50,과속단속,-1
37.00531,127.26543,50,과속단속,83
37.03680,127.03405,30,과속단속,-1
37.41205,127.09548,30,과속단속,-1
37.40600,127.09052,60,과속단속,-1
37.41271,127.09785,60,과속단속,-1
37.03307,127.07026,60,과속단속,175
37.23936,127.04208,60,과속단속,-1
37.23765,127.04572,60,과속단속,-1
37.06128,127.09266,60,과속단속,345
37.06090,127.09255,60,과속단속,162
37.02237,127.04001,30,과속단속,-1
37.04654,127.05379,30,과속단속,-1
37.27350,126.96261,50,과속단속,-1
36.92056,126.80528,70,과속단속,334
37.04328,128.30964,70,과속단속,31
37.15501,127.53858,60,과속단속,-1
37.15358,127.57499,50,과속단속,-1
37.32260,127.49863,60,과속단속,-1
37.33997,127.46344,60,과속단속,-1
37.25525,127.47899,50,과속단속,-1
37.24520,127.44697,50,과속단속,-1
37.24533,127.44633,50,과속단속,-1
37.25683,127.38032,60,과속단속,-1
36.19887,128.67115,50,과속단속,-1
36.19892,128.67137,50,과속단속,-1
34.94485,127.74058,30,과속단속,-1
37.50409,127.06445,30,보호구역,337
37.51293,127.04666,20,보호구역,-1
37.48175,127.08667,30,보호구역,-1
37.63223,127.89410,80,과속단속,181
37.63252,127.89445,80,과속단속,-1
37.42303,127.96369,60,과속단속,199
37.66566,127.84262,80,과속단속,87
37.04267,126.93618,30,보호구역,-1
37.01564,127.03627,30,보호구역,-1
37.08672,127.09101,60,과속단속,-1
37.08825,127.09167,60,과속단속,6
37.08742,127.09524,50,과속단속,-1
37.08780,127.10333,50,과속단속,-1
35.52205,129.43264,50,과속단속,-1
35.52707,129.43307,50,과속단속,-1
35.52629,129.42740,50,과속단속,-1
35.52611,129.42456,50,보호구역,19
35.52568,129.42425,50,보호구역,-1
34.49231,126.79962,30,보호구역,-1
34.69097,126.70686,30,보호구역,-1
34.63654,126.76275,30,보호구역,-1
34.64528,126.78829,30,보호구역,-1
34.69872,126.82756,60,과속단속,-1
34.65009,126.77800,30,과속단속,-1
37.57379,126.96045,30,보호구역,-1
37.57476,126.98672,30,보호구역,159
37.60644,126.96965,50,과속단속,-1
37.60644,126.96898,50,과속단속,-1
37.49141,129.10343,50,과속단속,-1
35.94446,126.74828,50,과속단속,302
35.49209,127.24451,40,과속단속,-1
35.69710,127.27957,40,과속단속,-1
35.67774,127.21921,60,과속단속,-1
36.01484,126.80920,30,과속단속,-1
36.51497,127.25881,50,과속단속,175
37.49988,127.50689,70,과속단속,288
36.20374,127.71677,60,과속단속,92
37.04734,126.97170,50,과속단속,52
37.04714,126.97107,50,과속단속,63
37.32579,127.21999,70,과속단속,174
37.27115,127.20826,50,과속단속,-1
37.25189,127.32575,70,과속단속,360
37.15496,127.28213,60,과속단속,-1
37.30094,127.10668,60,과속단속,-1
37.26356,127.63029,60,과속단속,-1
37.29526,127.11110,50,과속단속,-1
37.29506,127.11138,50,과속단속,-1
36.63778,127.41821,110,과속단속,353
36.55240,127.43210,100,구간단속,-1
36.45098,127.41808,100,구간단속,349
36.52916,127.29907,60,과속단속,-1
35.54641,129.28789,60,과속단속,-1
35.55752,129.29324,60,과속단속,248
35.58698,129.11780,80,과속단속,107
35.58150,129.12456,80,과속단속,327
35.57972,129.12479,30,과속단속,-1
35.57961,129.12473,30,과속단속,-1
35.43194,129.21417,50,과속단속,-1
35.53501,129.30663,50,과속단속,-1
35.53635,129.30629,50,과속단속,-1
35.51816,129.43164,50,과속단속,165
36.95579,127.24375,60,과속단속,-1
37.22155,126.94666,30,보호구역,-1
37.37886,126.96598,30,보호구역,-1
37.39648,126.94738,30,보호구역,-1
37.42126,127.12861,60,과속단속,128
37.39357,126.91420,30,보호구역,-1
37.39673,126.91393,30,보호구역,-1
37.40040,126.90288,30,보호구역,-1
37.42620,126.90261,30,보호구역,-1
37.41687,126.90744,30,보호구역,-1
37.40608,126.91808,30,보호구역,-1
37.29283,126.97017,60,과속단속,2
37.13171,127.43598,30,보호구역,-1
37.47362,126.86764,50,과속단속,279
36.97091,127.26330,100,구간단속,285
36.94806,127.44017,100,구간단속,288
37.26997,127.06111,50,과속단속,54
36.98400,127.30421,40,과속단속,-1
36.98439,127.30373,40,과속단속,-1
37.20183,127.07023,50,과속단속,-1
37.24513,127.51160,60,과속단속,4
37.39358,126.95944,50,과속단속,-1
37.39381,126.96030,50,과속단속,-1
37.61753,126.74700,60,과속단속,127
36.78837,127.56914,70,과속단속,-1
36.50330,127.21410,30,과속단속,-1
37.66829,126.61960,50,과속단속,167
35.16121,128.68504,30,과속단속,-1
37.18390,127.11827,50,과속단속,-1
37.18267,127.11881,50,과속단속,-1
36.00630,128.13250,50,과속단속,-1
36.81248,128.61363,50,과속단속,-1
35.19060,129.06490,50,보호구역,255
35.19031,129.06518,50,보호구역,75
37.44415,129.17570,30,보호구역,-1
37.23518,129.34149,30,보호구역,-1
37.23200,129.04467,30,보호구역,-1
37.28939,127.81389,70,과속단속,186
35.97629,129.40967,50,과속단속,-1
35.97194,128.26634,60,과속단속,-1
35.97212,128.26645,60,과속단속,-1
35.12134,128.90774,50,과속단속,187
35.13614,128.90863,50,과속단속,357
37.11173,126.90042,60,과속단속,354
37.48761,127.50159,50,과속단속,-1
37.00087,127.15605,50,과속단속,-1
37.63900,126.62169,60,과속단속,165
37.66614,126.63678,60,과속단속,268
37.08949,126.80237,70,과속단속,199
37.16584,127.10944,60,과속단속,270
37.25749,127.06550,50,과속단속,-1
37.91077,128.50310,60,과속단속,-1
38.05962,128.56314,80,과속단속,87
38.07134,128.53986,60,과속단속,-1
37.53776,129.11125,50,과속단속,-1
37.49738,128.45589,30,보호구역,-1
35.04053,127.89529,100,과속단속,92
37.20614,127.08829,60,과속단속,360
37.18958,127.08820,60,과속단속,360
37.19774,127.11363,50,과속단속,-1
37.04149,127.04322,30,보호구역,-1
34.79634,126.68561,30,보호구역,-1
35.94926,126.54181,50,과속단속,-1
35.94889,126.54148,50,과속단속,-1
37.40739,126.97917,60,과속단속,192
37.40758,126.97960,60,과속단속,12
37.35044,127.16764,30,보호구역,-1
37.35037,127.16764,30,보호구역,-1
37.38566,127.29031,30,보호구역,-1
35.61052,128.02387,40,과속단속,-1
35.61053,128.02386,40,과속단속,-1
35.27554,128.32801,50,과속단속,-1
35.27556,128.32799,50,과속단속,-1
34.38059,126.21098,50,과속단속,-1
34.43493,126.23049,60,과속단속,-1
34.48394,126.24466,60,과속단속,-1
37.31902,127.06592,30,보호구역,-1
37.62051,126.74188,60,과속단속,143
37.18146,127.43308,60,과속단속,-1
37.30476,127.37715,60,과속단속,-1
37.21756,127.39654,70,과속단속,-1
37.25332,127.38977,70,과속단속,-1
36.65124,126.66480,30,보호구역,-1
36.64225,126.68287,30,보호구역,-1
36.65153,126.68450,30,보호구역,-1
36.57781,126.65624,30,보호구역,-1
36.65163,126.68470,30,보호구역,-1
36.64194,126.68299,30,보호구역,-1
36.62913,126.53208,50,과속단속,-1
36.51276,126.62186,60,과속단속,0
36.63123,126.65095,30,보호구역,-1
36.64759,126.68419,30,보호구역,-1
36.59305,126.66854,30,보호구역,-1
36.60271,126.66093,30,보호구역,-1
36.61306,126.70793,30,보호구역,-1
36.63124,126.64988,30,보호구역,-1
36.64745,126.68365,30,보호구역,212
36.61231,126.73198,30,보호구역,-1
35.96378,127.12195,50,과속단속,-1
35.96407,127.12213,50,과속단속,-1
37.48635,126.90604,30,보호구역,-1
37.50927,126.96067,30,보호구역,-1
37.49967,126.94297,30,보호구역,-1
36.27623,127.58881,50,과속단속,-1
36.92958,127.67374,60,과속단속,-1
37.82245,127.07512,30,과속단속,-1
37.81169,127.09702,30,과속단속,-1
37.81720,127.05795,50,과속단속,-1
37.81939,127.05113,30,과속단속,-1
37.83014,127.08771,50,과속단속,-1
37.80651,127.09008,50,과속단속,-1
34.85696,127.71121,60,과속단속,-1
34.58118,126.57908,50,과속단속,-1
34.51812,126.59656,30,과속단속,-1
34.54355,126.61059,60,과속단속,-1
34.68413,126.43179,60,과속단속,203
34.68400,126.43209,60,과속단속,39
34.71521,127.75274,50,과속단속,-1
34.74738,127.68477,30,보호구역,-1
36.91926,126.91159,70,과속단속,17
36.91986,126.91159,70,과속단속,197
37.00595,127.11588,30,보호구역,-1
37.00622,127.11520,30,보호구역,-1
37.00405,127.12108,30,보호구역,-1
37.30126,127.12177,30,보호구역,-1
37.32278,127.08151,30,보호구역,-1
35.83445,129.12001,50,과속단속,-1
35.83652,129.11753,50,과속단속,-1
35.81589,128.46876,60,과속단속,-1
35.68322,128.25199,60,과속단속,-1
36.07780,128.39906,60,과속단속,-1
35.99424,128.38741,60,과속단속,206
35.66996,129.33651,60,과속단속,309
35.82692,129.12808,50,과속단속,-1
35.83133,129.12345,50,과속단속,-1
35.83405,129.16237,60,과속단속,-1
35.85396,128.35264,70,과속단속,38
35.85394,128.35225,70,과속단속,223
36.18488,128.45083,40,과속단속,-1
36.22539,128.31036,60,과속단속,128
36.20812,128.25128,60,과속단속,-1
35.75687,128.37772,50,과속단속,-1
36.01933,128.40241,70,과속단속,-1
35.98858,128.40825,50,과속단속,-1
35.99456,128.55350,80,과속단속,-1
36.15394,128.32873,50,과속단속,-1
36.13588,128.95145,60,과속단속,167
36.05864,128.89319,60,과속단속,-1
35.98427,128.82415,60,과속단속,-1
35.85997,128.59628,40,보호구역,-1
35.85995,128.59628,40,보호구역,-1
37.16798,126.99068,60,과속단속,-1
37.16728,127.00100,60,과속단속,-1
37.16182,127.11685,50,과속단속,-1
37.16205,127.11634,50,과속단속,-1
37.21132,127.07290,60,과속단속,51
37.39299,127.42055,50,과속단속,-1
37.29261,127.65154,50,과속단속,-1
34.74703,127.68902,50,과속단속,-1
34.76119,127.70871,50,과속단속,318
34.80689,127.66858,60,과속단속,36
34.83159,127.61458,70,과속단속,161
34.83077,127.65206,70,과속단속,-1
34.72639,127.69831,50,과속단속,133
37.14257,127.07373,50,과속단속,84
37.26567,127.01595,30,과속단속,-1
37.26673,127.03359,50,과속단속,198
37.24044,127.04274,50,과속단속,-1
37.61468,127.02235,30,보호구역,-1
37.61905,127.03291,30,보호구역,-1
37.61946,127.01535,30,보호구역,-1
37.63557,127.01327,50,과속단속,-1
37.63521,127.01314,50,과속단속,-1
34.75998,127.66582,50,과속단속,-1
37.60081,127.12198,50,과속단속,81
37.59166,127.13130,60,과속단속,185
37.62625,127.11096,60,과속단속,-1
37.61421,126.89356,60,과속단속,309
37.72870,126.72888,60,과속단속,330
37.73013,126.73180,30,보호구역,-1
37.71040,126.73944,30,보호구역,-1
37.70871,126.75477,30,보호구역,-1
37.72112,126.74651,30,보호구역,-1
37.72645,126.75824,30,보호구역,-1
37.73143,126.75706,30,보호구역,-1
37.74380,126.80624,30,보호구역,-1
37.71634,126.74030,30,보호구역,-1
37.71630,126.73966,30,보호구역,-1
37.72585,126.74667,30,보호구역,-1
37.89503,127.20426,70,과속단속,207
37.78483,127.21941,70,과속단속,88
37.88933,127.30211,70,과속단속,5
37.89716,127.20593,70,과속단속,-1
37.85543,127.13769,50,과속단속,-1
37.84757,127.13259,30,보호구역,-1
37.83854,127.14574,30,보호구역,-1
37.83823,127.14530,30,보호구역,-1
37.83073,127.13890,30,보호구역,-1
37.77756,127.14868,30,보호구역,-1
37.82510,127.13654,30,보호구역,-1
35.41177,127.61791,40,과속단속,-1
35.42834,127.31520,40,과속단속,-1
35.42257,127.39281,50,과속단속,110
35.49485,128.72681,60,과속단속,-1
35.48784,128.73012,60,과속단속,-1
36.37219,127.33504,50,과속단속,-1
37.63430,128.55762,50,과속단속,-1
37.56453,127.18997,30,과속단속,-1
37.56227,127.19093,30,과속단속,-1
37.54263,127.17580,30,보호구역,323
37.54258,127.17529,30,보호구역,162
37.00410,127.16562,30,과속단속,-1
37.00080,127.32416,30,보호구역,-1
37.00533,127.26520,30,보호구역,83
36.12035,128.35059,50,과속단속,-1
36.12091,128.34972,50,과속단속,-1
37.17909,127.49859,60,과속단속,-1
37.00017,127.08417,50,과속단속,55
36.99950,127.08200,50,과속단속,-1
37.86716,127.70662,30,보호구역,-1
37.86686,127.70682,30,보호구역,-1
37.86711,127.71202,30,보호구역,-1
37.86711,127.71227,30,보호구역,-1
34.75192,127.69450,30,보호구역,-1
34.74643,127.74351,50,과속단속,-1
34.74709,127.67091,50,과속단속,112
34.76083,127.70858,50,과속단속,136
37.66492,126.89511,30,보호구역,-1
37.66480,126.89496,30,보호구역,-1
37.65080,126.87593,30,보호구역,-1
36.95256,126.57253,30,보호구역,-1
37.14448,127.05484,60,과속단속,131
37.29575,127.11554,30,보호구역,-1
37.28076,127.23312,30,보호구역,-1
37.28108,127.23333,30,보호구역,-1
37.27529,127.55707,30,보호구역,200
37.22688,127.12025,50,과속단속,-1
37.41218,127.09998,60,과속단속,-1
37.41044,127.09928,60,과속단속,127
37.39043,127.08529,50,과속단속,165
37.36934,127.10142,60,과속단속,-1
37.16699,127.12069,50,과속단속,-1
37.16462,127.17705,60,과속단속,-1
37.43328,127.15959,60,과속단속,-1
37.43346,127.16031,60,과속단속,-1
37.38825,126.92434,30,과속단속,-1
37.39171,126.90517,30,보호구역,-1
37.29250,127.01910,50,과속단속,315
37.61718,126.83584,30,보호구역,-1
37.61426,126.84196,30,보호구역,-1
37.62486,126.81735,30,보호구역,-1
37.61760,126.82685,30,보호구역,-1
37.61714,126.83238,30,보호구역,-1
37.63071,126.87057,30,보호구역,-1
37.60214,126.82371,30,보호구역,-1
37.65892,126.89572,50,보호구역,335
37.66719,126.88896,50,보호구역,145
37.64484,126.88640,30,보호구역,-1
37.61558,126.84196,30,보호구역,-1
37.61546,126.83886,30,보호구역,-1
37.63198,126.83539,30,보호구역,-1
37.63316,126.82683,30,보호구역,-1
37.66083,126.83544,30,보호구역,-1
37.65283,126.83467,30,보호구역,-1
37.62060,126.83127,30,보호구역,-1
37.62428,126.83847,30,보호구역,-1
37.62290,126.84204,30,보호구역,-1
37.60754,126.84375,30,보호구역,-1
37.66777,126.88479,30,보호구역,-1
37.61416,126.83510,30,과속단속,-1
37.62244,126.82009,30,보호구역,-1
37.62454,126.83084,30,보호구역,-1
37.63844,126.81229,30,보호구역,-1
37.64037,126.79194,60,과속단속,314
37.69443,126.84246,60,과속단속,-1
37.65918,126.78687,60,과속단속,244
37.70347,126.78194,60,과속단속,-1
37.61414,126.83413,30,과속단속,-1
37.70362,126.90203,30,과속단속,-1
37.62511,126.81724,30,보호구역,-1
37.67307,126.75915,30,보호구역,-1
37.68501,126.81324,30,보호구역,-1
37.62513,126.83698,30,보호구역,-1
37.62505,126.83676,30,보호구역,-1
37.62080,126.84725,30,보호구역,-1
37.64801,126.83715,50,보호구역,-1
37.64877,126.88561,30,보호구역,-1
37.69043,126.83311,50,과속단속,-1
37.66617,126.76712,60,과속단속,196
37.65772,126.78804,40,보호구역,156
37.69555,126.76736,30,보호구역,-1
37.62903,126.83333,30,보호구역,-1
37.66209,126.89957,30,보호구역,-1
37.64814,126.89245,30,보호구역,-1
37.65310,126.88170,30,보호구역,-1
37.62013,126.89377,30,보호구역,-1
37.60331,126.89558,30,보호구역,-1
37.60339,126.89535,30,보호구역,-1
37.61699,126.83581,30,보호구역,-1
37.37579,127.51946,60,과속단속,-1
37.62045,126.84868,30,보호구역,-1
37.67183,126.76019,30,보호구역,-1
37.67455,126.74853,30,보호구역,-1
37.66501,126.84767,60,과속단속,-1
37.70316,126.90196,30,과속단속,-1
37.62255,126.82447,50,과속단속,-1
37.62434,126.82438,50,과속단속,-1
37.58574,126.87664,60,과속단속,191
37.59611,126.86148,80,과속단속,294
37.60962,126.81258,80,과속단속,316
37.68870,126.90077,60,과속단속,357
37.64873,126.83098,60,과속단속,325
37.67744,126.88725,60,과속단속,25
37.60453,126.86867,60,과속단속,-1
37.67772,126.70798,80,과속단속,0
37.70090,126.73367,50,과속단속,-1
37.69872,126.73694,50,과속단속,-1
37.67853,126.77689,60,과속단속,212
37.69171,126.75446,50,과속단속,-1
37.67475,126.77423,60,과속단속,208
37.67286,126.74317,60,과속단속,29
37.67316,126.78645,50,과속단속,-1
37.67356,126.80565,60,과속단속,142
37.50863,126.73466,50,과속단속,-1
37.50673,126.69972,30,과속단속,-1
37.20230,127.04169,30,보호구역,-1
37.20203,127.04231,30,보호구역,-1
35.08993,128.96874,50,과속단속,-1
35.07470,129.01528,30,과속단속,6
35.81853,127.14715,40,과속단속,-1
35.95137,126.97888,50,과속단속,-1
38.21782,128.59257,30,보호구역,-1
38.21817,128.59241,30,보호구역,-1
38.20492,128.57187,30,보호구역,225
35.55282,129.31417,60,과속단속,-1
35.55292,129.32020,60,과속단속,-1
36.71640,127.19910,70,과속단속,-1
36.71730,127.19430,70,과속단속,-1
36.71720,127.19510,70,과속단속,49
37.30753,126.99068,30,보호구역,-1
37.30793,126.99049,30,보호구역,-1
37.30711,126.99060,30,보호구역,-1
37.25467,127.03559,30,보호구역,-1
37.25486,127.06313,30,보호구역,-1
37.28635,127.04023,30,보호구역,-1
37.25167,127.04178,50,과속단속,-1
37.25141,127.04165,50,과속단속,-1
36.96518,126.69089,30,보호구역,-1
36.88382,126.61722,30,보호구역,-1
36.87130,127.19750,60,과속단속,193
36.91250,127.20650,60,과속단속,-1
36.91140,127.13540,60,과속단속,177
37.72753,127.59605,100,과속단속,67
35.19088,128.56344,50,보호구역,-1
35.20368,128.58026,60,과속단속,-1
37.26429,127.55639,30,과속단속,-1
37.26649,127.55619,30,과속단속,-1
37.39201,126.94413,60,과속단속,135
37.39667,126.97692,50,과속단속,307
37.44977,127.15010,30,보호구역,-1
37.44984,127.15039,30,보호구역,-1
37.35671,126.72480,30,보호구역,-1
37.35597,126.72489,30,보호구역,-1
37.34544,126.74437,30,보호구역,-1
37.34515,126.75313,30,보호구역,-1
37.45754,126.78832,50,과속단속,96
35.19861,128.79223,60,과속단속,357
35.19848,128.79210,60,과속단속,171
34.86716,128.63149,30,보호구역,195
34.86704,128.63144,30,보호구역,195
37.76970,126.38810,60,과속단속,-1
37.65760,126.42659,50,과속단속,-1
37.66012,126.46046,50,과속단속,-1
37.63597,126.51350,50,과속단속,-1
37.62285,126.51620,60,과속단속,-1
35.80859,126.87956,60,과속단속,69
35.80871,126.87907,60,과속단속,-1
37.76584,128.89713,50,과속단속,-1
37.74914,126.77376,30,보호구역,-1
37.85412,126.78439,30,보호구역,-1
37.86568,126.78558,30,보호구역,-1
37.72971,126.76080,30,보호구역,50
37.77351,126.70448,30,보호구역,-1
37.76567,126.77169,30,보호구역,-1
37.71945,126.74300,30,보호구역,-1
37.74424,126.80899,60,과속단속,-1
37.72866,126.83952,60,과속단속,-1
37.76512,126.77370,50,과속단속,-1
37.81522,127.09477,30,보호구역,-1
37.80057,127.00056,50,보호구역,-1
37.82531,126.98404,30,보호구역,-1
37.82302,127.04964,40,보호구역,-1
35.27875,127.83800,30,보호구역,-1
35.27878,127.83799,30,보호구역,-1
35.14036,128.56077,60,과속단속,152
35.19562,128.55752,60,과속단속,329
35.36724,128.40830,60,과속단속,-1
35.36912,128.40741,60,과속단속,-1
35.90619,126.95138,60,과속단속,120
35.87848,126.99364,60,과속단속,93
35.79416,127.04779,70,과속단속,97
35.79438,127.04789,70,과속단속,277
35.79948,126.86995,50,과속단속,19
37.04125,127.15873,50,과속단속,-1
37.00766,127.17020,50,과속단속,-1
37.59330,126.76272,30,보호구역,-1
37.59439,126.76147,30,보호구역,-1
35.85615,127.12015,30,보호구역,194
37.85621,127.74815,30,보호구역,-1
37.85645,127.74805,30,보호구역,-1
37.89393,127.73009,30,보호구역,-1
35.85806,127.12103,30,보호구역,15
35.81944,127.09005,30,보호구역,121
35.81978,127.08992,30,보호구역,301
35.81973,127.08989,30,보호구역,301
37.64854,127.12336,50,과속단속,-1
37.67789,127.11258,60,과속단속,160
37.63461,127.21144,30,보호구역,314
37.69499,126.84463,30,보호구역,-1
37.74852,127.11397,60,과속단속,273
37.71277,126.74667,60,과속단속,-1
37.86489,126.78630,30,보호구역,-1
37.86366,126.78832,30,보호구역,-1
37.84973,126.79333,40,보호구역,-1
37.18351,127.00137,50,과속단속,-1
37.40666,127.26101,50,과속단속,-1
37.37782,127.29561,70,과속단속,171
37.36433,127.31157,70,과속단속,130
37.33382,127.37556,70,과속단속,104
37.00870,127.25687,50,과속단속,-1
37.08910,127.09335,60,과속단속,-1
37.01091,127.07263,50,과속단속,177
36.98578,127.08273,60,과속단속,260
37.37905,126.95805,50,과속단속,61
37.37944,126.95713,30,과속단속,242
37.29305,127.68157,50,과속단속,-1
37.28842,127.62786,50,과속단속,-1
37.38153,126.78930,30,보호구역,3
37.37639,126.79653,30,보호구역,-1
37.38060,126.79316,30,보호구역,-1
37.38076,126.79347,30,보호구역,-1
37.38123,126.79877,30,보호구역,-1
37.38090,126.79907,30,보호구역,-1
37.36461,126.80662,50,과속단속,192
37.36506,126.80466,30,보호구역,-1
37.20049,127.02353,30,보호구역,-1
37.04092,127.14374,50,과속단속,-1
35.26445,128.87148,40,보호구역,-1
35.17538,128.81130,40,보호구역,-1
35.20723,128.80013,30,보호구역,-1
35.17879,128.79088,30,보호구역,-1
35.17865,128.79083,30,보호구역,-1
35.23232,128.83722,30,보호구역,356
35.23214,128.83701,30,보호구역,176
37.77050,128.90659,30,보호구역,-1
35.92066,127.43559,50,과속단속,-1
35.92068,127.43549,50,과속단속,-1
37.76961,128.90565,30,보호구역,-1
37.74404,128.90358,30,보호구역,-1
37.33426,127.98583,30,보호구역,1
36.84215,128.64176,30,보호구역,-1
37.05176,128.64355,60,과속단속,-1
37.27016,127.06840,50,과속단속,-1
37.26971,127.06817,50,과속단속,-1
37.41846,127.27659,50,과속단속,-1
36.97594,127.03635,50,과속단속,138
37.98220,127.02916,50,과속단속,-1
37.00671,127.25664,50,과속단속,-1
37.00031,127.17297,50,과속단속,-1
37.27611,127.61545,30,보호구역,-1
37.27074,127.62401,60,과속단속,-1
37.17187,126.94605,60,과속단속,-1
37.40287,127.11701,30,보호구역,-1
37.31216,127.63341,50,과속단속,-1
37.31219,127.63284,50,과속단속,-1
37.40699,126.90766,50,구간단속,-1
37.40298,126.89628,50,구간단속,-1
37.40314,126.89630,50,구간단속,-1
37.40709,126.90760,50,구간단속,-1
35.57176,128.44411,60,과속단속,-1
35.50688,128.42147,50,과속단속,-1
35.43858,128.16873,60,과속단속,-1
35.29842,128.49666,30,보호구역,-1
35.20497,128.44394,60,과속단속,295
35.30915,128.29732,50,과속단속,-1
36.95876,127.64004,30,보호구역,-1
36.92700,127.71445,60,과속단속,-1
36.92699,127.71448,60,과속단속,-1
36.85108,127.42764,50,과속단속,-1
36.75294,127.64650,50,과속단속,-1
36.63003,127.43472,30,보호구역,-1
36.65958,127.51208,30,보호구역,-1
35.23324,128.85764,40,보호구역,-1
35.23199,128.86614,50,과속단속,-1
35.25268,128.86978,30,보호구역,-1
35.25274,128.86993,30,보호구역,-1
35.27082,128.86891,40,보호구역,-1
37.26228,127.83384,30,보호구역,-1
37.36465,127.91474,60,과속단속,-1
36.53784,127.27425,50,과속단속,-1
36.50856,127.26139,50,과속단속,-1
36.50851,127.26165,50,과속단속,344
36.52838,127.24884,30,과속단속,200
36.46549,127.28119,30,보호구역,-1
36.46545,127.28126,30,보호구역,-1
36.53864,127.19064,30,보호구역,-1
36.53861,127.19076,30,보호구역,-1
36.59479,127.28665,50,과속단속,82
36.59472,127.28672,50,과속단속,82
36.59031,127.30007,50,과속단속,204
36.52305,127.32985,50,구간단속,336
36.50442,127.32952,50,구간단속,4
36.50440,127.32920,50,구간단속,184
36.52413,127.32881,50,구간단속,155
36.56826,127.32169,60,과속단속,-1
36.69832,127.15225,80,과속단속,-1
36.12103,128.32353,50,과속단속,-1
36.12179,128.32334,50,과속단속,-1
37.03068,127.16086,30,보호구역,-1
37.02945,127.26367,50,과속단속,-1
37.36073,127.15474,50,과속단속,-1
37.35807,127.16081,70,과속단속,102
37.41432,127.15015,30,보호구역,-1
37.74855,127.17491,30,과속단속,-1
37.96245,127.22010,50,과속단속,-1
37.92666,127.29864,70,과속단속,194
37.93978,127.28421,70,과속단속,110
37.88130,127.05592,50,과속단속,-1
37.89225,127.05703,50,과속단속,-1
37.89906,127.05760,50,과속단속,-1
38.01067,127.00405,80,구간단속,220
38.02277,127.03529,80,구간단속,-1
38.02268,127.03663,80,구간단속,239
38.01041,127.00398,80,구간단속,41
36.61674,127.48651,50,보호구역,-1
36.60960,127.51107,30,보호구역,-1
36.79940,127.86404,30,보호구역,-1
36.78018,127.86038,30,보호구역,-1
36.76094,127.60898,60,과속단속,-1
36.79570,127.58928,50,과속단속,-1
36.79457,127.58130,70,과속단속,-1
37.76850,126.76485,50,과속단속,315
35.16597,126.80868,50,과속단속,-1
35.17100,126.92285,50,과속단속,7
35.12230,126.91850,50,과속단속,-1
35.16214,126.85639,50,과속단속,56
35.16285,126.85536,50,과속단속,225
37.32161,127.98735,30,보호구역,83
37.44096,128.03797,60,과속단속,-1
37.18753,126.90795,30,보호구역,-1
37.07665,126.90694,30,보호구역,-1
37.13812,126.90566,50,과속단속,-1
37.13793,126.90565,50,과속단속,-1
37.07749,126.81430,60,과속단속,-1
37.07774,126.81437,60,과속단속,-1
37.36700,126.72333,30,보호구역,-1
35.29576,129.02107,70,과속단속,-1
36.22548,127.14712,30,보호구역,-1
36.22541,127.14709,30,보호구역,-1
36.67021,127.19479,40,구간단속,-1
36.76780,126.44430,30,과속단속,-1
36.76730,126.44320,30,과속단속,-1
36.90170,126.44240,70,과속단속,184
36.84450,126.47490,70,과속단속,148
36.78870,127.16470,50,과속단속,178
36.65545,127.18748,40,구간단속,-1
36.79850,127.16430,50,과속단속,176
36.76810,127.18990,50,과속단속,-1
36.82460,127.15740,50,과속단속,86
36.83300,127.17310,50,과속단속,210
36.81030,127.16450,50,과속단속,184
36.76720,127.28440,30,과속단속,-1
36.89590,127.21380,70,과속단속,30
36.88620,127.20560,60,과속단속,217
37.46050,126.52030,100,구간단속,148
37.46050,126.52040,100,구간단속,148
37.40730,126.61590,100,구간단속,258
34.95972,127.72965,60,과속단속,-1
35.05603,126.60329,30,과속단속,-1
35.02509,126.69477,70,과속단속,-1
34.94974,127.52970,30,보호구역,-1
34.93343,127.51364,30,보호구역,-1
34.93966,127.52738,30,보호구역,-1
34.94809,127.51958,30,보호구역,-1
34.93215,127.54519,30,보호구역,-1
37.61933,127.13997,60,과속단속,231
37.64145,127.11202,60,과속단속,26
37.57806,127.16351,70,과속단속,-1
37.66857,127.11828,50,보호구역,154
37.71944,127.19715,50,보호구역,80
37.62913,127.11564,30,보호구역,-1
36.37093,127.33633,30,보호구역,-1
36.45444,127.36377,30,보호구역,-1
36.33396,127.32838,30,보호구역,180
37.38949,127.10867,30,보호구역,-1
37.34745,127.12415,30,보호구역,-1
37.43913,127.15868,40,보호구역,-1
37.05654,126.78164,60,과속단속,-1
37.05651,126.78114,60,과속단속,-1
37.06085,126.78644,60,과속단속,-1
37.20097,126.79850,60,과속단속,-1
37.18701,126.87222,30,보호구역,-1
37.64557,126.56078,30,과속단속,-1
37.42082,126.63785,40,구간단속,348
35.08019,128.08309,70,과속단속,-1
37.20679,127.02706,60,과속단속,205
37.22120,126.97883,50,과속단속,-1
37.17325,126.98406,50,과속단속,-1
37.20456,127.03363,50,과속단속,-1
37.22676,127.06443,50,과속단속,-1
37.22765,127.04651,30,보호구역,-1
37.20862,127.01297,30,보호구역,-1
37.20879,127.01324,30,보호구역,-1
37.20954,127.03711,30,보호구역,-1
35.16202,128.91751,100,구간단속,282
37.40720,126.61590,100,구간단속,258
37.72090,126.73207,60,과속단속,2
37.80809,127.05455,50,과속단속,-1
37.69776,126.85556,60,과속단속,43
37.62520,126.81738,30,보호구역,-1
37.49537,126.57061,30,과속단속,-1
37.49569,126.57097,30,과속단속,-1
37.48894,126.53294,30,과속단속,-1
37.51115,126.52239,60,과속단속,133
37.49815,126.56848,30,과속단속,-1
37.48137,126.52122,30,과속단속,-1
37.48134,126.52114,30,구간단속,-1
37.44598,126.41188,30,구간단속,313
37.49383,126.53309,30,구간단속,-1
37.49353,126.53424,30,구간단속,-1
35.44045,127.53077,40,과속단속,-1
35.44049,127.53068,40,과속단속,-1
35.43631,127.05012,40,과속단속,-1
35.43631,127.05002,40,과속단속,-1
37.02650,126.87542,110,과속단속,20
36.97245,126.75769,70,과속단속,317
36.31750,126.54000,30,보호구역,74
36.31760,126.53980,30,보호구역,253
37.38999,127.10919,30,보호구역,-1
35.85166,128.49276,60,과속단속,290
35.87310,128.54958,30,보호구역,-1
36.03026,129.36663,50,과속단속,168
36.03116,129.36644,50,과속단속,348
35.96070,129.39881,60,과속단속,-1
35.97652,129.36765,50,과속단속,-1
37.72655,127.10607,30,보호구역,-1
38.09038,127.27462,30,보호구역,-1
38.05825,127.38570,30,보호구역,-1
37.95597,127.31521,30,보호구역,-1
37.78692,127.22887,30,보호구역,-1
38.02954,127.36731,30,보호구역,-1
37.97082,127.32979,30,보호구역,24
37.92786,127.26450,30,보호구역,-1
37.82107,127.34948,30,보호구역,-1
37.82175,127.34959,30,보호구역,-1
37.79678,127.36540,30,보호구역,-1
37.79654,127.36535,30,보호구역,-1
37.81169,127.09702,30,보호구역,-1
37.73272,127.41356,30,보호구역,-1
37.73257,127.41612,30,보호구역,-1
37.62910,127.49819,30,보호구역,-1
37.62936,127.49833,30,보호구역,-1
37.25384,127.09217,50,과속단속,-1
37.21476,127.05206,50,과속단속,-1
37.26250,125.70214,30,보호구역,-1
37.39211,127.06364,30,보호구역,-1
37.39608,127.10667,60,과속단속,196
37.27533,127.35276,60,과속단속,-1
37.24668,127.36254,60,과속단속,332
37.25482,127.40433,70,과속단속,104
37.20024,127.44807,60,보호구역,-1
37.16871,127.48230,60,과속단속,-1
37.12637,127.48557,60,과속단속,-1
37.28587,126.94308,50,과속단속,-1
37.28558,126.94247,50,과속단속,-1
35.93353,128.30511,60,과속단속,223
35.99384,129.37095,50,과속단속,-1
36.05631,129.37051,30,과속단속,-1
36.78136,128.53246,30,보호구역,-1
36.78043,128.56861,60,과속단속,-1
36.72140,127.12340,50,과속단속,17
37.42805,126.99134,50,과속단속,-1
37.42184,126.99163,50,과속단속,-1
37.45191,127.00120,50,과속단속,77
37.44928,126.99895,50,과속단속,30
37.41216,126.98345,30,보호구역,-1
37.41028,126.98906,30,보호구역,-1
35.85167,128.49274,60,과속단속,290
37.24758,127.03592,30,보호구역,-1
37.24010,127.02578,30,보호구역,-1
37.29634,127.11971,30,보호구역,-1
37.33826,127.19417,70,과속단속,121
37.34228,127.17452,30,보호구역,-1
37.34242,127.17473,30,보호구역,-1
37.33524,127.25194,30,보호구역,-1
37.34418,127.49325,60,과속단속,-1
37.35250,127.49845,60,과속단속,-1
37.25826,127.58564,50,과속단속,-1
37.25523,127.64512,70,과속단속,-1
37.20915,127.04025,50,과속단속,-1
37.20944,127.04006,50,과속단속,-1
37.15575,126.96620,60,과속단속,-1
37.15589,126.96647,60,과속단속,-1
37.26823,127.02748,50,과속단속,-1
37.21414,126.96080,30,보호구역,-1
37.21438,126.96080,30,보호구역,-1
37.25601,127.67575,30,보호구역,-1
37.25599,127.67585,30,보호구역,-1
37.22859,127.56457,70,과속단속,-1
37.22883,127.56510,70,과속단속,-1
37.14115,127.02523,60,과속단속,-1
37.14111,127.02458,60,과속단속,-1
37.33867,127.23885,60,과속단속,-1
37.27420,127.10425,50,과속단속,180
37.25983,127.02403,50,과속단속,21
37.24675,127.03221,50,과속단속,285
37.25137,127.07086,50,과속단속,187
37.24712,127.07243,50,과속단속,270
37.30423,127.04750,30,보호구역,-1
37.28867,127.05711,30,보호구역,-1
37.28892,127.05696,30,보호구역,-1
37.28924,127.05750,30,보호구역,-1
37.28998,127.07084,30,보호구역,-1
37.27718,127.05192,30,보호구역,8
37.27063,127.04944,30,보호구역,-1
37.27395,127.04026,30,보호구역,-1
37.26276,127.04369,30,보호구역,-1
37.26326,127.04389,30,보호구역,-1
37.25710,127.04161,30,보호구역,-1
37.25746,127.04195,30,보호구역,-1
37.25454,127.02534,30,보호구역,-1
37.26456,127.02048,30,보호구역,-1
37.26445,127.02094,30,보호구역,-1
37.51047,126.86704,30,보호구역,-1
37.51571,126.83463,50,보호구역,-1
37.25123,127.02465,30,보호구역,-1
37.50440,126.99450,30,보호구역,-1
37.24916,127.02967,30,보호구역,-1
37.24893,127.03006,30,보호구역,-1
36.17400,127.77371,30,과속단속,164
36.17337,127.77408,30,과속단속,345
36.66332,127.37372,30,보호구역,-1
36.66657,127.50005,30,보호구역,-1
36.73789,127.45024,30,보호구역,-1
36.71797,127.52736,30,보호구역,-1
36.63395,127.50988,30,보호구역,-1
36.60441,127.51577,30,보호구역,-1
36.61462,127.42920,30,보호구역,-1
36.63775,127.50897,50,보호구역,-1
37.14745,128.12235,50,과속단속,-1
37.13540,128.12539,70,과속단속,344
35.91769,128.22353,50,과속단속,-1
34.99921,128.47368,50,과속단속,-1
34.99923,128.47370,50,과속단속,-1
34.86492,127.82271,30,과속단속,-1
34.86493,127.82267,30,과속단속,-1
35.83852,127.11848,50,과속단속,-1
36.08688,128.36387,40,보호구역,-1
36.99792,127.15705,60,과속단속,-1
37.44519,127.16782,30,보호구역,-1
37.16933,127.05256,60,과속단속,359
37.47348,126.80374,30,보호구역,-1
37.20893,127.03936,50,과속단속,-1
37.20882,127.03891,50,과속단속,-1
37.27215,127.03601,50,과속단속,16
36.35376,128.69914,40,과속단속,-1
35.25587,129.21919,30,과속단속,-1
35.32635,129.17023,50,과속단속,-1
35.28930,129.25681,50,과속단속,-1
36.62365,127.76360,30,보호구역,-1
36.68236,127.75376,40,과속단속,-1
35.11089,126.89620,50,과속단속,161
35.15001,126.91580,50,과속단속,-1
35.18718,126.89790,50,과속단속,115
35.15073,126.85910,60,과속단속,258
35.15120,126.86400,60,과속단속,81
35.19055,126.83600,50,과속단속,-1
35.13304,126.92940,30,과속단속,281
37.39311,126.98274,50,과속단속,-1
37.40319,127.00879,40,과속단속,-1
37.32130,126.94883,50,과속단속,162
37.38767,126.98227,30,과속단속,-1
37.28996,127.15391,50,과속단속,-1
37.59898,128.38037,70,과속단속,-1
37.59917,128.38037,70,과속단속,-1
35.31409,128.25426,60,과속단속,282
35.13166,127.97713,80,과속단속,-1
35.76573,128.13696,40,과속단속,-1
35.76557,128.13605,60,과속단속,-1
35.23841,126.50239,60,과속단속,-1
35.23873,126.50262,60,과속단속,342
36.92893,127.69795,60,과속단속,357
35.83016,128.73780,30,과속단속,-1
35.84977,128.79796,50,과속단속,-1
35.90993,128.81769,60,과속단속,56
35.85984,129.22459,30,보호구역,-1
35.85991,129.22371,30,보호구역,-1
36.35539,128.14167,80,구간단속,36
36.32500,128.15874,60,과속단속,-1
37.99030,127.18184,30,보호구역,-1
37.90279,127.20260,30,보호구역,-1
37.89746,127.19682,30,보호구역,-1
37.93716,127.22078,30,보호구역,-1
37.87277,127.22380,30,보호구역,-1
38.10429,127.20598,30,과속단속,-1
37.86928,127.19095,30,보호구역,-1
37.86299,127.15592,30,보호구역,-1
37.85064,127.15019,30,보호구역,-1
35.87702,128.80016,100,과속단속,265
36.09757,128.36246,50,과속단속,-1
36.35500,128.14103,80,구간단속,216
36.38059,128.16507,60,과속단속,-1
35.98971,129.43391,50,보호구역,-1
35.94803,129.40799,30,보호구역,-1
35.94768,129.40819,30,보호구역,-1
35.90157,128.03335,50,과속단속,-1
35.89972,128.03924,50,과속단속,-1
36.99471,128.66453,60,과속단속,-1
37.03891,128.67017,60,과속단속,-1
36.96846,128.63727,60,과속단속,-1
36.96916,128.63756,60,과속단속,-1
35.83009,128.73816,30,과속단속,-1
35.31400,128.94090,60,과속단속,-1
35.37682,126.51031,30,보호구역,-1
35.37691,126.51027,30,보호구역,-1
35.51932,126.70052,30,보호구역,-1
35.51903,126.70035,30,보호구역,-1
35.52445,126.59527,60,과속단속,-1
35.52473,126.59499,60,과속단속,-1
35.41436,126.49218,60,과속단속,-1
35.49203,126.73054,70,과속단속,-1
35.52004,126.64698,40,과속단속,-1
35.45483,126.57843,60,과속단속,-1
35.96215,126.95329,50,과속단속,-1
35.96121,126.95338,50,과속단속,-1
35.98766,126.71978,50,과속단속,286
35.23358,128.85360,50,과속단속,46
37.20378,127.11354,60,과속단속,263
37.19183,127.09255,60,과속단속,180
37.19033,127.09301,60,과속단속,0
37.19959,127.07400,60,과속단속,162
37.64056,126.61972,50,과속단속,-1
37.63921,126.62207,50,과속단속,-1
37.00754,126.97989,30,보호구역,-1
37.01929,126.91115,30,보호구역,346
37.12008,127.43319,50,과속단속,-1
36.06519,129.35196,50,과속단속,346
36.06542,129.38470,40,보호구역,-1
36.52546,128.69134,80,과속단속,58
36.48197,128.65664,80,과속단속,332
36.60212,128.71221,60,과속단속,-1
36.45971,128.88773,60,과속단속,-1
37.48720,127.13242,50,과속단속,-1
37.48726,127.12995,50,과속단속,-1
37.14205,127.05337,50,과속단속,-1
37.14190,127.05186,50,과속단속,267
37.44201,127.16923,30,과속단속,-1
37.44335,127.17150,30,과속단속,-1
35.17225,128.97672,50,과속단속,-1
35.17255,128.97690,50,과속단속,-1
36.97955,126.71160,70,과속단속,79
36.28151,126.90873,40,과속단속,-1
36.28136,126.90870,40,과속단속,-1
36.28362,126.92257,40,과속단속,88
36.38339,126.51327,30,보호구역,-1
36.30575,126.61391,70,과속단속,211
35.19702,128.71668,30,보호구역,-1
35.20965,128.70840,30,보호구역,-1
37.55572,127.12961,30,보호구역,-1
37.55549,127.12942,30,보호구역,-1
37.29593,127.05503,60,과속단속,233
35.79471,127.43501,30,보호구역,-1
35.79033,127.42417,30,보호구역,-1
35.79056,127.42432,30,보호구역,-1
35.53678,127.34027,80,과속단속,1
35.13138,129.05971,50,과속단속,-1
36.00498,129.32458,60,과속단속,72
35.96570,129.41686,30,과속단속,-1
35.63574,129.33322,30,과속단속,-1
35.55036,129.35493,60,과속단속,275
35.55860,129.35196,30,과속단속,-1
37.26887,127.44878,40,과속단속,-1
37.04200,127.02706,60,과속단속,-1
37.96785,127.18996,60,과속단속,-1
35.42331,128.52325,80,과속단속,170
35.10901,127.87557,50,과속단속,-1
35.10908,127.87557,50,과속단속,-1
35.26424,128.75201,60,과속단속,-1
35.39849,129.16253,70,과속단속,2
34.94570,128.08087,50,과속단속,-1
35.15802,128.07014,60,과속단속,350
35.23169,128.85439,60,과속단속,289
35.02156,127.87556,60,구간단속,-1
34.99960,127.83122,60,구간단속,-1
35.17199,128.65435,60,과속단속,297
35.15945,128.69773,60,과속단속,218
35.42365,128.60910,60,과속단속,-1
37.54270,126.86304,50,보호구역,336
37.55425,126.84199,30,보호구역,-1
37.55439,126.84174,30,보호구역,-1
37.54981,126.82335,50,보호구역,-1
37.55392,126.82639,50,과속단속,-1
37.71262,126.73168,60,과속단속,1
37.89424,127.08068,50,과속단속,-1
36.00280,128.40807,50,과속단속,-1
36.41168,128.06796,60,과속단속,-1
36.00688,128.48272,50,과속단속,-1
36.08074,128.41073,60,과속단속,345
35.90888,128.41097,80,과속단속,5
36.58116,128.18291,80,과속단속,301
35.79653,127.43526,30,과속단속,-1
35.79451,127.43515,30,보호구역,-1
34.64217,127.03499,60,과속단속,-1
34.64859,126.97222,50,과속단속,-1
35.16191,129.11381,30,과속단속,-1
35.16221,129.11391,50,과속단속,190
35.18421,129.11821,60,과속단속,160
35.18451,129.11871,60,과속단속,-1
35.60936,126.62915,60,과속단속,-1
35.59392,126.68502,50,과속단속,-1
35.70220,126.72382,60,과속단속,108
35.69111,126.67696,40,과속단속,-1
35.65285,126.67003,60,과속단속,-1
35.65287,126.66994,60,과속단속,-1
35.64204,126.49387,50,과속단속,-1
35.63189,126.51074,50,과속단속,-1
35.60539,126.61281,40,과속단속,-1
36.90108,126.69680,30,보호구역,102
37.24131,127.03917,60,과속단속,-1
37.38394,126.95597,50,과속단속,-1
37.40578,126.96909,30,보호구역,-1
37.39792,126.93992,30,보호구역,-1
37.23848,127.04412,30,보호구역,-1
37.23797,127.04585,50,과속단속,-1
35.55680,129.36119,50,과속단속,-1
35.65784,129.34039,70,과속단속,324
35.56992,129.12549,50,과속단속,-1
35.57007,129.12494,50,과속단속,-1
35.64361,129.44050,30,보호구역,-1
35.63335,129.33527,30,보호구역,-1
35.62595,129.35245,50,과속단속,-1
35.53552,129.38894,50,과속단속,-1
35.52099,129.33038,30,보호구역,-1
35.53394,129.29823,50,과속단속,-1
35.55452,129.34702,30,보호구역,-1
35.55799,129.34118,50,과속단속,-1
35.55838,129.34153,50,과속단속,278
35.56886,129.34583,60,과속단속,71
35.58081,129.34665,60,과속단속,270
35.58930,129.23102,50,과속단속,-1
35.54138,129.42930,30,보호구역,-1
35.54141,129.42943,30,보호구역,-1
35.51454,129.31927,30,보호구역,-1
35.50870,129.43022,50,과속단속,187
35.56399,129.37607,70,과속단속,-1
35.53389,129.31470,60,과속단속,19
37.40348,126.92044,50,과속단속,-1
37.43063,126.90431,60,과속단속,348
37.39134,126.95128,50,과속단속,-1
37.38240,126.96548,50,과속단속,63
37.40330,126.95779,60,과속단속,257
37.29340,126.86586,30,보호구역,-1
37.29669,126.86722,30,과속단속,-1
37.27847,126.56933,50,과속단속,194
37.30452,126.80739,50,과속단속,201
37.32156,126.82215,50,과속단속,-1
37.32556,126.80903,50,과속단속,184
37.38314,126.78577,60,과속단속,85
37.43808,126.80057,60,과속단속,104
37.36267,126.80649,50,과속단속,7
37.38483,126.80178,60,과속단속,241
37.28123,126.97413,50,과속단속,324
37.26996,126.99843,50,과속단속,150
37.25573,127.02168,50,과속단속,23
37.25063,127.01896,50,과속단속,201
37.51171,126.77000,50,과속단속,-1
37.48613,126.81209,50,과속단속,-1
37.49247,126.76627,50,과속단속,-1
37.52028,126.77596,50,과속단속,271
37.52410,126.81169,30,과속단속,-1
37.00774,127.10727,60,과속단속,-1
37.28867,127.45267,50,과속단속,-1
37.27918,127.46363,50,과속단속,-1
37.27659,127.43642,60,과속단속,147
37.32272,127.09601,50,과속단속,-1
37.74820,126.80272,60,과속단속,60
37.72903,126.83929,60,과속단속,-1
37.72971,126.75154,60,과속단속,264
37.00486,127.08471,50,과속단속,117
37.00006,127.10372,60,과속단속,104
37.70108,127.04727,50,과속단속,-1
37.27406,127.13934,50,과속단속,235
37.37820,127.89340,70,과속단속,79
37.26163,127.10594,50,과속단속,-1
37.27857,127.11609,50,과속단속,-1
37.27904,127.11573,50,과속단속,-1
37.18300,127.04263,50,과속단속,347
37.14989,127.06088,60,과속단속,121
37.31101,127.63109,70,과속단속,15
37.28251,127.61368,70,과속단속,-1
37.56572,127.72467,80,과속단속,239
37.49509,127.49644,50,과속단속,-1
37.53668,127.33842,70,과속단속,92
37.39597,126.91516,50,과속단속,-1
37.00776,127.25958,60,과속단속,137
37.48677,126.83234,30,보호구역,-1
37.48720,126.83264,30,보호구역,-1
36.85734,126.68552,60,과속단속,-1
37.48242,126.70577,30,과속단속,-1
35.12984,128.70587,30,과속단속,-1
35.37087,129.15869,50,과속단속,-1
35.32143,128.86181,70,과속단속,299
35.21630,128.68057,30,보호구역,-1
35.18611,128.56319,60,과속단속,-1
35.05667,126.98176,40,과속단속,-1
35.25563,126.90673,100,구간단속,299
35.24922,127.02836,100,구간단속,306
35.05043,127.28362,100,구간단속,327
35.00543,127.46831,100,구간단속,271
35.00320,127.47856,100,과속단속,103
35.04962,127.28399,100,과속단속,147
36.39215,127.32579,110,과속단속,100
36.48876,127.20870,110,과속단속,101
36.01749,129.36085,50,과속단속,123
36.38512,128.03456,30,보호구역,-1
35.99993,128.40237,50,과속단속,-1
35.16440,128.91288,50,과속단속,-1
37.49555,126.98309,50,과속단속,3
37.49542,126.98252,50,과속단속,-1
36.75690,127.44935,80,구간단속,173
36.85568,127.42825,80,구간단속,3
36.85563,127.42824,80,구간단속,3
36.75678,127.44936,80,구간단속,180
36.78797,127.58642,60,구간단속,-1
36.77918,127.56808,60,구간단속,-1
37.71765,128.91288,60,과속단속,-1
37.82188,128.84920,30,보호구역,-1
36.03885,126.70891,70,과속단속,312
37.32021,127.06327,30,보호구역,-1
37.27375,127.06953,30,보호구역,-1
37.31050,127.08711,30,보호구역,-1
37.30124,126.96629,50,과속단속,277
37.28575,127.00793,50,과속단속,147
37.29391,127.02550,50,과속단속,-1
37.29968,127.01751,30,과속단속,-1
37.31644,126.98298,60,과속단속,316
36.74178,128.08134,70,구간단속,120
36.75043,128.04555,70,과속단속,127
36.48293,128.34098,70,과속단속,-1
36.45326,128.36259,70,과속단속,-1
36.57711,128.57462,30,보호구역,-1
36.55919,128.46054,60,과속단속,-1
36.10455,128.12020,50,과속단속,-1
36.63804,127.45361,50,과속단속,-1
36.61688,127.42268,50,과속단속,-1
36.60611,127.45000,60,과속단속,-1
36.60466,127.53064,80,과속단속,356
35.81676,128.50480,60,과속단속,129
37.90208,126.83554,50,보호구역,-1
37.77494,126.71647,50,보호구역,312
37.86209,126.78211,30,보호구역,-1
37.94085,126.83692,30,보호구역,-1
37.82468,126.73282,30,보호구역,-1
37.77242,126.71555,30,보호구역,-1
37.77253,126.71576,30,보호구역,-1
37.95010,126.89543,30,보호구역,-1
37.95031,126.89550,30,과속단속,-1
37.80215,126.78155,30,과속단속,-1
37.80178,126.78182,30,과속단속,-1
37.77758,126.85091,30,보호구역,-1
37.77998,126.85211,30,보호구역,-1
37.65550,127.11517,60,과속단속,18
37.67264,127.20023,50,과속단속,-1
37.71466,127.18209,60,과속단속,-1
37.66343,127.12837,30,보호구역,88
37.74056,127.19554,30,과속단속,24
37.74789,127.18783,30,과속단속,-1
37.11559,127.04847,30,보호구역,-1
36.96152,126.90750,30,보호구역,-1
36.96906,127.03710,50,과속단속,-1
35.38484,129.15537,70,과속단속,8
34.99710,128.46244,60,과속단속,-1
34.91716,128.52148,50,과속단속,44
34.84709,128.48457,60,과속단속,-1
35.31950,127.83709,60,과속단속,-1
35.39361,127.99028,60,과속단속,-1
35.24546,127.79491,60,과속단속,-1
35.24543,127.79489,60,과속단속,-1
35.25024,127.78749,60,과속단속,-1
35.25021,127.78750,60,과속단속,-1
34.85303,126.49583,30,과속단속,-1
34.85097,126.49100,30,보호구역,-1
34.94776,126.33353,80,과속단속,-1
34.94784,126.33340,80,과속단속,203
35.03831,126.39468,50,과속단속,-1
34.98287,126.47272,50,과속단속,-1
35.88123,127.12837,50,과속단속,85
35.85577,127.11896,30,보호구역,-1
35.80749,127.12641,30,보호구역,-1
36.63462,127.46046,50,과속단속,19
36.62641,127.47001,50,과속단속,-1
36.68365,127.48208,70,과속단속,-1
36.66174,127.47084,60,과속단속,-1
35.92225,126.97780,70,과속단속,299
35.94039,126.94713,50,과속단속,-1
35.97898,126.67184,60,과속단속,68
35.96745,126.74890,50,과속단속,-1
35.96396,126.69013,50,과속단속,122
35.96389,126.71509,50,과속단속,106
35.84679,127.06105,50,과속단속,63
35.83897,127.06818,50,과속단속,269
35.87544,127.08466,60,과속단속,291
35.82511,127.12252,60,과속단속,157
35.81672,127.12317,60,과속단속,358
35.80289,127.13522,30,보호구역,-1
36.76858,126.94057,30,과속단속,-1
36.26255,127.25448,30,과속단속,-1
36.84569,127.12208,60,과속단속,238
36.74461,126.96924,30,보호구역,-1
36.83002,126.88821,30,보호구역,-1
36.80263,127.06683,30,보호구역,-1
36.77461,127.08175,30,보호구역,-1
36.79522,127.06818,30,보호구역,-1
36.83805,126.47032,30,보호구역,-1
36.84668,127.14904,40,보호구역,-1
36.16493,126.89595,60,과속단속,-1
36.02840,126.74818,60,과속단속,-1
36.02478,126.72611,60,과속단속,-1
36.02800,126.71467,60,과속단속,-1
36.02783,126.71484,60,과속단속,-1
34.81057,126.38229,30,보호구역,-1
34.79380,126.36658,40,과속단속,-1
34.79176,126.36727,40,과속단속,-1
37.42938,127.00108,50,과속단속,200
37.26560,127.01621,50,과속단속,-1
37.28453,127.05585,50,과속단속,46
37.26665,127.03324,50,과속단속,-1
37.27757,126.97811,50,과속단속,321
37.28146,126.97349,50,과속단속,126
37.29665,126.96062,50,과속단속,-1
37.28514,127.02822,50,과속단속,-1
37.26038,127.02357,50,과속단속,-1
37.27846,127.05144,50,과속단속,-1
36.62662,126.73497,70,과속단속,43
36.57990,126.65526,60,과속단속,-1
35.92855,127.83081,50,과속단속,-1
35.53151,127.33893,80,과속단속,197
35.60283,126.70265,70,과속단속,141
35.66607,127.10612,80,과속단속,22
35.79365,127.34658,80,과속단속,132
35.43097,126.71968,60,과속단속,-1
35.79768,126.86445,80,과속단속,197
35.41700,127.39776,30,과속단속,-1
35.41593,127.39520,50,과속단속,-1
35.58070,126.83729,50,과속단속,-1
36.07401,126.96722,60,과속단속,-1
36.63253,127.45350,30,과속단속,-1
36.89843,127.29801,30,과속단속,-1
36.32162,127.54406,60,과속단속,-1
36.78627,127.58145,50,과속단속,-1
36.98241,127.92211,60,과속단속,-1
36.61967,127.51609,50,과속단속,-1
37.12323,127.99381,80,과속단속,70
36.87833,127.51204,80,과속단속,19
36.97067,127.48648,60,과속단속,-1
36.61007,127.47737,50,과속단속,-1
36.60721,127.48191,50,과속단속,-1
36.66025,127.45410,70,과속단속,-1
36.64607,127.42265,60,과속단속,197
36.51536,127.75789,60,과속단속,-1
36.80091,127.73566,80,과속단속,275
36.28147,127.79352,60,과속단속,-1
37.13409,128.10568,80,과속단속,276
37.09951,127.77074,80,과속단속,79
36.76056,127.55568,80,과속단속,235
36.18821,127.85442,80,과속단속,31
36.17803,127.77054,60,과속단속,300
36.22086,127.93741,80,과속단속,127
36.11232,127.78897,30,보호구역,-1
34.80427,126.43432,30,과속단속,-1
34.80408,126.43447,30,과속단속,-1
34.81040,126.38224,30,보호구역,-1
37.44806,126.68500,40,과속단속,-1
37.44887,126.62414,60,과속단속,206
37.46001,126.63105,60,과속단속,204
37.45007,126.74535,50,과속단속,143
37.50439,126.70380,50,과속단속,296
37.47008,126.70790,50,과속단속,-1
37.51772,126.73025,50,과속단속,-1
37.66055,126.40920,60,과속단속,-1
37.38755,126.64105,50,과속단속,221
37.55193,126.68861,60,과속단속,-1
37.47256,126.51294,70,구간단속,222
37.49132,126.54715,70,구간단속,-1
34.98602,128.67955,50,과속단속,-1
34.98596,128.67905,50,과속단속,-1
35.54569,128.63452,60,과속단속,-1
35.52164,128.50299,50,과속단속,-1
35.20903,128.80384,60,과속단속,138
35.31986,127.95786,80,과속단속,122
35.29312,127.99096,80,과속단속,164
34.90645,128.51505,70,과속단속,200
34.82949,128.42337,50,과속단속,-1
35.34441,129.02754,50,과속단속,-1
35.23483,128.64499,60,과속단속,213
35.34097,127.83933,60,과속단속,-1
35.80092,129.14017,50,과속단속,-1
35.80114,129.14104,50,과속단속,-1
35.80186,129.13982,50,과속단속,-1
35.80155,129.13986,50,과속단속,-1
35.80343,129.13893,30,보호구역,-1
35.80315,129.13874,30,보호구역,-1
35.80554,129.13932,50,과속단속,-1
35.80520,129.13960,50,과속단속,-1
35.38440,127.17443,60,과속단속,-1
35.44863,126.99207,60,과속단속,-1
35.35287,127.16040,60,과속단속,-1
35.37215,127.14621,30,보호구역,-1
37.40346,126.73121,50,과속단속,-1
37.41615,126.71488,50,과속단속,-1
37.52036,126.73246,50,과속단속,-1
37.41813,126.69428,60,과속단속,-1
37.54360,126.74199,60,과속단속,271
37.56568,126.74236,50,과속단속,-1
37.52191,126.67695,50,과속단속,-1
37.52243,126.72192,50,과속단속,-1
37.47345,126.69176,50,과속단속,-1
37.45311,126.70151,50,과속단속,-1
37.44882,126.71850,50,과속단속,184
37.46080,126.72001,50,과속단속,-1
37.45041,126.69619,50,과속단속,-1
37.46367,126.71465,50,과속단속,-1
37.46871,126.64917,50,과속단속,-1
35.07462,129.07590,50,과속단속,-1
35.10323,129.02582,50,과속단속,-1
35.08594,128.83956,60,과속단속,359
35.09414,128.82680,70,과속단속,136
35.17789,129.12681,50,과속단속,57
35.10921,129.09222,60,과속단속,-1
35.15921,129.03159,50,과속단속,171
35.14890,128.83092,60,과속단속,90
35.16600,128.97591,80,과속단속,175
35.17539,129.08148,50,과속단속,-1
35.15147,128.95395,70,과속단속,20
35.29660,129.08420,60,과속단속,147
34.86554,128.69828,60,과속단속,299
37.27048,126.94510,30,보호구역,-1
37.27208,126.94169,30,보호구역,-1
37.29064,126.94050,30,보호구역,-1
37.62066,127.58019,50,과속단속,-1
37.10898,127.12096,50,과속단속,230
37.20199,127.06966,50,과속단속,-1
37.19182,127.07407,60,과속단속,322
37.19155,127.07426,60,과속단속,142
36.98149,126.91885,30,보호구역,268
36.98645,126.91955,30,보호구역,-1
36.77336,127.51640,30,보호구역,-1
36.90870,127.49833,50,과속단속,-1
37.42907,127.00095,60,과속단속,200
37.39477,126.93988,30,보호구역,-1
35.86557,129.20712,50,과속단속,85
36.61196,129.08366,60,과속단속,-1
35.99022,129.22803,30,보호구역,-1
36.01379,129.36425,30,보호구역,-1
35.96587,129.40153,30,보호구역,-1
35.94360,129.44463,30,보호구역,-1
36.03638,129.36488,40,과속단속,196
36.01237,129.37070,50,과속단속,278
35.86539,129.22070,30,보호구역,-1
35.83025,129.15289,80,과속단속,223
35.81639,127.13978,40,과속단속,-1
35.81855,127.14661,40,과속단속,-1
36.89853,126.69603,60,구간단속,67
37.00813,126.49230,70,구간단속,298
36.97936,126.60829,70,구간단속,-1
35.98066,129.40933,30,보호구역,-1
35.98066,129.40945,30,보호구역,-1
35.05737,128.97095,50,과속단속,-1
35.17275,128.98350,50,과속단속,-1
35.10432,129.01999,50,과속단속,-1
35.59470,129.36556,50,과속단속,-1
35.53768,129.32768,60,과속단속,161
37.50585,126.72556,30,과속단속,-1
36.57495,128.48277,60,과속단속,90
36.65131,128.45579,50,과속단속,340
36.62276,128.37827,80,과속단속,57
37.02322,129.40941,50,과속단속,-1
37.02731,129.40917,50,과속단속,-1
36.15174,128.14768,60,과속단속,-1
37.45080,127.14869,30,보호구역,-1
37.44833,127.14509,50,과속단속,190
36.90277,126.65320,60,과속단속,86
36.89535,126.65117,30,보호구역,-1
36.89542,126.65325,50,과속단속,-1
34.89453,128.69696,50,과속단속,-1
34.83920,128.69903,60,과속단속,-1
36.90179,126.64760,50,과속단속,-1
37.46608,128.05783,60,과속단속,328
37.46590,128.05777,60,과속단속,56
34.83244,127.73846,50,과속단속,-1
34.33914,126.64788,60,과속단속,-1
34.38676,126.92719,50,과속단속,-1
34.39265,126.85498,50,과속단속,-1
34.55017,126.94422,60,과속단속,-1
34.61595,126.91533,30,보호구역,-1
36.67222,127.27095,40,과속단속,-1
36.33488,127.42259,30,과속단속,-1
36.29938,127.45804,50,과속단속,-1
36.78139,127.00361,50,과속단속,106
36.79495,127.00075,50,과속단속,-1
36.36639,127.25727,50,과속단속,-1
36.36658,127.25728,50,과속단속,-1
37.27299,127.02387,30,과속단속,-1
37.27267,127.02380,30,과속단속,-1
37.27034,127.01959,50,과속단속,-1
37.24153,127.03876,50,과속단속,-1
37.24138,127.03980,50,과속단속,-1
37.24029,127.04137,30,보호구역,-1
37.23833,127.04420,30,보호구역,-1
37.52040,126.80477,50,과속단속,-1
37.47310,126.81287,50,과속단속,-1
37.47120,126.81809,50,보호구역,-1
37.47829,126.79555,50,과속단속,-1
37.61547,126.74100,80,구간단속,182
37.63576,126.71959,80,구간단속,299
37.63579,126.71963,80,구간단속,299
37.61547,126.74118,80,구간단속,2
37.34874,126.92559,50,과속단속,1
37.33219,126.92742,50,과속단속,-1
37.47505,126.86663,50,과속단속,-1
37.46232,126.87946,50,과속단속,55
37.45168,126.89271,50,과속단속,69
37.40821,126.99398,50,과속단속,-1
37.01605,127.46907,30,보호구역,-1
37.30256,127.46213,70,과속단속,-1
37.29164,127.51125,70,과속단속,254
37.28104,127.49692,60,과속단속,-1
37.47050,126.64902,50,과속단속,181
37.47112,126.64950,50,과속단속,9
37.47788,126.65126,50,과속단속,-1
37.47629,126.63364,30,과속단속,139
37.00932,127.25674,50,과속단속,-1
37.00947,127.26368,50,과속단속,134
37.00784,127.26955,50,과속단속,-1
37.30254,126.86390,50,과속단속,273
37.28735,127.01109,50,과속단속,55
37.43195,127.15747,60,과속단속,-1
37.44197,127.15257,60,과속단속,-1
37.47131,127.14055,30,과속단속,-1
37.44338,127.15054,40,과속단속,-1
37.44577,127.15706,60,과속단속,204
37.40018,127.09520,50,과속단속,238
37.37584,127.11251,60,과속단속,228
37.40312,127.11238,50,과속단속,-1
37.33972,126.93772,50,과속단속,14
37.39476,127.24158,50,과속단속,-1
37.37836,127.54227,30,보호구역,-1
37.35550,127.32630,70,과속단속,302
37.18649,127.12657,30,보호구역,-1
37.17078,127.11203,30,보호구역,-1
37.17086,127.11273,30,보호구역,-1
37.53417,127.22639,50,과속단속,-1
37.48191,127.23990,60,과속단속,161
37.53453,127.25774,70,과속단속,303
37.35271,126.97098,60,과속단속,145
37.35200,126.97120,60,과속단속,-1
37.36153,126.96245,60,과속단속,317
36.64023,127.30743,60,과속단속,341
36.64415,127.32111,50,과속단속,276
36.52202,127.72111,60,과속단속,-1
37.89017,127.09657,70,과속단속,-1
37.92914,127.04983,60,과속단속,-1
36.88833,126.65172,30,보호구역,-1
36.96536,126.69005,30,보호구역,-1
36.95783,126.77211,70,과속단속,145
36.88587,126.64365,50,과속단속,82
36.82862,127.16952,50,과속단속,66
36.75022,127.20924,30,과속단속,-1
36.85689,127.15310,50,과속단속,161
36.80375,127.11183,50,과속단속,-1
34.33802,127.05539,50,과속단속,-1
34.33785,127.05514,50,과속단속,-1
37.13151,126.92059,50,과속단속,-1
37.21627,126.96147,30,보호구역,-1
37.22152,126.95168,50,과속단속,-1
37.20063,126.82972,50,과속단속,-1
37.00479,127.08481,60,과속단속,117
37.00001,127.10365,60,과속단속,104
36.25436,128.47602,30,보호구역,-1
35.92934,128.55712,30,보호구역,-1
35.75609,128.49355,30,보호구역,-1
35.86934,128.49129,30,보호구역,-1
35.84348,128.52770,30,보호구역,-1
35.84362,128.54000,30,보호구역,-1
35.82848,128.52291,30,보호구역,-1
35.82046,128.52431,30,보호구역,-1
35.81562,128.51657,30,과속단속,-1
35.86987,128.64115,30,보호구역,-1
35.87809,128.56296,30,보호구역,-1
35.87475,128.55033,30,보호구역,-1
35.94174,128.63758,50,보호구역,-1
35.88587,128.63567,50,과속단속,-1
36.17399,128.71776,30,보호구역,-1
35.85037,128.62662,30,보호구역,-1
35.80104,128.50077,40,과속단속,-1
35.87770,128.49919,30,보호구역,-1
35.85318,128.57128,30,보호구역,-1
35.81553,128.51995,30,보호구역,-1
35.82980,128.70974,30,보호구역,-1
35.86923,128.64074,30,보호구역,-1
35.83510,128.57381,30,보호구역,-1
35.27500,128.86841,50,과속단속,-1
35.26061,128.89880,50,과속단속,-1
37.29596,127.05567,60,과속단속,23
37.25594,127.07540,50,과속단속,216
37.24821,127.21859,30,보호구역,-1
37.24803,127.21870,30,보호구역,-1
34.84270,127.61060,30,보호구역,170
35.15100,128.11234,50,보호구역,-1
35.23424,128.65269,30,보호구역,-1
35.23427,128.65229,30,보호구역,-1
35.18650,128.68758,40,보호구역,-1
35.18631,128.68822,40,보호구역,-1
35.09792,128.14401,30,과속단속,-1
35.05961,128.32100,30,과속단속,-1
35.05914,128.32670,30,과속단속,-1
34.95546,128.30826,50,과속단속,-1
35.03431,128.22630,50,과속단속,-1
34.96091,128.32155,40,과속단속,-1
35.31173,129.02837,70,과속단속,9
37.36893,128.70300,60,과속단속,-1
37.59909,127.73817,30,과속단속,-1
37.91818,127.71169,30,과속단속,-1
35.80046,128.49229,50,과속단속,51
35.40115,127.37850,50,과속단속,-1
37.49341,126.87411,30,보호구역,-1
37.49720,126.86483,30,보호구역,-1
37.49698,126.86504,30,보호구역,-1
35.37645,128.10654,80,과속단속,48
35.17370,128.14420,50,과속단속,-1
35.24565,128.67056,60,과속단속,-1
35.55405,126.76469,80,과속단속,-1
35.59835,126.87647,60,과속단속,-1
35.58356,126.85243,50,과속단속,-1
35.62146,126.83662,80,과속단속,-1
35.62122,126.83630,80,과속단속,-1
35.54579,126.88266,50,과속단속,-1
35.57060,126.85245,50,과속단속,-1
35.58106,126.83699,50,과속단속,-1
35.57397,126.83219,60,과속단속,318
35.58346,126.81953,60,과속단속,-1
37.54096,127.76595,50,과속단속,-1
37.47035,127.66707,50,과속단속,-1
37.29622,127.00191,30,과속단속,292
36.98595,127.92181,30,보호구역,-1
36.97925,127.56509,80,구간단속,351
36.91788,127.53779,80,구간단속,28
36.75226,127.55926,80,구간단속,33
36.68703,127.52706,80,구간단속,44
36.45365,127.41701,100,구간단속,169
36.58986,127.42605,100,구간단속,166
34.74659,127.65449,30,보호구역,-1
34.72805,127.74377,30,보호구역,300
34.77291,127.64439,30,보호구역,-1
34.73734,127.73141,50,과속단속,-1
34.74904,127.62627,30,보호구역,-1
34.74914,127.62612,30,보호구역,-1
37.55319,126.83035,30,보호구역,-1
35.82304,128.74863,50,과속단속,-1
36.12549,128.35793,50,과속단속,42
36.93893,128.99615,60,과속단속,59
35.88117,128.36878,70,과속단속,270
35.67684,128.59496,40,과속단속,-1
35.04448,128.09948,30,과속단속,-1
35.25803,128.87289,50,과속단속,-1
36.66784,129.43475,60,과속단속,30
36.02566,129.37264,30,과속단속,-1
35.96145,128.81919,100,과속단속,43
37.21882,126.96715,50,과속단속,-1
37.19622,127.11469,30,보호구역,-1
37.21251,127.09188,30,과속단속,-1
37.18801,127.12622,30,보호구역,-1
37.27632,127.82398,30,과속단속,-1
38.18401,128.59290,60,과속단속,96
37.50641,127.95522,60,과속단속,333
37.45963,127.97827,60,과속단속,346
37.75411,127.79588,50,과속단속,-1
37.89399,127.73029,30,보호구역,-1
37.87981,127.71459,30,보호구역,-1
37.87898,127.75559,30,보호구역,-1
37.20077,127.04092,30,보호구역,-1
37.20073,127.04127,30,보호구역,-1
37.29387,127.33240,60,과속단속,-1
37.35155,127.16609,50,과속단속,-1
37.36029,127.15039,70,과속단속,134
37.44686,127.15590,40,과속단속,-1
37.34035,127.11803,30,보호구역,-1
37.35344,127.11054,30,보호구역,-1
36.98076,126.94508,30,보호구역,-1
35.94478,126.95741,50,과속단속,-1
37.18372,127.10610,30,과속단속,-1
37.15911,127.11570,50,과속단속,-1
37.15923,127.11610,50,과속단속,-1
37.17239,127.10624,50,과속단속,90
37.16230,127.09846,30,과속단속,-1
37.16201,127.09832,30,과속단속,-1
37.17402,127.12288,50,과속단속,268
37.21329,127.06218,60,과속단속,139
37.21372,127.06214,60,과속단속,317
34.96888,126.72969,60,과속단속,-1
37.61550,126.84153,30,보호구역,-1
37.64280,126.79035,30,과속단속,-1
37.82123,127.07638,30,과속단속,-1
37.83289,127.08660,30,과속단속,-1
37.83503,127.08466,30,보호구역,-1
37.26836,127.38179,50,과속단속,-1
37.22949,127.44952,60,과속단속,-1
37.23046,127.52203,60,과속단속,-1
37.26887,127.44959,30,과속단속,-1
37.26954,127.52481,90,과속단속,5
37.21131,127.07217,60,과속단속,228
37.20992,127.09858,60,과속단속,180
35.80849,128.51064,50,과속단속,67
35.85396,128.65542,60,과속단속,116
35.87581,128.60580,50,과속단속,-1
35.83891,128.57590,50,과속단속,-1
35.86525,128.55608,50,과속단속,-1
35.86398,128.59997,60,과속단속,285
36.11086,128.57334,80,과속단속,38
35.83921,128.62880,50,과속단속,281
35.82681,128.62220,30,과속단속,-1
35.90656,128.54333,30,과속단속,-1
35.74632,128.48655,40,과속단속,-1
35.70500,128.43820,60,과속단속,340
35.87442,128.59457,30,과속단속,-1
36.62516,127.23245,40,과속단속,-1
36.93316,128.32840,100,구간단속,320
36.91296,128.40129,100,구간단속,288
35.58816,129.26828,40,과속단속,-1
35.58975,129.26902,40,과속단속,-1
37.57041,127.03756,50,과속단속,-1
37.48345,126.99621,50,과속단속,-1
37.47861,127.03820,50,과속단속,173
37.55795,126.92557,50,과속단속,47
37.50147,126.94885,50,과속단속,146
37.57298,127.05898,50,과속단속,-1
37.64366,127.03144,50,과속단속,215
37.65375,127.06781,50,과속단속,-1
37.46702,126.89748,50,과속단속,184
37.49495,126.88932,50,과속단속,-1
37.54649,127.06662,50,과속단속,24
37.46981,126.94504,50,과속단속,314
37.56171,126.85535,50,과속단속,204
37.63428,127.02354,50,과속단속,354
37.54686,127.14315,50,과속단속,-1
37.51270,127.04279,50,과속단속,-1
37.48549,127.09789,50,과속단속,-1
35.95499,128.58442,50,보호구역,15
35.95559,128.58433,50,보호구역,198
35.08624,128.80692,60,과속단속,270
37.50406,127.15052,50,과속단속,290
37.50389,127.15076,50,과속단속,111
37.60692,127.03427,30,보호구역,-1
35.08289,128.76560,60,과속단속,359
35.08289,128.76553,60,과속단속,359
35.40826,128.81380,50,과속단속,-1
35.41935,128.82033,50,과속단속,-1
35.47032,128.73712,50,과속단속,-1
35.50645,128.73516,60,과속단속,-1
35.52652,128.71994,60,과속단속,-1
35.52476,128.72247,60,과속단속,-1
35.05837,127.96301,30,과속단속,-1
34.83852,128.41612,40,과속단속,-1
34.79828,128.38595,40,과속단속,-1
34.86030,128.42503,50,과속단속,-1
35.30093,128.58650,50,보호구역,-1
35.25150,128.64325,30,보호구역,-1
35.25137,128.64322,30,보호구역,-1
35.26486,128.63040,30,보호구역,-1
37.07810,127.93327,80,구간단속,189
37.12986,127.88320,80,구간단속,170
36.45067,128.18866,60,과속단속,-1
36.45065,128.18865,60,과속단속,-1
35.65032,128.75059,60,과속단속,-1
35.94083,129.39702,30,과속단속,-1
35.99914,129.34401,40,보호구역,-1
36.01049,129.32872,30,과속단속,-1
36.07439,127.57064,30,과속단속,-1
37.81094,127.09290,30,과속단속,-1
37.87677,127.17836,50,과속단속,-1
37.88898,127.18908,50,과속단속,-1
37.96880,127.24408,50,과속단속,-1
38.06934,127.27319,70,과속단속,12
38.09986,127.28011,70,과속단속,34
38.03223,127.26119,70,과속단속,9
37.99332,127.24357,70,과속단속,201
38.11182,127.29002,70,과속단속,-1
37.72188,127.19407,50,과속단속,333
37.62389,127.15354,50,과속단속,339
35.32124,128.58131,30,보호구역,-1
35.19907,128.08701,30,보호구역,-1
35.23420,128.55750,60,과속단속,-1
35.22554,128.58455,30,보호구역,-1
35.22121,128.69030,60,과속단속,138
35.08461,128.81843,60,과속단속,-1
35.08328,128.80127,60,과속단속,270
35.08329,128.80746,60,과속단속,270
35.08331,128.80744,60,과속단속,270
35.08332,128.78373,60,과속단속,270
35.08330,128.78371,60,과속단속,270
35.08326,128.78746,60,과속단속,270
35.08325,128.78751,60,과속단속,270
35.08332,128.77474,60,과속단속,-1
35.08333,128.77463,60,과속단속,360
37.06941,127.06473,60,과속단속,-1
37.07098,127.05950,50,과속단속,-1
37.07123,127.05977,50,과속단속,-1
37.07102,127.06087,50,과속단속,-1
37.07121,127.06017,50,과속단속,-1
37.07100,127.06417,60,과속단속,141
37.06559,127.04446,50,과속단속,20
37.06301,127.04342,50,과속단속,178
37.06278,127.04371,50,과속단속,181
37.05912,127.04342,50,과속단속,180
35.96724,126.56677,50,과속단속,-1
35.96206,126.72192,30,보호구역,-1
35.99788,126.75665,50,과속단속,-1
35.99767,126.75702,50,과속단속,-1
35.86008,129.15647,80,과속단속,23
35.68864,129.47389,30,과속단속,-1
35.71232,129.45997,60,과속단속,-1
35.80762,129.49870,30,과속단속,-1
35.79764,129.31355,60,과속단속,-1
35.87714,129.22770,60,과속단속,335
35.86959,129.20978,60,과속단속,-1
36.41993,128.16093,30,보호구역,-1
36.42058,128.16090,30,보호구역,-1
36.47081,128.15337,60,과속단속,-1
36.59094,128.18125,30,보호구역,-1
37.55982,126.93708,50,과속단속,359
37.60206,127.02832,30,보호구역,-1
37.11846,127.48515,60,과속단속,-1
37.00702,127.19896,30,과속단속,-1
37.00673,127.19916,30,과속단속,-1
37.23760,127.06107,50,과속단속,-1
37.58326,127.01769,30,보호구역,-1
37.21838,128.64310,80,과속단속,33
37.90710,127.73940,60,과속단속,-1
35.40761,126.49317,60,과속단속,-1
35.80330,127.10902,30,과속단속,-1
35.80379,127.10880,30,과속단속,-1
35.56917,126.84795,30,보호구역,-1
35.62103,127.03916,30,과속단속,-1
36.89427,127.48698,60,과속단속,180
36.87626,127.47492,60,과속단속,65
37.66123,127.04775,50,보호구역,-1
37.66419,127.04855,30,보호구역,-1
37.65840,127.02498,30,보호구역,-1
37.55649,127.14630,30,보호구역,-1
37.53022,127.12209,30,보호구역,-1
37.54690,127.16705,30,과속단속,-1
37.55182,127.15272,30,보호구역,-1
37.55464,127.14914,50,보호구역,-1
37.47462,126.99097,50,과속단속,289
37.50062,127.01971,80,과속단속,344
37.55501,126.93714,50,과속단속,66
37.50153,126.94923,50,과속단속,325
37.58150,127.04710,50,과속단속,11
37.57558,127.03440,70,과속단속,179
37.66274,127.04194,50,과속단속,-1
37.65668,127.03929,50,과속단속,207
37.55424,126.92302,50,과속단속,-1
37.54946,126.92343,50,과속단속,-1
37.57060,126.90309,50,보호구역,-1
37.56030,126.90147,30,보호구역,-1
37.57112,126.93432,50,보호구역,32
37.34801,127.33858,30,과속단속,-1
37.35658,127.32757,30,과속단속,-1
37.38295,127.22831,30,과속단속,-1
37.36290,127.21789,30,과속단속,-1
37.35920,127.21581,30,과속단속,-1
35.73746,127.85352,60,과속단속,-1
37.29551,127.00454,50,과속단속,-1
37.57837,127.07624,30,보호구역,153
37.57768,127.07428,30,보호구역,-1
37.57854,127.06685,30,보호구역,-1
37.57599,127.04532,30,과속단속,-1
37.59250,127.05766,40,보호구역,-1
37.56221,127.01425,30,보호구역,31
37.55833,127.00808,50,과속단속,-1
36.13110,127.10573,60,과속단속,292
34.85586,128.42561,30,과속단속,-1
35.33304,128.20101,60,과속단속,-1
35.33306,128.20100,60,과속단속,-1
35.52167,129.19927,60,과속단속,-1
35.56872,129.24916,30,보호구역,-1
35.62940,129.34568,50,과속단속,-1
35.51170,129.43079,50,과속단속,8
37.23496,127.52773,30,과속단속,-1
37.04208,127.21418,40,과속단속,-1
37.04615,127.20651,40,과속단속,-1
37.05331,127.22058,40,과속단속,-1
37.05590,127.21162,40,과속단속,-1
37.04545,127.19302,40,과속단속,-1
35.80260,127.13519,30,보호구역,-1
35.87033,127.07696,30,보호구역,-1
35.87005,127.07685,30,보호구역,-1
36.93580,127.98687,40,과속단속,-1
36.93687,127.97615,40,과속단속,-1
37.11270,128.20470,80,과속단속,288
37.15060,128.22672,50,과속단속,-1
37.16038,128.21440,50,과속단속,-1
37.11880,128.20196,60,과속단속,156
37.08131,128.20489,70,과속단속,-1
36.30473,127.57159,30,보호구역,-1
34.78902,127.63282,50,과속단속,191
34.82985,127.66117,50,과속단속,-1
34.74664,127.74287,50,과속단속,-1
34.78636,127.70147,50,과속단속,-1
34.74704,127.68929,50,과속단속,-1
34.76486,127.67519,50,과속단속,280
34.76887,127.66269,50,과속단속,181
34.80952,126.46019,50,과속단속,-1
34.81418,126.46042,60,과속단속,47
34.97490,126.46367,50,과속단속,-1
34.94878,126.44332,80,과속단속,192
35.00375,126.49533,80,과속단속,245
34.73429,127.72686,30,보호구역,-1
34.78358,127.69491,30,보호구역,252
34.75600,127.73265,30,보호구역,-1
34.68576,127.59550,30,보호구역,-1
34.75211,127.72768,30,보호구역,359
34.74048,127.74394,30,보호구역,-1
34.74922,127.67344,30,보호구역,-1
34.76386,127.66977,50,과속단속,-1
34.76356,127.66945,50,과속단속,-1
34.84338,127.61070,30,보호구역,344
34.74580,127.65409,30,보호구역,-1
35.83535,127.64612,60,과속단속,-1
36.13032,129.34407,80,과속단속,63
35.96282,129.40304,50,과속단속,-1
35.97383,128.93868,40,과속단속,-1
35.77458,129.30070,60,과속단속,-1
35.79339,129.27156,60,과속단속,-1
36.34551,129.38142,60,과속단속,181
36.34582,129.38159,60,과속단속,357
36.09355,129.33255,30,보호구역,-1
36.09344,129.33276,30,보호구역,-1
36.09632,129.33260,30,보호구역,180
37.58422,126.89616,30,보호구역,-1
37.58415,126.89594,30,보호구역,-1
37.47472,126.89100,30,과속단속,-1
37.47481,126.89100,30,과속단속,-1
37.45784,126.88812,30,보호구역,-1
35.43789,128.54978,60,과속단속,-1
35.40354,126.44913,30,과속단속,-1
35.39401,126.45082,30,과속단속,-1
35.38451,126.44862,50,과속단속,179
35.38036,126.44908,50,과속단속,357
35.37105,126.45572,50,과속단속,321
35.36754,126.45861,50,과속단속,339
36.81011,128.63463,60,과속단속,-1
35.98115,128.55553,70,과속단속,-1
35.11962,128.79386,70,과속단속,301
37.23868,127.65516,60,과속단속,-1
37.24673,127.59195,70,과속단속,-1
35.65173,127.93802,30,보호구역,-1
35.65829,127.94597,40,보호구역,-1
35.32021,128.62546,30,보호구역,-1
35.39841,128.47895,50,과속단속,-1
37.38186,127.12637,30,보호구역,123
37.26576,127.00850,30,보호구역,-1
37.24799,126.98816,30,보호구역,-1
37.26500,126.97780,30,보호구역,-1
37.25892,126.95523,30,보호구역,-1
37.26329,126.95708,50,과속단속,-1
37.26498,126.96137,30,보호구역,-1
37.26884,126.95612,30,보호구역,-1
37.28407,126.97678,30,보호구역,-1
37.29511,126.96035,30,보호구역,-1
37.06698,127.17082,50,과속단속,-1
37.05818,127.14319,50,과속단속,-1
37.23238,127.05867,30,보호구역,-1
37.23228,127.05915,30,보호구역,-1
37.39784,126.93485,60,과속단속,116
37.51918,129.02062,30,보호구역,-1
36.52054,128.17639,110,구간단속,337
36.46365,128.20054,110,구간단속,4
37.09777,127.25678,70,과속단속,158
34.57270,126.69229,60,과속단속,-1
34.57203,126.67855,60,과속단속,-1
35.22352,128.90650,60,과속단속,354
35.56659,126.82627,100,구간단속,20
36.06548,129.38471,80,과속단속,-1
37.45003,126.91979,30,과속단속,-1
37.47246,126.95880,30,보호구역,-1
37.47218,126.95860,30,보호구역,-1
37.48330,126.90730,30,보호구역,-1
37.48401,126.90786,30,보호구역,-1
37.60180,127.08364,50,보호구역,-1
37.60184,127.08348,50,보호구역,-1
37.60639,127.09412,50,보호구역,-1
36.15174,128.14768,50,과속단속,-1
36.13765,128.14848,60,과속단속,273
35.16539,128.68322,80,과속단속,280
35.16536,128.68287,80,과속단속,101
36.18250,126.85620,30,과속단속,-1
36.25200,126.79770,70,과속단속,238
36.25180,126.79780,70,과속단속,73
36.28320,126.87400,60,과속단속,-1
37.56599,127.17766,50,보호구역,-1
37.56696,127.17739,30,보호구역,-1
37.54350,127.13188,30,보호구역,-1
36.30146,126.60984,70,과속단속,49
37.29071,127.05933,30,과속단속,-1
37.29099,127.05916,30,과속단속,-1
37.26874,127.04906,30,과속단속,-1
37.25688,127.04287,30,과속단속,-1
37.25662,127.04310,30,과속단속,-1
37.01896,127.09578,50,과속단속,208
37.01918,127.09636,50,과속단속,26
37.62750,127.01580,30,보호구역,-1
37.53999,126.96160,30,보호구역,-1
37.53104,127.00665,30,보호구역,180
37.52035,126.99051,30,과속단속,272
37.58405,126.89758,30,과속단속,-1
37.57523,126.91687,30,보호구역,-1
37.35904,127.89674,50,과속단속,213
38.10746,128.03473,30,보호구역,-1
35.48633,127.83539,80,과속단속,107
35.45601,127.87160,80,과속단속,313
37.27158,127.18614,30,보호구역,-1
37.54141,127.09604,50,과속단속,274
37.52630,126.86448,50,과속단속,313
37.51567,127.13031,50,과속단속,-1
37.45743,127.01258,50,과속단속,-1
37.49335,127.01357,50,과속단속,127
37.51642,126.94992,80,과속단속,300
37.48501,126.98182,50,과속단속,141
37.50033,127.05084,50,과속단속,-1
37.49833,127.08418,50,과속단속,294
37.58064,127.08894,50,과속단속,-1
37.58581,127.07661,50,과속단속,67
37.56189,127.00630,50,과속단속,-1
37.56609,127.00801,50,과속단속,290
37.60828,126.95668,50,과속단속,-1
37.54144,126.99624,50,과속단속,-1
37.52559,126.99203,50,과속단속,-1
37.52600,126.99168,50,과속단속,-1
37.51987,126.93278,50,과속단속,-1
37.52079,126.93188,50,과속단속,-1
37.54443,126.88304,60,과속단속,337
37.52236,126.86534,50,과속단속,119
37.60347,127.04337,50,과속단속,52
37.58796,127.03425,50,과속단속,-1
37.47798,126.88831,50,과속단속,-1
37.48597,126.89659,50,과속단속,-1
37.54500,127.08546,50,과속단속,86
37.48152,126.95251,50,과속단속,244
37.57922,126.79976,50,과속단속,333
37.61701,127.02968,50,과속단속,174
37.47165,127.10746,60,과속단속,-1
37.52330,127.04175,50,과속단속,81
37.51812,127.02384,50,과속단속,242
37.58192,127.07952,50,과속단속,220
37.61506,127.07669,50,과속단속,346
37.55974,127.01887,30,과속단속,-1
37.56652,127.00779,50,과속단속,218
37.55866,126.97364,50,과속단속,215
37.57225,126.96241,50,과속단속,92
37.60002,126.91847,50,과속단속,-1
37.61704,126.91947,50,과속단속,-1
36.00785,127.52072,30,보호구역,-1
37.51921,126.99417,40,과속단속,164
37.52358,126.89634,50,과속단속,-1
37.52526,126.85844,50,과속단속,-1
37.51420,126.82912,50,과속단속,-1
37.49117,127.11461,50,과속단속,-1
37.59019,127.01490,50,과속단속,-1
37.63916,127.03864,50,과속단속,-1
37.64926,127.06955,50,과속단속,-1
37.62412,127.08637,50,과속단속,-1
37.63814,127.07712,50,과속단속,-1
37.47790,126.88788,50,과속단속,-1
37.51019,126.89072,50,과속단속,-1
37.50121,126.87709,50,과속단속,231
37.48976,126.92227,50,과속단속,90
37.48383,126.92724,50,과속단속,81
37.48470,126.91390,50,과속단속,170
37.55600,126.85245,50,과속단속,293
37.53325,126.84571,50,과속단속,-1
37.63788,127.02533,50,과속단속,217
37.53408,127.13883,50,과속단속,285
37.55460,127.14477,50,과속단속,-1
37.52406,127.04750,50,과속단속,336
37.49739,127.07236,50,과속단속,249
37.48736,127.06222,40,과속단속,-1
37.59996,127.10024,50,과속단속,254
37.56407,126.97726,50,과속단속,107
37.55435,127.01070,50,과속단속,92
37.57562,126.96918,50,과속단속,52
37.61070,126.94610,50,과속단속,280
37.60884,126.93108,50,과속단속,242
37.46712,126.67714,30,과속단속,-1
37.44379,126.67174,30,과속단속,-1
37.49098,126.72873,50,과속단속,-1
37.47334,126.69126,50,과속단속,-1
37.50717,126.72086,50,과속단속,21
37.50748,126.72108,50,과속단속,-1
37.54320,126.72883,50,과속단속,-1
37.54329,126.73038,50,과속단속,-1
37.36450,127.31490,50,과속단속,-1
37.56619,126.98231,50,과속단속,221
37.57100,127.00889,50,과속단속,110
37.61056,126.93895,50,과속단속,315
37.53835,126.98669,50,과속단속,-1
37.56123,127.06478,50,과속단속,100
37.48832,126.91505,60,과속단속,51
37.55532,126.85461,50,과속단속,294
37.61647,127.09773,70,과속단속,-1
37.60330,127.01337,50,과속단속,-1
37.52422,126.95524,80,구간단속,313
37.52422,126.95528,80,구간단속,313
37.54125,127.02042,80,구간단속,231
37.54125,127.02041,80,구간단속,231
37.57283,126.88801,50,과속단속,-1
37.56292,126.90420,60,과속단속,70
37.57431,127.03834,50,과속단속,334
37.52280,126.90391,30,보호구역,-1
37.52297,126.90380,30,보호구역,-1
37.52876,126.90797,30,보호구역,-1
37.49402,126.89846,50,과속단속,-1
37.51901,126.92617,30,보호구역,52
37.50941,126.90716,50,과속단속,-1
37.51639,126.90732,50,과속단속,66
37.52460,126.93518,50,과속단속,131
36.72827,126.85524,50,과속단속,-1
36.72816,126.85525,50,과속단속,-1
36.33258,126.61299,50,과속단속,-1
36.91487,127.25678,60,과속단속,-1
36.91851,127.13494,60,과속단속,179
36.76449,127.31257,50,과속단속,-1
36.78601,127.12841,50,과속단속,93
34.82019,127.88349,60,과속단속,-1
35.20486,128.57746,50,과속단속,-1
35.94410,126.81627,50,과속단속,102
35.91879,127.08499,50,과속단속,196
36.06743,126.91733,60,과속단속,-1
35.92887,126.89926,60,과속단속,-1
35.19023,126.82889,50,과속단속,-1
35.17164,126.86367,50,과속단속,-1
35.17221,126.86346,60,과속단속,248
35.64286,126.87627,40,과속단속,-1
37.66879,126.76212,50,과속단속,-1
37.60739,126.81940,60,과속단속,37
37.68137,126.89561,60,과속단속,248
37.63616,126.82603,60,과속단속,206
37.74800,127.04283,50,과속단속,-1
37.74503,127.05105,40,과속단속,-1
37.03669,127.01937,30,과속단속,-1
37.03470,127.01794,50,과속단속,-1
37.03424,127.01871,50,과속단속,-1
37.00559,127.09150,30,과속단속,-1
37.00622,127.09192,30,과속단속,-1
37.00636,127.08970,30,과속단속,204
37.00666,127.09026,30,과속단속,25
36.99114,126.92779,60,과속단속,273
36.99472,126.92866,50,과속단속,-1
35.16101,129.03680,50,과속단속,222
35.16077,129.03715,50,과속단속,74
36.13671,128.40121,60,과속단속,285
35.98017,126.71937,30,보호구역,-1
34.90534,128.14216,50,과속단속,-1
34.91986,128.12320,50,과속단속,-1
37.55158,126.96228,50,과속단속,-1
36.31689,126.94192,60,과속단속,-1
35.24607,128.59359,50,과속단속,-1
35.24608,128.59360,50,과속단속,-1
37.30502,126.82840,50,과속단속,-1
37.33611,126.76341,30,보호구역,-1
37.29827,126.80045,50,과속단속,-1
37.31631,126.83674,60,과속단속,3
37.34392,126.79479,50,과속단속,217
37.47895,126.95063,30,과속단속,-1
37.47888,126.94967,30,과속단속,-1
37.47792,126.96185,50,과속단속,296
37.47705,126.96324,50,과속단속,116
37.46606,126.92701,30,보호구역,-1
37.49217,126.92695,50,보호구역,348
37.48356,126.94084,50,과속단속,122
37.49004,126.94806,30,보호구역,-1
35.97506,126.65922,60,과속단속,247
35.83883,126.49242,80,과속단속,335
36.09515,128.43807,30,보호구역,-1
36.09522,128.43693,30,보호구역,-1
36.58561,128.19675,80,과속단속,215
36.41915,128.17073,30,과속단속,270
35.13218,128.96463,70,과속단속,-1
37.12715,127.06962,30,과속단속,-1
35.04999,126.84622,70,과속단속,91
35.05003,126.84742,70,과속단속,275
37.05679,126.87788,100,과속단속,108
37.11055,126.82917,100,과속단속,-1
37.55576,127.02361,30,과속단속,-1
37.59514,127.02337,30,보호구역,-1
37.59668,127.01445,30,보호구역,-1
37.60455,126.96100,50,보호구역,-1
37.57420,127.00656,50,보호구역,-1
37.58860,126.99962,30,보호구역,-1
37.58034,126.98515,30,보호구역,-1
37.49086,127.11729,30,보호구역,-1
37.48998,127.11741,30,보호구역,-1
37.50484,127.12020,30,보호구역,-1
37.50326,127.09236,50,과속단속,291
37.48715,127.13250,30,보호구역,-1
37.52993,127.11011,30,과속단속,-1
37.12602,127.47931,30,과속단속,-1
37.06321,127.29220,30,과속단속,-1
37.01243,127.24148,30,과속단속,93
37.19832,127.38457,60,과속단속,-1
37.26538,127.40002,70,과속단속,-1
37.23650,127.43588,70,과속단속,-1
37.25721,127.52318,90,과속단속,184
37.59610,126.90945,50,과속단속,-1
37.54617,127.00283,50,과속단속,9
37.52639,126.96499,50,과속단속,-1
37.54007,126.95901,50,과속단속,118
37.52534,126.90569,50,과속단속,97
37.52935,126.83248,50,과속단속,156
37.52571,127.11801,50,과속단속,288
37.52078,127.13453,50,과속단속,98
37.60614,127.03108,50,과속단속,-1
37.59175,127.01349,50,과속단속,59
37.56079,127.03549,50,과속단속,97
37.49579,127.02094,50,과속단속,-1
37.56035,126.93992,50,과속단속,243
37.53745,126.94302,60,과속단속,53
37.55717,126.95889,50,과속단속,94
37.52628,126.95311,80,구간단속,169
37.52627,126.95306,80,구간단속,169
37.55536,126.89608,80,구간단속,133
37.51175,126.95400,50,과속단속,356
37.47992,126.98157,50,과속단속,182
37.57248,127.07192,50,과속단속,-1
37.65263,127.05321,50,과속단속,-1
37.61680,127.07278,50,과속단속,250
35.64454,126.87623,40,과속단속,-1
37.50879,127.02677,30,보호구역,-1
37.49362,127.06364,50,보호구역,158
37.53088,127.03127,30,보호구역,-1
37.49936,127.05361,30,보호구역,-1
37.50000,127.04927,30,보호구역,-1
37.48649,127.06867,30,보호구역,-1
35.81481,128.43186,60,과속단속,-1
36.08423,128.35095,50,과속단속,-1
36.04255,128.90290,60,과속단속,-1
36.05758,129.31366,50,과속단속,127
37.45662,129.11753,60,과속단속,-1
37.45636,129.11825,60,과속단속,-1
37.33578,129.24660,80,과속단속,352
37.30771,129.28310,80,구간단속,149
37.24256,129.33770,80,구간단속,349
37.15973,129.34730,80,과속단속,305
37.24249,129.33750,80,구간단속,168
37.30925,129.28170,80,구간단속,148
35.19109,129.20744,50,과속단속,-1
35.15817,128.99294,50,과속단속,-1
35.15748,128.99374,50,과속단속,325
35.17103,129.03364,30,보호구역,-1
35.17092,129.03784,30,보호구역,-1
37.44027,126.65752,30,과속단속,-1
35.79256,127.11458,30,보호구역,269
35.41770,127.38423,40,보호구역,-1
37.04116,127.18989,40,과속단속,-1
37.43839,126.99483,50,과속단속,-1
37.42335,126.99357,30,보호구역,124
37.42787,127.00404,30,보호구역,-1
36.99818,127.12639,50,과속단속,223
35.06180,128.37271,30,보호구역,-1
35.69060,127.90235,30,과속단속,-1
37.63153,126.92417,30,보호구역,-1
37.53863,127.09769,30,과속단속,-1
37.38081,128.65999,30,보호구역,-1
37.58938,127.08000,50,보호구역,181
37.58996,127.08000,50,보호구역,181
37.57027,126.84071,30,보호구역,-1
37.56961,126.80740,30,보호구역,-1
37.55832,126.82323,30,보호구역,-1
37.38650,126.61230,30,과속단속,-1
37.38710,126.61390,30,과속단속,-1
37.49311,126.90649,30,보호구역,-1
37.52407,126.90341,30,보호구역,-1
35.48768,128.65703,100,구간단속,61
35.46650,128.52615,100,구간단속,82
35.46658,128.52607,100,구간단속,261
35.48620,128.65320,100,구간단속,246
37.86396,127.27962,50,과속단속,-1
37.83290,127.26786,70,과속단속,55
37.97472,127.32429,70,과속단속,44
37.94513,127.30084,70,과속단속,0
37.80466,127.17197,70,과속단속,-1
38.07725,127.07738,70,과속단속,-1
38.07638,127.07730,70,과속단속,-1
37.80183,127.34873,70,과속단속,313
37.81049,127.49785,70,과속단속,4
37.91068,127.03015,80,구간단속,210
37.96258,127.05655,80,구간단속,171
37.96747,127.05766,80,구간단속,9
37.91602,127.03644,80,구간단속,45
37.79110,127.08281,30,보호구역,-1
37.82075,127.07717,50,보호구역,-1
37.71554,126.95297,60,과속단속,-1
37.81740,127.08633,50,과속단속,-1
37.72379,126.98968,50,과속단속,-1
37.85615,126.78549,30,과속단속,-1
37.73860,127.20294,60,과속단속,28
37.61414,127.34060,50,과속단속,-1
37.75694,128.88162,50,과속단속,-1
36.34960,126.57062,60,과속단속,-1
36.33499,126.59422,70,과속단속,-1
36.21790,126.61265,60,과속단속,-1
36.34581,126.54969,60,과속단속,-1
37.49670,126.73030,50,과속단속,-1
37.50320,126.72550,30,과속단속,-1
36.56733,126.77589,110,과속단속,-1
35.13436,126.93923,30,과속단속,179
37.54184,127.00239,50,과속단속,128
35.53871,129.18352,50,과속단속,-1
37.66941,127.07815,30,보호구역,-1
37.66584,127.06653,30,보호구역,-1
37.52569,126.96630,50,과속단속,-1
37.25925,127.04109,50,과속단속,-1
37.25948,127.04103,50,과속단속,-1
36.33867,127.39717,30,보호구역,-1
36.33887,127.39683,30,보호구역,-1
36.34135,127.39740,50,보호구역,-1
37.39708,126.72816,50,과속단속,-1
37.39762,126.72868,50,과속단속,-1
37.45642,126.71453,50,과속단속,-1
37.42243,126.70923,50,과속단속,273
37.42300,126.69303,50,과속단속,86
37.42297,126.69380,50,과속단속,86
37.38498,126.63503,30,과속단속,-1
37.44463,126.67893,50,과속단속,-1
37.45619,126.65494,50,과속단속,-1
37.45603,126.64994,50,과속단속,-1
37.45645,126.64921,50,과속단속,-1
37.36893,127.60401,30,과속단속,-1
37.30964,127.55537,60,과속단속,-1
37.01550,127.27081,50,과속단속,-1
37.01573,127.27048,50,과속단속,-1
37.77200,126.43590,70,과속단속,-1
37.77230,126.43600,50,과속단속,-1
35.93786,126.97161,50,과속단속,-1
37.47601,127.10818,50,보호구역,-1
37.48253,127.10447,60,과속단속,-1
37.40244,127.93169,70,과속단속,-1
37.33408,127.98650,30,보호구역,297
37.32157,127.96425,30,보호구역,54
37.53750,127.08790,50,과속단속,73
37.53365,127.08869,30,과속단속,-1
37.15631,127.10733,50,과속단속,297
37.26291,127.25048,110,과속단속,178
37.30896,127.23079,110,과속단속,126
35.61223,129.37146,70,과속단속,355
35.61632,129.37090,70,과속단속,347
36.39480,127.42212,50,과속단속,352
38.13125,128.22454,70,과속단속,42
38.13625,128.23278,80,과속단속,244
34.74612,126.37896,30,보호구역,128
34.83380,127.35166,50,과속단속,-1
34.83436,127.34619,30,과속단속,-1
34.83466,127.34357,50,과속단속,-1
34.93453,127.53945,50,과속단속,293
34.94445,127.54101,50,과속단속,-1
35.17087,129.13553,50,과속단속,48
35.20952,129.06947,30,과속단속,-1
35.20926,129.06924,30,과속단속,-1
35.20213,129.10427,30,과속단속,-1
35.20070,129.06983,50,과속단속,-1
35.20801,129.08199,30,과속단속,-1
35.20833,129.08149,30,과속단속,-1
35.21375,129.09049,50,보호구역,-1
35.21387,129.09057,50,보호구역,-1
37.77086,128.89990,50,과속단속,-1
34.86996,128.72729,50,과속단속,-1
35.22465,128.50317,40,과속단속,-1
35.48200,127.68973,50,과속단속,-1
35.48200,127.68945,50,과속단속,-1
35.53965,127.74044,50,과속단속,-1
35.53964,127.74040,50,과속단속,-1
35.19398,127.83513,50,과속단속,-1
35.19400,127.83510,50,과속단속,-1
37.35259,126.71119,60,과속단속,232
37.48199,127.50155,50,과속단속,-1
36.82316,127.15274,50,과속단속,-1
35.21581,128.98946,50,과속단속,24
35.15089,128.94535,30,과속단속,-1
35.15074,128.94576,30,과속단속,-1
35.10084,128.92356,50,과속단속,-1
35.08424,128.90545,30,과속단속,-1
35.08441,128.90527,30,과속단속,-1
35.09893,128.91155,50,과속단속,-1
35.09882,128.91178,50,과속단속,-1
35.09839,128.91472,50,과속단속,-1
35.17618,128.95628,30,과속단속,-1
35.21482,128.95592,30,과속단속,-1
35.21475,128.95632,30,과속단속,-1
35.05067,128.96585,30,과속단속,-1
35.05290,128.96673,30,과속단속,-1
35.11500,128.96062,50,과속단속,273
35.09313,128.97214,30,과속단속,-1
35.09826,128.96275,30,과속단속,-1
35.10110,129.00376,30,과속단속,-1
35.08783,129.00334,50,과속단속,106
35.10102,128.98785,30,과속단속,-1
35.10022,128.97657,50,과속단속,-1
35.06835,128.98029,30,과속단속,-1
35.10371,128.99859,30,과속단속,-1
35.08754,129.06466,30,과속단속,-1
34.80858,127.97404,60,과속단속,75
34.77958,127.93290,30,과속단속,-1
36.77850,127.14032,50,과속단속,-1
36.49900,127.24020,70,과속단속,188
36.52200,127.24560,70,과속단속,226
36.52190,127.24580,70,과속단속,45
36.49890,127.24040,70,과속단속,10
35.21749,128.67162,50,과속단속,-1
35.20016,128.70266,60,과속단속,254
36.77901,127.55123,80,과속단속,36
36.86158,127.50940,80,과속단속,17
36.90277,127.53448,50,과속단속,-1
35.10237,128.99177,30,과속단속,-1
36.23881,127.27580,60,과속단속,-1
36.23893,127.27572,60,과속단속,-1
36.18560,127.09764,40,과속단속,-1
36.18566,127.09753,40,과속단속,-1
36.73002,127.50189,50,과속단속,342
36.73175,127.50118,60,과속단속,-1
36.98799,127.82862,30,보호구역,-1
35.12615,129.09465,30,과속단속,-1
35.12694,129.09221,30,과속단속,-1
35.12424,129.09455,30,과속단속,-1
35.14442,129.07171,30,과속단속,-1
35.14468,129.07186,30,과속단속,-1
35.12160,129.08430,30,과속단속,-1
37.36580,126.67840,60,과속단속,-1
37.36570,126.67850,60,과속단속,-1
37.71633,128.88951,50,과속단속,-1
35.13193,127.69463,60,과속단속,-1
35.05896,127.76700,50,과속단속,-1
35.18895,127.62206,60,과속단속,-1
35.18894,127.62210,60,과속단속,-1
35.15461,127.80177,50,과속단속,-1
35.15458,127.80183,50,과속단속,-1
34.98593,127.83830,30,보호구역,-1
34.98592,127.83829,30,보호구역,-1
35.01022,128.68453,30,보호구역,-1
35.01025,128.68449,30,과속단속,-1
34.77847,128.65207,50,과속단속,-1
34.77846,128.65207,50,과속단속,-1
37.38710,126.61480,50,과속단속,152
37.38740,126.61490,50,과속단속,343
36.62666,127.33196,30,보호구역,-1
36.54717,128.73789,50,과속단속,-1
34.85459,127.10948,50,과속단속,-1
34.72741,127.09149,70,과속단속,183
34.68797,127.08979,40,과속단속,-1
34.83499,127.34315,30,과속단속,70
34.83584,127.34326,30,과속단속,281
34.84003,127.28006,80,과속단속,262
34.83996,127.28028,80,과속단속,82
34.82724,126.45314,70,과속단속,234
34.81455,126.47096,60,과속단속,268
35.24068,129.01827,30,과속단속,-1
35.24181,129.01789,30,과속단속,-1
35.24029,129.01516,30,과속단속,-1
35.24184,129.01513,30,과속단속,-1
35.25516,129.01380,30,과속단속,-1
35.23179,129.00754,50,과속단속,-1
35.23174,129.01036,30,과속단속,-1
35.19539,129.01004,30,과속단속,-1
35.22810,129.00976,30,과속단속,-1
35.23065,129.01685,30,과속단속,-1
35.25193,129.01401,30,과속단속,-1
35.21810,129.03984,30,과속단속,-1
35.20673,129.03397,30,과속단속,-1
35.21031,129.03470,30,과속단속,-1
35.21021,129.03234,50,과속단속,-1
37.92915,128.79268,70,과속단속,326
35.15701,126.90077,50,과속단속,315
35.15408,126.90089,30,보호구역,-1
35.08887,126.94737,60,과속단속,-1
35.68017,127.90805,50,과속단속,268
35.32101,128.50948,60,과속단속,-1
37.50240,126.72540,30,과속단속,-1
36.47160,127.14110,30,보호구역,-1
36.37444,128.11029,60,과속단속,-1
35.22956,128.67114,50,과속단속,-1
35.23588,128.65499,50,과속단속,-1
35.80478,127.15065,30,보호구역,46
35.13999,128.70743,60,과속단속,353
35.40810,128.60938,60,과속단속,-1
35.75024,128.12720,50,과속단속,-1
35.22056,128.63259,60,과속단속,-1
34.75734,127.09442,50,과속단속,352
34.86945,128.41645,70,과속단속,328
36.67133,127.45377,50,과속단속,-1
36.66738,127.44835,50,과속단속,-1
36.66455,127.44506,50,과속단속,-1
36.66373,127.44603,50,과속단속,-1
36.66590,127.44955,50,과속단속,-1
35.93833,127.08319,100,과속단속,31
35.88480,126.92103,90,과속단속,271
35.88562,127.01829,90,과속단속,269
35.80453,126.49545,80,과속단속,-1
35.85267,126.63644,80,과속단속,256
35.85247,126.63649,80,과속단속,76
35.80435,126.49554,80,과속단속,-1
35.62700,126.70006,110,과속단속,204
35.75584,126.79805,110,과속단속,209
34.99685,128.23851,50,과속단속,-1
35.03927,128.46998,50,과속단속,-1
35.87487,128.81909,60,과속단속,-1
36.06900,129.39391,50,과속단속,-1
37.33242,127.94135,30,보호구역,-1
37.37450,127.94002,30,보호구역,-1
37.37452,127.94090,30,보호구역,-1
35.57877,128.23782,60,과속단속,-1
37.51970,126.70230,30,과속단속,-1
37.50860,126.73440,50,과속단속,-1
37.51170,126.72920,50,과속단속,273
37.52080,126.73730,30,과속단속,-1
35.18368,128.82361,60,과속단속,171
35.18377,128.82367,60,과속단속,350
37.92957,128.79196,70,과속단속,161
35.66563,129.33918,70,과속단속,172
35.66592,129.33928,70,과속단속,349
35.65428,129.35159,30,과속단속,-1
35.65455,129.35172,30,과속단속,-1
35.55980,129.37922,30,과속단속,-1
35.56006,129.37936,30,과속단속,-1
35.56564,129.22283,50,과속단속,-1
35.49133,129.41819,30,과속단속,-1
35.49137,129.41821,30,과속단속,-1
35.54815,129.27734,50,과속단속,-1
35.54793,129.27761,50,과속단속,-1
37.78390,126.39740,40,과속단속,325
37.75250,126.39870,30,과속단속,-1
37.65373,126.50485,30,과속단속,-1
37.72960,126.47450,30,과속단속,-1
37.73510,126.48290,30,과속단속,-1
37.75620,126.50100,40,과속단속,-1
37.63430,126.40620,40,과속단속,-1
37.67860,126.41680,40,과속단속,-1
37.70494,126.50541,40,과속단속,-1
37.72770,126.37820,40,과속단속,-1
37.73430,126.39040,40,과속단속,-1
37.63417,126.50409,40,과속단속,-1
37.62195,126.53324,60,과속단속,-1
36.00794,127.52066,30,보호구역,-1
35.68663,127.87344,60,과속단속,-1
34.96853,128.68826,30,과속단속,-1
34.96843,128.68822,30,과속단속,-1
35.21397,127.37155,60,과속단속,-1
35.17657,127.35249,50,과속단속,-1
35.12990,127.27929,50,과속단속,-1
35.12963,127.27800,50,과속단속,-1
35.25501,127.17257,50,과속단속,-1
35.26402,127.16090,60,과속단속,-1
35.27137,127.13473,50,과속단속,-1
35.27200,127.13513,50,과속단속,-1
35.19055,127.13347,30,과속단속,-1
35.19081,127.13356,30,과속단속,194
37.95484,127.22737,40,과속단속,-1
37.99139,127.18876,40,과속단속,-1
37.82867,127.14218,30,과속단속,-1
37.86897,127.17457,30,보호구역,-1
36.51709,126.79436,70,과속단속,17
36.51704,126.79438,70,과속단속,17
36.40383,126.94280,60,과속단속,-1
36.07564,126.68650,30,과속단속,-1
36.07547,126.68663,30,과속단속,-1
36.31753,127.44515,30,보호구역,-1
36.31726,127.44476,30,보호구역,-1
35.18166,128.69167,80,과속단속,104
35.22721,128.58743,70,과속단속,-1
35.24340,128.61105,70,과속단속,237
37.39612,126.65079,50,과속단속,41
35.99605,127.06316,80,과속단속,228
35.81764,127.34944,60,과속단속,19
35.81750,127.34904,60,과속단속,204
35.47559,126.69748,70,과속단속,-1
35.47539,126.69725,70,과속단속,-1
36.56750,126.77549,110,과속단속,206
35.95175,126.70641,50,과속단속,-1
34.64194,126.77592,30,과속단속,-1
34.64132,126.77656,30,과속단속,-1
37.23704,126.94160,50,과속단속,205
37.23732,126.94203,50,과속단속,25
36.89103,126.65475,50,과속단속,-1
36.90006,126.65428,50,과속단속,-1
36.90007,126.65416,50,과속단속,-1
36.89766,126.65117,30,보호구역,-1
36.89763,126.65119,30,보호구역,-1
36.90045,126.64980,50,보호구역,-1
35.05164,126.20244,60,과속단속,-1
35.08432,126.11267,30,과속단속,-1
34.76729,125.95284,50,과속단속,-1
34.75821,125.93054,50,과속단속,-1
36.06511,127.25643,60,과속단속,-1
36.06566,127.25607,60,과속단속,-1
35.87637,128.58757,50,과속단속,-1
37.38646,126.62893,30,과속단속,-1
37.38685,126.62851,30,과속단속,-1
37.38688,126.63215,30,과속단속,-1
37.41246,126.61774,30,과속단속,-1
37.60901,127.01553,30,보호구역,-1
37.59493,127.03609,50,보호구역,-1
37.66765,127.06073,30,보호구역,-1
35.17877,129.08419,30,과속단속,-1
35.19548,129.07732,30,과속단속,-1
35.18776,129.06629,30,과속단속,-1
35.18753,129.06618,30,과속단속,-1
35.17961,129.06818,30,과속단속,-1
35.21691,129.09455,30,과속단속,-1
35.21914,129.09961,30,과속단속,-1
35.21905,129.09876,30,과속단속,-1
35.23670,129.08297,30,과속단속,-1
35.22730,129.08338,30,과속단속,-1
35.22694,129.08357,30,과속단속,-1
35.24266,129.09319,50,과속단속,8
35.24258,129.09293,50,과속단속,187
35.26701,129.08684,30,과속단속,-1
35.21849,129.10475,30,과속단속,-1
35.21862,129.10494,30,과속단속,-1
35.16004,129.14352,50,과속단속,-1
35.16393,129.16068,30,과속단속,-1
35.16355,129.16765,50,과속단속,-1
35.16544,129.16290,30,과속단속,333
35.16396,129.17806,30,과속단속,-1
35.16823,129.18393,30,과속단속,-1
35.17378,129.16746,50,과속단속,-1
35.19056,129.20487,30,과속단속,-1
35.17969,129.17719,30,과속단속,-1
35.77806,127.00998,60,과속단속,-1
35.77815,127.00955,60,과속단속,-1
36.63560,127.16438,40,과속단속,-1
36.03401,129.36412,30,과속단속,308
36.03415,129.36379,30,과속단속,130
36.30855,128.80084,30,과속단속,-1
36.86474,128.85817,60,과속단속,-1
36.87809,128.74147,60,과속단속,-1
36.87848,128.74150,60,과속단속,-1
35.09753,128.06158,30,과속단속,-1
34.49359,126.50905,50,과속단속,-1
34.37392,126.59983,50,보호구역,-1
36.25621,126.54253,60,과속단속,-1
36.30907,126.52316,70,과속단속,-1
36.35107,126.65350,30,과속단속,-1
36.37629,126.62233,30,과속단속,-1
36.43928,126.84297,60,과속단속,-1
34.42691,126.52498,50,과속단속,-1
34.65884,126.57094,50,보호구역,-1
34.98627,127.74604,30,과속단속,-1
34.34009,127.05243,30,과속단속,-1
37.52430,126.54530,100,구간단속,226
37.55640,126.62250,100,구간단속,256
35.41213,127.38876,30,보호구역,-1
35.41240,127.38831,30,보호구역,-1
35.18035,128.11097,50,과속단속,-1
35.17972,128.11181,50,과속단속,87
35.15398,128.03552,80,과속단속,-1
35.59274,127.79808,80,과속단속,54
35.62503,127.81769,80,과속단속,-1
35.43524,128.34706,60,과속단속,-1
35.63368,127.89930,60,과속단속,-1
35.15155,128.55370,60,과속단속,-1
34.86367,128.71241,60,과속단속,31
35.43350,128.60266,80,과속단속,109
35.18847,128.80456,40,과속단속,68
35.23192,128.87215,60,과속단속,55
35.41079,129.16515,70,과속단속,-1
36.34302,127.37875,50,과속단속,-1
36.34265,127.37876,50,과속단속,-1
36.52520,127.26181,50,과속단속,288
37.44290,126.66410,50,과속단속,-1
37.44830,126.67580,40,과속단속,-1
37.46110,126.68020,50,과속단속,-1
37.50610,126.67840,50,과속단속,-1
36.67147,127.45873,50,과속단속,-1
36.22690,128.00365,30,보호구역,-1
36.20482,127.93093,30,보호구역,-1
35.85076,128.49218,60,과속단속,360
36.80319,127.05903,50,과속단속,-1
36.77256,127.04339,50,과속단속,30
36.77354,127.01346,50,과속단속,-1
36.77371,127.01365,50,과속단속,-1
36.79859,127.00824,50,과속단속,330
36.80994,126.97800,80,과속단속,80
36.77703,126.93479,50,과속단속,-1
36.77474,126.93231,50,과속단속,215
36.76967,126.92754,60,과속단속,41
36.75522,126.89922,60,과속단속,238
35.31470,128.95441,70,과속단속,-1
36.57379,128.75036,70,과속단속,349
36.57546,128.14771,60,과속단속,-1
38.19112,128.54073,50,과속단속,-1
38.17352,128.60458,60,과속단속,-1
37.75355,127.62094,60,과속단속,-1
37.88872,127.72497,30,보호구역,-1
36.99111,127.60132,30,보호구역,-1
37.77147,128.89080,50,과속단속,-1
37.29164,127.99090,100,과속단속,331
37.25886,128.03760,100,과속단속,315
36.44401,127.07276,60,과속단속,-1
36.44210,127.20000,70,과속단속,126
36.57160,127.17400,50,과속단속,-1
35.14511,128.71171,50,과속단속,-1
35.14815,128.71193,50,과속단속,-1
35.49135,129.30759,70,과속단속,-1
35.44642,129.33462,70,과속단속,-1
35.53296,129.30417,50,과속단속,328
35.53286,129.30318,50,과속단속,101
35.55316,129.30878,50,과속단속,145
35.55355,129.30908,50,과속단속,333
37.46640,126.63460,60,과속단속,218
36.90215,126.68420,60,과속단속,107
36.90234,126.68418,60,과속단속,231
36.84999,127.15543,50,과속단속,359
36.83945,127.15643,60,과속단속,277
36.85775,127.18601,60,과속단속,222
36.79805,127.13061,50,과속단속,24
36.82788,127.15894,30,과속단속,-1
36.82765,127.15861,30,과속단속,-1
35.14451,129.10800,30,과속단속,-1
35.14220,129.10639,30,과속단속,-1
35.14313,129.11376,30,과속단속,-1
35.11248,128.86961,60,과속단속,260
35.09560,128.91973,30,과속단속,-1
36.82484,127.81209,60,과속단속,194
36.79024,127.78459,30,보호구역,-1
36.08475,128.53825,60,과속단속,174
35.13262,128.86097,60,과속단속,138
35.16013,128.88681,60,과속단속,29
35.15986,128.88626,60,과속단속,203
35.22330,128.99224,70,과속단속,10
37.63853,127.05659,80,구간단속,135
37.63840,127.05646,80,구간단속,136
37.66689,127.05081,80,구간단속,330
37.56949,127.15621,80,과속단속,215
35.32422,129.26242,80,과속단속,237
35.32653,129.26713,80,과속단속,44
35.23600,129.16845,60,과속단속,72
36.69887,126.82913,60,과속단속,10
35.63551,128.02895,60,과속단속,-1
35.55231,128.14904,60,과속단속,-1
35.54670,128.28120,30,보호구역,-1
35.55580,128.16503,60,과속단속,-1
35.57883,128.23778,60,과속단속,-1
35.55580,128.16509,60,과속단속,-1
38.06342,128.16979,30,보호구역,-1
36.70612,127.42968,70,과속단속,43
36.12683,128.41452,50,과속단속,82
36.00062,129.33772,50,과속단속,-1
36.01883,129.37428,50,과속단속,-1
36.02545,129.33842,50,과속단속,339
36.03798,129.37185,50,과속단속,-1
36.82145,128.61332,50,과속단속,-1
36.43370,126.27270,60,과속단속,-1
36.43370,126.27250,60,과속단속,-1
36.37460,126.58170,40,과속단속,-1
36.37550,126.58160,40,과속단속,-1
35.68018,127.90803,50,과속단속,268
35.36481,129.04263,70,과속단속,-1
35.36480,129.04265,70,과속단속,-1
35.22267,128.59242,50,과속단속,-1
38.16153,128.59577,50,과속단속,-1
38.08667,128.66414,60,과속단속,-1
38.05990,128.68143,60,과속단속,-1
38.05875,128.68218,60,과속단속,-1
38.08628,128.66414,60,과속단속,-1
38.10802,128.64015,50,과속단속,-1
38.10785,128.64053,50,과속단속,-1
37.56230,126.63950,100,구간단속,50
37.53160,126.55540,100,구간단속,46
35.13372,127.24966,100,과속단속,211
35.21638,127.23255,100,과속단속,154
33.33051,126.67430,60,구간단속,-1
33.48166,126.48949,50,과속단속,-1
33.50970,126.54344,50,과속단속,-1
33.48065,126.52172,60,과속단속,-1
33.50392,126.50424,50,과속단속,-1
33.49587,126.49401,50,과속단속,-1
37.42135,126.90983,50,과속단속,-1
37.39445,126.92533,50,과속단속,-1
35.61848,127.75334,100,구간단속,98
35.66367,127.67553,100,구간단속,143
35.83248,127.85303,40,구간단속,-1
35.85799,127.83400,40,구간단속,-1
36.45445,126.59391,70,과속단속,41
36.31929,126.54767,70,과속단속,73
34.93197,127.71491,60,과속단속,-1
34.56731,126.64229,50,과속단속,-1
34.57090,126.60959,30,과속단속,-1
34.49871,126.47894,60,과속단속,-1
35.52295,129.33511,30,과속단속,-1
35.56961,129.33960,30,과속단속,-1
35.56959,129.33959,30,과속단속,-1
35.37014,127.91556,80,과속단속,319
34.93095,127.86664,70,과속단속,211
35.23122,128.56862,50,과속단속,113
35.48635,128.73072,60,과속단속,-1
35.23635,128.66409,60,과속단속,-1
35.12052,128.79941,80,과속단속,311
35.28114,128.41880,60,과속단속,95
35.15820,128.68389,60,과속단속,-1
35.49700,128.79494,50,과속단속,-1
35.49700,128.79495,50,과속단속,-1
35.47323,128.76591,30,과속단속,-1
34.97424,128.65571,50,과속단속,-1
34.97425,128.65591,50,과속단속,-1
35.52517,129.39049,70,과속단속,148
35.54796,129.36020,70,과속단속,113
37.37837,127.87011,30,보호구역,355
37.37812,127.87007,30,보호구역,170
33.38884,126.37654,60,과속단속,-1
33.41996,126.49205,60,과속단속,-1
34.94454,128.26648,50,과속단속,-1
35.10836,128.12463,30,과속단속,-1
34.98492,127.51437,50,과속단속,-1
34.91844,127.53873,50,과속단속,-1
34.91623,127.53371,70,과속단속,-1
35.18716,127.41469,60,구간단속,-1
35.16623,127.44837,60,구간단속,-1
35.12883,127.45027,80,과속단속,217
34.94816,127.50052,50,과속단속,-1
34.73172,127.72477,50,과속단속,-1
34.74067,127.72304,50,과속단속,-1
35.98662,126.71663,30,과속단속,-1
35.97540,126.73112,30,과속단속,-1
35.97781,126.68125,50,과속단속,31
35.68970,127.90513,30,보호구역,-1
35.68972,127.90506,30,보호구역,-1
37.60305,127.03593,50,과속단속,275
35.81217,126.92023,70,과속단속,222
35.76972,126.81666,40,과속단속,-1
35.85327,126.87416,80,과속단속,-1
35.88809,129.17992,30,보호구역,-1
35.88826,129.17950,30,보호구역,-1
35.85683,129.22871,60,과속단속,355
35.67810,128.69234,60,과속단속,-1
35.68350,128.86651,60,과속단속,-1
35.75208,128.93625,60,과속단속,-1
35.63422,129.34871,30,보호구역,-1
35.63363,129.34920,30,보호구역,-1
37.46074,127.17266,50,과속단속,15
37.46321,127.16090,50,과속단속,91
37.46323,127.16121,50,과속단속,91
36.51910,127.24571,30,과속단속,-1
35.94148,126.94201,50,과속단속,-1
35.93057,126.97903,50,과속단속,-1
35.93719,126.97224,30,과속단속,-1
35.07326,129.07308,50,과속단속,-1
35.08188,129.07078,50,과속단속,-1
35.09516,129.04455,30,과속단속,-1
35.09430,129.04548,30,과속단속,-1
35.08304,129.04282,30,과속단속,-1
35.13459,129.05954,50,과속단속,-1
35.12400,129.04025,30,과속단속,-1
35.12533,129.03868,30,과속단속,-1
35.08217,129.02210,30,과속단속,-1
35.09799,129.01699,30,과속단속,-1
35.08971,129.02347,30,과속단속,-1
35.10817,129.00924,30,과속단속,331
35.26417,129.22136,30,과속단속,-1
35.26439,129.22025,30,과속단속,-1
35.26462,129.22060,30,과속단속,-1
35.32903,129.17893,30,과속단속,-1
35.32970,129.28266,30,과속단속,-1
35.32010,129.17339,30,과속단속,-1
35.32016,129.17361,30,과속단속,-1
35.23866,129.21018,30,과속단속,-1
35.23789,129.21328,30,과속단속,-1
35.23785,129.21337,30,과속단속,-1
35.32680,129.17990,30,과속단속,-1
35.32624,129.17945,30,과속단속,-1
35.32615,129.17790,30,과속단속,-1
36.74847,127.56255,30,과속단속,-1
36.72289,127.44495,70,과속단속,32
36.57378,127.56760,70,과속단속,-1
36.61078,127.41167,80,과속단속,318
36.63443,127.45347,50,과속단속,86
36.62007,127.31507,50,과속단속,-1
36.62905,127.50692,50,과속단속,-1
36.77566,127.57594,50,과속단속,-1
36.45374,127.73354,70,과속단속,4
36.46069,127.73258,60,과속단속,-1
36.21296,127.48896,30,과속단속,-1
36.45080,127.03291,60,과속단속,-1
36.46194,127.04781,70,과속단속,313
36.26598,127.23184,70,과속단속,219
36.26593,127.23191,70,과속단속,37
36.27368,127.23564,70,과속단속,103
38.20988,128.58382,30,보호구역,-1
35.97987,126.70979,30,보호구역,-1
35.98002,126.71991,30,보호구역,-1
35.27767,128.83424,60,과속단속,-1
35.27760,128.83428,60,과속단속,127
35.04110,128.40730,30,과속단속,-1
34.99719,128.35765,30,과속단속,-1
35.04605,128.22087,50,과속단속,-1
34.94302,128.10912,50,과속단속,-1
35.88749,128.48223,30,과속단속,-1
35.21252,129.03345,30,과속단속,-1
35.21007,129.02255,30,과속단속,-1
35.26190,129.01783,30,과속단속,-1
35.26111,129.01629,30,과속단속,-1
35.20996,129.02923,30,과속단속,-1
35.14622,129.01973,30,과속단속,-1
35.17340,129.05200,30,과속단속,-1
35.17354,129.05238,30,과속단속,-1
35.17367,129.06948,50,과속단속,-1
35.15098,129.04838,30,과속단속,-1
35.14870,129.04977,30,과속단속,-1
35.15913,129.06221,30,과속단속,-1
35.16742,129.03296,30,과속단속,-1
35.16262,129.03640,30,과속단속,-1
35.14760,129.02806,30,과속단속,-1
35.15378,129.04457,30,과속단속,168
35.16735,128.97954,30,과속단속,-1
35.18467,129.00191,30,과속단속,-1
35.17417,128.98978,30,과속단속,-1
35.17445,128.98981,30,과속단속,-1
35.11050,129.11426,30,과속단속,-1
35.12466,129.07586,50,과속단속,273
35.13177,129.11041,30,과속단속,-1
35.13184,129.11040,30,과속단속,-1
35.10840,128.12471,30,과속단속,-1
35.08912,128.11861,30,과속단속,-1
35.08914,128.11861,30,과속단속,-1
37.13235,128.23128,30,보호구역,-1
37.13209,128.23145,30,보호구역,-1
37.12868,128.20306,30,보호구역,-1
37.12874,128.20273,30,보호구역,-1
37.13075,128.20362,30,보호구역,153
37.13091,128.20417,30,보호구역,-1
37.45383,126.74808,70,과속단속,11
37.57577,126.73607,60,과속단속,235
37.57796,126.73231,50,과속단속,291
37.49800,126.73040,50,과속단속,-1
37.50697,126.73609,50,과속단속,-1
37.52030,126.73250,50,과속단속,-1
37.51210,126.72100,50,과속단속,-1
37.48730,126.72910,50,과속단속,-1
37.59220,126.71320,50,과속단속,-1
37.59210,126.71340,50,과속단속,-1
35.87501,127.07545,30,보호구역,24
35.87481,127.07504,30,보호구역,-1
35.88543,127.02175,90,과속단속,89
35.88460,126.91862,90,과속단속,90
36.06604,127.10584,100,과속단속,339
36.06600,127.10569,100,과속단속,339
35.93826,127.08333,100,과속단속,31
35.35446,129.32472,30,과속단속,-1
35.55254,129.35902,60,과속단속,197
35.55272,129.35940,60,과속단속,17
35.57043,129.10106,50,과속단속,-1
35.57009,129.10129,50,과속단속,-1
35.47074,129.23640,30,과속단속,-1
35.39762,129.33343,30,과속단속,-1
35.54974,129.16298,30,과속단속,-1
35.53745,129.41886,60,과속단속,-1
35.49827,129.12313,30,과속단속,-1
35.49825,129.12315,30,과속단속,-1
35.48583,129.29879,30,과속단속,-1
35.48598,129.29873,30,과속단속,-1
34.99326,127.49416,30,보호구역,-1
36.42934,127.42167,50,과속단속,-1
34.72865,126.54795,80,과속단속,111
34.73589,126.50996,80,과속단속,112
36.46797,127.36212,80,과속단속,289
36.42499,127.41312,80,과속단속,317
36.42525,127.41236,80,과속단속,135
36.46660,127.36527,80,과속단속,120
35.95108,126.68552,30,보호구역,189
35.95136,126.68591,30,보호구역,12
35.95106,126.68563,30,보호구역,189
35.95137,126.68578,30,보호구역,12
35.96283,126.76711,30,보호구역,-1
35.96244,126.76746,30,보호구역,-1
35.96273,126.76708,30,보호구역,-1
35.96255,126.76751,30,보호구역,-1
35.96277,126.73933,30,보호구역,-1
35.96284,126.73941,30,보호구역,-1
35.96332,126.73904,30,보호구역,-1
35.96092,126.96542,30,보호구역,-1
35.57077,129.22775,30,과속단속,150
35.57617,129.09714,50,과속단속,-1
35.43401,129.31349,50,과속단속,-1
35.43432,129.31435,50,과속단속,-1
35.57397,129.24379,50,과속단속,-1
35.57429,129.24377,50,과속단속,-1
37.65121,126.87096,50,과속단속,-1
37.63014,126.88194,60,과속단속,-1
37.66372,126.76973,60,과속단속,143
37.67351,126.75416,50,과속단속,-1
37.68700,126.75966,60,과속단속,47
37.68764,126.86497,60,과속단속,-1
37.63047,126.87428,50,과속단속,-1
36.65053,129.15582,60,과속단속,-1
36.65403,129.10871,60,과속단속,-1
37.29168,127.11571,100,구간단속,267
37.29162,127.11571,100,구간단속,267
37.29157,127.11571,100,구간단속,87
37.26233,127.19774,100,구간단속,307
37.26228,127.19769,100,구간단속,307
37.26223,127.19765,100,구간단속,307
37.22639,126.97187,50,과속단속,-1
37.35748,127.10597,30,보호구역,-1
37.35851,127.10606,30,보호구역,-1
37.41797,126.87959,50,과속단속,-1
37.08684,127.05544,50,과속단속,-1
37.08710,127.05556,50,과속단속,-1
37.02747,127.05018,50,과속단속,-1
37.02732,127.05061,50,과속단속,-1
36.95030,126.99935,60,과속단속,83
37.00978,127.09086,50,과속단속,107
37.00917,127.08797,30,보호구역,26
37.38396,127.01112,60,과속단속,147
37.38238,127.01027,60,과속단속,-1
37.51074,127.39961,70,과속단속,58
37.48762,127.47954,60,과속단속,-1
37.46964,126.82419,50,과속단속,-1
37.51073,126.79884,50,과속단속,-1
37.47163,127.31531,30,보호구역,296
37.41663,127.24968,30,보호구역,-1
37.35890,127.15980,30,보호구역,-1
37.37750,127.00219,40,과속단속,-1
37.37772,127.00079,40,과속단속,-1
37.48155,127.54869,70,과속단속,263
37.43546,127.31598,30,보호구역,-1
37.43193,127.30805,50,과속단속,-1
37.43844,127.27983,50,과속단속,-1
37.43879,127.27960,50,과속단속,-1
36.97364,126.83641,50,과속단속,331
37.63246,126.92099,30,보호구역,-1
37.68627,127.05054,30,보호구역,-1
37.63602,127.04159,30,보호구역,-1
36.37126,128.02726,60,과속단속,-1
36.57546,128.18851,50,과속단속,-1
36.44613,127.93296,50,과속단속,-1
36.06916,129.39379,50,과속단속,-1
36.04588,129.32814,60,과속단속,231
36.11627,129.34339,50,과속단속,33
36.03115,129.34425,30,보호구역,-1
36.05263,129.36063,50,과속단속,39
35.93887,129.47148,70,과속단속,-1
35.97596,129.40233,50,과속단속,-1
35.96289,129.40290,50,과속단속,-1
36.00899,129.33985,60,과속단속,51
36.01187,129.34294,50,과속단속,117
35.99258,129.34397,50,과속단속,-1
36.01258,129.37074,50,과속단속,214
36.09036,128.11234,60,과속단속,-1
36.64542,128.19173,80,과속단속,-1
36.64417,128.16522,80,과속단속,77
36.64481,128.16861,80,과속단속,77
37.48392,126.89070,30,보호구역,-1
37.49069,126.83891,30,보호구역,-1
37.52071,126.93458,50,과속단속,51
37.49894,126.89586,50,과속단속,-1
37.49892,126.89613,50,과속단속,-1
37.50133,126.89694,50,과속단속,-1
37.50183,126.89707,50,과속단속,-1
38.10770,127.27802,70,과속단속,-1
38.13164,127.25150,70,과속단속,-1
38.14250,127.24368,70,과속단속,-1
38.12152,127.27183,70,과속단속,-1
37.90708,127.05810,40,보호구역,-1
37.90861,127.05074,50,보호구역,-1
35.15919,126.91367,50,과속단속,-1
35.15930,126.91406,50,과속단속,-1
35.59163,128.88779,80,구간단속,194
35.76566,128.13621,40,과속단속,-1
35.76566,128.13621,60,과속단속,-1
35.61073,128.02390,40,과속단속,-1
36.42950,127.82289,50,과속단속,-1
35.63645,128.06512,50,과속단속,-1
35.56102,128.25489,50,과속단속,-1
35.56099,128.32316,60,과속단속,-1
35.70163,128.06589,70,과속단속,-1
35.56789,128.16688,50,과속단속,-1
35.72256,128.10338,30,과속단속,-1
35.62738,128.04279,40,과속단속,-1
35.54791,128.11199,70,과속단속,-1
35.55163,128.11193,70,과속단속,-1
35.54718,128.30154,60,과속단속,-1
35.45439,128.04647,60,과속단속,-1
35.57265,128.14818,60,과속단속,162
35.57629,128.19268,60,과속단속,-1
35.51840,127.98237,50,과속단속,-1
35.51078,127.95384,50,과속단속,-1
35.62976,128.20477,80,과속단속,203
35.55538,128.31553,60,과속단속,-1
35.69646,128.16731,50,과속단속,-1
35.40824,128.12038,30,과속단속,-1
35.41203,128.12028,30,과속단속,-1
35.43615,128.03352,30,과속단속,-1
35.44038,128.14688,30,과속단속,-1
35.56941,128.15357,30,과속단속,-1
35.62886,128.32092,30,과속단속,-1
35.75808,128.13654,30,과속단속,-1
35.65864,128.11153,30,과속단속,-1
35.53999,128.11340,30,과속단속,-1
35.51725,128.17371,30,과속단속,-1
35.43623,128.14341,80,과속단속,26
35.57425,128.21611,50,과속단속,-1
35.57440,128.21557,50,과속단속,-1
35.61413,128.23818,50,과속단속,-1
35.55921,128.26363,30,과속단속,-1
35.55730,128.26855,50,과속단속,-1
35.56486,128.16259,30,과속단속,-1
35.56505,128.16296,30,과속단속,-1
35.69646,128.16731,60,과속단속,-1
35.40824,128.12038,50,과속단속,-1
35.54718,128.30154,70,과속단속,-1
35.55921,128.26363,70,과속단속,-1
35.45439,128.04647,70,과속단속,-1
35.40824,128.12038,80,과속단속,-1
35.51725,128.17371,80,과속단속,-1
35.56138,128.34869,60,과속단속,-1
35.75808,128.13654,60,과속단속,-1
35.55730,128.26855,70,과속단속,-1
35.43874,128.16842,60,과속단속,-1
35.05172,126.98549,50,과속단속,-1
34.99760,126.91760,30,과속단속,-1
35.05913,126.95618,60,과속단속,-1
35.05118,126.95058,60,과속단속,256
35.08325,126.91408,60,과속단속,360
35.06162,127.00030,50,과속단속,-1
35.01292,126.91187,30,과속단속,-1
34.93661,126.95459,30,과속단속,-1
34.94085,126.95736,30,과속단속,-1
35.05419,126.99932,30,과속단속,-1
35.05493,126.99489,30,과속단속,-1
35.06029,126.99649,30,과속단속,-1
35.06873,126.99018,30,과속단속,-1
35.06575,126.98560,30,과속단속,-1
34.99936,126.94170,60,과속단속,-1
35.05132,126.97236,40,과속단속,356
35.11711,127.04352,30,과속단속,-1
35.06556,126.98414,30,과속단속,-1
35.06132,126.99494,30,과속단속,-1
34.97922,127.00464,30,과속단속,-1
34.94904,126.95909,30,과속단속,-1
34.87556,126.97020,30,과속단속,-1
34.94594,126.89276,30,과속단속,-1
35.05624,126.99481,30,과속단속,-1
34.88342,126.98911,30,과속단속,-1
35.05204,126.96487,30,과속단속,-1
35.16837,127.13248,30,과속단속,-1
35.00823,127.09233,30,과속단속,-1
35.07254,127.12774,30,과속단속,-1
35.03159,127.04259,30,과속단속,-1
35.01355,126.90783,30,과속단속,-1
34.98777,126.91068,30,과속단속,-1
34.98817,126.95628,30,과속단속,-1
35.06465,127.06647,30,과속단속,-1
35.05315,126.97278,50,과속단속,-1
35.87709,127.50521,50,구간단속,-1
35.72444,127.37867,50,구간단속,-1
35.83742,127.34811,80,구간단속,-1
35.87020,127.43592,40,구간단속,-1
35.83770,127.36741,60,구간단속,-1
35.89740,127.55218,60,구간단속,-1
35.87667,127.50494,60,구간단속,-1
35.37619,127.35047,60,구간단속,-1
35.83793,127.34780,80,구간단속,-1
35.71108,127.40620,60,구간단속,-1
35.86739,127.54833,60,구간단속,-1
38.06381,128.17100,30,보호구역,-1
38.06370,128.17092,30,보호구역,-1
38.23050,128.20730,30,보호구역,-1
38.07343,128.18040,30,보호구역,-1
38.11895,128.20040,30,보호구역,-1
37.96984,128.08286,30,보호구역,-1
37.87307,128.26070,30,보호구역,-1
37.91112,128.28723,30,보호구역,-1
37.95817,128.31805,30,보호구역,-1
38.12741,128.20665,30,보호구역,-1
38.06402,128.17078,30,보호구역,-1
38.22967,128.20761,30,보호구역,-1
38.07305,128.17949,30,보호구역,-1
38.11926,128.20078,30,보호구역,-1
38.16195,128.20718,60,과속단속,-1
37.90551,128.28095,60,과속단속,-1
37.92462,128.29093,60,과속단속,-1
37.94451,128.31428,60,과속단속,-1
38.04373,128.20600,60,과속단속,-1
37.93625,128.06230,80,과속단속,17
37.97546,128.08370,80,과속단속,65
37.98738,128.10032,80,과속단속,218
38.05502,128.16220,80,과속단속,211
38.06477,128.17515,80,과속단속,39
38.12164,128.20918,80,과속단속,217
38.13642,128.23295,80,과속단속,-1
38.18448,128.29381,80,과속단속,271
38.19471,128.32672,80,과속단속,265
38.19795,128.34312,80,과속단속,247
38.22085,128.39044,70,과속단속,278
38.21551,128.36131,80,과속단속,43
38.19447,128.32717,80,과속단속,85
38.08782,128.18142,80,과속단속,345
38.06447,128.17494,80,과속단속,39
38.04261,128.15712,80,과속단속,228
38.01803,128.13080,80,과속단속,-1
37.99182,128.10638,80,과속단속,37
37.93625,128.06231,80,과속단속,17
37.92469,128.05959,80,과속단속,-1
38.06341,128.16979,30,보호구역,-1
37.32104,126.92965,50,과속단속,-1
37.35519,126.95821,50,과속단속,55
37.35516,126.96006,50,과속단속,-1
37.32834,126.91718,50,과속단속,-1
37.32883,126.91661,50,과속단속,-1
37.35910,126.93854,30,과속단속,-1
37.35912,126.93854,30,과속단속,-1
37.31549,126.91691,50,과속단속,-1
37.35391,126.94093,30,과속단속,-1
37.35376,126.94198,30,과속단속,-1
37.34803,126.95782,30,과속단속,-1
37.34871,126.95884,30,과속단속,-1
37.34932,126.94100,30,과속단속,-1
37.35006,126.93909,30,과속단속,-1
37.35414,126.94995,50,과속단속,-1
37.35374,126.94942,50,과속단속,-1
37.37228,126.94486,30,과속단속,-1
37.34479,126.95733,30,과속단속,-1
37.35604,126.93224,50,과속단속,-1
37.36382,126.94440,30,과속단속,-1
37.34094,126.93442,30,과속단속,-1
37.34098,126.93442,30,과속단속,-1
37.37057,126.92659,50,과속단속,18
37.35531,126.94652,50,과속단속,-1
37.32168,126.94175,50,과속단속,-1
37.36215,126.92749,50,과속단속,-1
37.35431,126.94644,50,과속단속,195
37.35997,126.92822,50,과속단속,-1
37.33314,126.92660,50,과속단속,178
37.37481,126.94572,50,과속단속,-1
37.32915,126.93012,50,과속단속,-1
37.36577,126.92748,50,과속단속,-1
37.33512,126.93686,50,과속단속,-1
37.33516,126.93686,50,과속단속,-1
37.35257,126.92712,50,과속단속,-1
37.33305,126.92541,50,과속단속,-1
37.36348,126.94632,50,과속단속,-1
37.35561,126.92691,50,과속단속,-1
37.34909,126.95510,50,과속단속,-1
37.36069,126.93259,50,과속단속,326
37.36158,126.92870,50,과속단속,-1
37.36594,126.93060,30,과속단속,-1
37.32314,126.94114,30,과속단속,-1
37.34594,126.93950,30,과속단속,-1
37.32663,126.91091,30,과속단속,-1
37.36148,126.92436,30,과속단속,-1
37.36629,126.93141,30,과속단속,-1
37.36056,126.93708,50,과속단속,-1
37.34824,126.94193,50,과속단속,-1
37.34635,126.94308,50,과속단속,-1
37.35527,126.94467,50,과속단속,-1
37.34183,126.93933,50,과속단속,-1
37.37106,126.94132,50,과속단속,-1
37.35664,126.94680,50,과속단속,-1
37.34657,126.95476,30,과속단속,-1
37.34824,126.94193,30,과속단속,-1
37.36879,126.93459,30,과속단속,-1
37.36878,126.93459,30,과속단속,-1
37.32938,126.91522,30,과속단속,-1
37.34387,126.94529,30,과속단속,-1
37.36040,126.91808,30,과속단속,-1
37.36461,126.92017,30,과속단속,-1
37.36646,126.94123,30,과속단속,-1
37.37585,126.94086,30,과속단속,-1
37.37577,126.93963,30,과속단속,222
37.37424,126.93385,30,과속단속,-1
37.34299,126.95082,50,과속단속,-1
37.36633,126.93992,30,과속단속,-1
37.36540,126.93927,30,과속단속,337
37.36981,126.93741,50,과속단속,-1
37.36899,126.93150,50,과속단속,-1
37.37246,126.93580,50,과속단속,-1
37.35794,126.93158,50,과속단속,-1
37.35319,126.92576,30,과속단속,-1
37.34451,126.94527,30,과속단속,-1
37.37333,126.93296,30,과속단속,-1
37.35526,126.91977,30,과속단속,-1
37.34227,126.94078,30,과속단속,-1
37.33864,126.93278,30,과속단속,-1
37.33869,126.93278,30,과속단속,-1
37.36627,126.94187,30,과속단속,-1
37.36589,126.94092,30,과속단속,-1
37.35001,126.94472,50,과속단속,-1
37.34745,126.94151,50,과속단속,299
37.35922,126.91942,30,과속단속,-1
37.35931,126.94069,30,과속단속,-1
37.35326,126.93456,30,과속단속,-1
37.34694,126.95611,30,과속단속,-1
37.31799,126.92119,30,과속단속,-1
37.37066,126.92916,30,과속단속,-1
37.32649,126.91975,60,과속단속,29
37.32320,126.93565,50,과속단속,-1
37.35898,126.93078,50,과속단속,147
37.35703,126.93232,50,과속단속,-1
37.36226,126.94139,50,과속단속,56
37.36812,126.93794,30,과속단속,-1
37.35701,126.92934,50,과속단속,-1
37.33006,126.92801,50,과속단속,-1
37.35731,126.93729,50,과속단속,-1
37.32466,126.94489,50,과속단속,-1
37.34945,126.92597,50,과속단속,-1
37.34592,126.94407,50,과속단속,-1
37.37229,126.94339,50,과속단속,-1
35.16967,128.98364,50,과속단속,-1
35.15141,128.99785,50,과속단속,-1
35.16533,128.97725,30,과속단속,-1
35.13721,128.99338,30,과속단속,-1
35.15378,128.99827,50,과속단속,-1
35.18301,128.99067,30,과속단속,-1
35.15394,129.01115,30,과속단속,266
35.16742,128.98372,30,과속단속,-1
35.18936,128.98605,30,과속단속,-1
35.16518,128.99040,30,과속단속,318
35.16137,128.99116,50,과속단속,355
35.15422,129.01442,30,과속단속,-1
35.15344,129.01439,50,과속단속,-1
35.16856,128.98039,30,과속단속,-1
35.12731,128.96599,50,과속단속,-1
35.16271,128.98634,50,과속단속,-1
35.16246,128.98136,50,과속단속,-1
35.16288,128.98418,50,과속단속,-1
35.12840,128.97438,30,과속단속,-1
35.12861,128.97327,30,과속단속,-1
35.16513,128.99050,50,과속단속,318
35.12324,128.96400,50,과속단속,-1
35.15481,128.99600,50,과속단속,317
35.17776,128.98273,50,과속단속,-1
35.17129,128.98287,50,과속단속,-1
35.16192,128.98688,50,과속단속,-1
35.12918,128.97037,50,과속단속,-1
35.13877,128.97916,30,과속단속,-1
35.13175,128.96678,50,과속단속,-1
35.18833,128.99079,50,과속단속,-1
35.16422,128.98338,50,과속단속,-1
35.16421,128.98395,50,과속단속,-1
35.15260,129.00567,50,과속단속,-1
35.09415,128.90679,60,과속단속,276
35.21610,128.95531,60,과속단속,-1
35.09751,128.90533,60,과속단속,-1
35.10046,128.92089,60,과속단속,-1
35.09413,128.91491,60,과속단속,-1
35.09934,128.91507,60,과속단속,-1
35.08523,128.90041,60,과속단속,-1
35.19634,128.89527,60,과속단속,-1
35.14755,128.88045,60,과속단속,-1
35.09309,128.85314,60,과속단속,-1
35.08395,128.89999,60,과속단속,-1
35.08394,128.89999,60,과속단속,-1
35.10849,128.93089,60,과속단속,-1
35.19145,128.91756,60,과속단속,-1
35.16420,128.95323,60,과속단속,-1
35.08735,128.90319,60,과속단속,-1
35.09109,128.90878,60,과속단속,-1
35.14474,128.87369,60,과속단속,-1
35.11489,128.88639,60,과속단속,222
35.21020,128.97393,60,과속단속,180
35.14763,128.87494,60,과속단속,-1
35.08493,128.87747,60,과속단속,-1
35.08666,128.89945,60,과속단속,207
35.08498,128.91153,60,과속단속,-1
35.08125,128.90774,60,과속단속,-1
35.09492,128.92237,60,과속단속,-1
35.10952,128.92270,60,과속단속,-1
35.17294,128.94683,60,과속단속,-1
35.17287,128.94580,60,과속단속,-1
35.10268,128.92400,60,과속단속,-1
35.10266,128.92400,60,과속단속,-1
35.10368,128.92838,60,과속단속,136
35.09579,128.91657,60,과속단속,-1
35.09666,128.90979,60,과속단속,-1
35.09533,128.91918,60,과속단속,-1
35.15115,128.83607,60,과속단속,-1
35.08448,128.87295,60,과속단속,-1
35.09849,128.84895,60,과속단속,-1
35.09834,128.92048,60,과속단속,-1
35.21779,128.93733,60,과속단속,-1
35.12730,128.85477,60,과속단속,233
35.17744,128.95756,60,과속단속,-1
35.08432,128.90359,60,과속단속,206
35.18200,128.95420,60,과속단속,-1
35.18067,128.95276,60,과속단속,217
35.15924,128.88603,60,과속단속,202
35.21264,128.98204,60,과속단속,-1
35.21119,128.97975,60,과속단속,278
35.08952,128.85327,60,과속단속,-1
35.11178,129.01183,30,과속단속,-1
35.07578,129.01601,30,과속단속,-1
35.07828,129.02470,30,과속단속,-1
35.07709,129.02350,30,과속단속,-1
35.10192,129.01956,50,과속단속,-1
35.08259,129.01837,30,과속단속,-1
35.08991,129.02357,30,과속단속,-1
35.10831,129.02215,30,과속단속,-1
35.11382,129.01727,30,과속단속,-1
35.10597,129.01992,30,과속단속,-1
35.09924,129.02128,30,과속단속,-1
35.10760,129.01774,30,과속단속,-1
35.10944,129.02295,30,과속단속,31
35.11197,129.02418,30,과속단속,-1
35.10929,129.01277,30,과속단속,-1
35.11897,129.01813,30,과속단속,116
35.09927,129.02425,30,과속단속,-1
35.11499,129.01243,30,과속단속,-1
35.06293,129.01939,30,과속단속,-1
35.07889,129.02154,30,과속단속,-1
35.07664,129.02340,30,과속단속,-1
35.10785,129.01679,30,과속단속,-1
35.10740,129.01613,30,과속단속,-1
35.07624,129.02300,30,과속단속,-1
35.11948,129.01723,30,과속단속,-1
35.09699,129.02222,50,과속단속,-1
35.07720,129.01603,30,과속단속,-1
35.09832,129.02446,50,과속단속,-1
35.11995,129.01634,30,과속단속,-1
35.11653,129.01304,50,과속단속,328
35.09497,129.02441,50,과속단속,-1
35.11281,129.01614,50,과속단속,-1
35.10105,129.01922,50,과속단속,-1
35.08851,129.02422,50,과속단속,-1
35.11127,129.00991,30,과속단속,-1
37.20686,127.00882,30,과속단속,325
37.21872,126.98874,30,과속단속,-1
37.22117,126.97866,50,과속단속,-1
37.22607,126.98759,60,과속단속,306
37.17222,126.95018,60,과속단속,-1
37.16674,126.95751,50,과속단속,-1
37.22369,126.97629,50,과속단속,-1
37.24999,126.78942,70,과속단속,270
37.21641,127.05135,30,과속단속,-1
37.20013,127.03819,30,과속단속,-1
37.19985,127.03754,30,과속단속,-1
37.20025,127.03075,60,과속단속,256
37.19782,127.04859,60,과속단속,-1
37.20437,127.01078,60,과속단속,318
37.21503,126.99906,60,과속단속,140
37.20652,127.00880,30,과속단속,149
37.20266,127.03072,30,과속단속,-1
37.20881,127.01321,30,과속단속,-1
37.20915,127.01219,30,과속단속,-1
37.21747,127.05072,30,과속단속,75
37.21559,127.05200,50,과속단속,-1
37.21966,127.04938,50,과속단속,-1
37.21664,127.04719,50,과속단속,244
37.20457,127.03362,50,과속단속,-1
37.20038,127.03098,50,과속단속,223
37.20080,127.02372,30,과속단속,-1
37.19938,127.01669,60,과속단속,292
37.20492,127.00498,30,과속단속,-1
37.20691,127.00947,30,과속단속,-1
37.20127,127.04454,30,과속단속,-1
37.20090,127.04484,30,과속단속,-1
37.23611,127.04274,50,과속단속,-1
37.23226,127.05985,30,과속단속,-1
37.23239,127.05860,30,과속단속,-1
37.20893,127.04612,50,과속단속,-1
37.20566,127.04509,30,과속단속,-1
37.21143,127.01352,30,과속단속,-1
37.22359,127.05927,30,과속단속,-1
37.22100,126.98668,30,과속단속,-1
37.21031,127.04087,30,과속단속,-1
37.23706,127.06436,30,과속단속,-1
37.20956,127.03707,30,과속단속,-1
37.20821,127.05142,30,과속단속,-1
37.20116,127.02580,30,과속단속,113
37.20092,127.02647,30,과속단속,108
37.23361,127.05825,30,과속단속,-1
37.20417,127.04407,50,과속단속,-1
37.21226,127.04501,30,과속단속,-1
37.21588,127.04367,30,과속단속,-1
37.21701,127.04055,30,과속단속,-1
37.20882,127.01208,50,과속단속,-1
37.20953,127.03766,50,과속단속,-1
37.21285,127.04737,30,과속단속,-1
37.17156,126.97575,60,과속단속,-1
37.21485,127.03583,50,과속단속,-1
37.21523,127.04463,30,과속단속,58
37.20298,127.04086,30,과속단속,-1
37.20219,127.03662,30,과속단속,-1
37.23396,127.06625,30,과속단속,-1
37.20158,127.04813,30,과속단속,-1
37.20156,127.04870,30,과속단속,-1
37.20886,127.04039,30,과속단속,-1
37.20886,127.04039,50,과속단속,-1
37.20666,127.04176,30,과속단속,-1
37.18931,127.08820,60,과속단속,360
37.19658,127.09020,40,과속단속,-1
37.20578,127.08816,60,과속단속,181
37.20302,127.04180,30,과속단속,-1
37.20290,127.04224,30,과속단속,-1
37.20083,127.04118,30,과속단속,-1
37.20078,127.04150,30,과속단속,-1
37.17073,127.10727,60,과속단속,-1
37.19437,127.08109,60,과속단속,-1
37.18972,127.08904,30,과속단속,-1
37.16304,127.08715,60,과속단속,190
37.19399,127.09279,60,과속단속,283
37.20339,127.09281,40,과속단속,0
37.21240,127.09223,30,과속단속,-1
37.20761,127.09283,30,과속단속,0
37.20754,127.09312,30,과속단속,0
37.20661,127.06031,30,과속단속,-1
37.20708,127.06169,30,과속단속,-1
37.20149,127.05482,30,과속단속,-1
37.20600,127.05946,30,과속단속,-1
37.19533,127.09177,30,과속단속,-1
37.19637,127.09019,30,과속단속,-1
37.18913,127.09128,30,과속단속,-1
37.19566,127.08896,30,과속단속,-1
37.22385,127.05425,40,과속단속,-1
37.22320,127.05013,30,과속단속,-1
37.22800,127.04642,30,과속단속,-1
37.22374,127.04993,30,과속단속,-1
37.21803,127.05337,30,과속단속,-1
37.21773,127.05192,30,과속단속,73
37.22764,127.04650,30,과속단속,-1
37.16784,127.10660,60,과속단속,180
37.17516,127.10554,30,과속단속,-1
37.21400,127.10115,60,과속단속,48
37.18630,127.10053,50,과속단속,273
37.18666,127.08926,40,과속단속,94
37.17169,127.11951,60,과속단속,13
37.17550,127.12382,50,과속단속,-1
37.17394,127.12214,50,과속단속,277
37.18316,127.11974,50,과속단속,282
37.20893,127.06687,30,과속단속,-1
37.20926,127.05610,30,과속단속,-1
37.20807,127.05444,30,과속단속,-1
37.20715,127.05815,30,과속단속,-1
37.21008,127.05810,30,과속단속,-1
37.15965,127.11081,30,과속단속,-1
37.16082,127.10883,30,과속단속,-1
37.16382,127.11030,30,과속단속,-1
37.16211,127.09770,30,과속단속,-1
37.16291,127.09614,30,과속단속,-1
37.20453,127.10876,30,과속단속,-1
37.20455,127.10848,30,과속단속,-1
37.19973,127.11999,30,과속단속,-1
37.19654,127.11971,30,과속단속,-1
37.21639,127.08813,60,과속단속,-1
37.21606,127.09396,60,과속단속,283
37.21120,127.07246,60,과속단속,47
37.20701,127.06893,60,과속단속,24
37.20523,127.06759,60,과속단속,196
37.19186,127.07403,60,과속단속,309
37.19690,127.06877,40,과속단속,335
37.20012,127.06765,40,과속단속,351
37.20398,127.06785,60,과속단속,11
37.19584,127.06960,30,과속단속,330
37.20458,127.08978,60,과속단속,90
37.20828,127.07353,60,과속단속,321
37.20737,127.07368,60,과속단속,304
37.20716,127.07457,60,과속단속,128
37.21302,127.06187,60,과속단속,-1
37.21384,127.06231,60,과속단속,317
37.21215,127.10321,60,과속단속,-1
37.20736,127.10535,30,과속단속,-1
37.20599,127.10361,30,과속단속,-1
37.20901,127.10389,60,과속단속,90
37.20534,127.10312,30,과속단속,-1
37.18734,127.08762,40,과속단속,-1
37.16726,126.98495,30,과속단속,-1
37.17328,126.98409,50,과속단속,-1
37.21874,126.96739,50,과속단속,-1
37.20352,127.11723,30,과속단속,99
37.20282,127.11022,50,과속단속,-1
37.20458,127.08978,30,과속단속,90
37.19732,127.11162,50,과속단속,-1
37.20288,127.11704,30,과속단속,-1
37.19993,127.11689,30,과속단속,-1
37.19993,127.11689,50,과속단속,-1
37.19584,127.11618,50,과속단속,-1
37.19695,127.10409,50,과속단속,-1
37.19430,127.08801,40,과속단속,90
37.20555,127.06626,30,과속단속,-1
37.20956,127.06115,50,과속단속,116
37.16310,126.98936,60,과속단속,-1
37.16729,126.98428,30,과속단속,-1
37.15830,126.98958,60,과속단속,-1
37.16509,126.98433,50,과속단속,-1
37.15568,126.96676,60,과속단속,-1
37.15155,126.97130,50,과속단속,-1
37.15132,126.97284,30,과속단속,-1
37.20193,127.07050,50,과속단속,-1
37.20193,127.07050,60,과속단속,-1
37.23608,126.94087,50,과속단속,205
37.23743,126.94227,50,과속단속,25
37.20415,127.08442,50,과속단속,151
37.22200,127.07617,50,과속단속,-1
37.21285,127.07928,50,과속단속,162
37.21309,127.05726,30,과속단속,-1
37.20855,127.05308,30,과속단속,-1
37.15776,127.12201,70,과속단속,8
37.17534,127.12453,70,과속단속,192
37.14084,127.01756,30,과속단속,-1
37.16737,127.00109,60,과속단속,-1
37.16782,127.00085,60,과속단속,-1
37.16267,126.97580,50,과속단속,-1
37.16513,126.97865,60,과속단속,-1
37.16451,126.98282,50,과속단속,-1
37.16852,126.98476,30,과속단속,-1
37.16848,126.98490,30,과속단속,-1
37.16412,127.00761,30,과속단속,-1
37.16358,127.00790,30,과속단속,-1
37.18938,126.97786,30,과속단속,-1
37.16217,126.96710,60,과속단속,145
37.15579,126.96625,60,과속단속,-1
37.15214,126.96313,60,과속단속,-1
37.17478,126.97826,60,과속단속,-1
37.17746,126.97793,60,과속단속,149
37.13813,126.90566,50,과속단속,-1
37.13794,126.90565,50,과속단속,-1
37.22679,127.06435,50,과속단속,-1
37.22418,127.06347,50,과속단속,-1
37.23014,127.06877,60,과속단속,-1
37.18718,127.00579,50,과속단속,-1
37.18292,126.99419,60,과속단속,-1
37.18331,127.00086,50,과속단속,-1
37.19377,127.00560,50,과속단속,-1
37.19343,127.00512,50,과속단속,-1
37.23614,127.06192,50,과속단속,-1
37.23556,127.06173,50,과속단속,32
37.14652,127.01069,60,과속단속,-1
37.14725,127.01023,60,과속단속,-1
37.14098,127.02447,50,과속단속,-1
37.19349,126.82138,30,과속단속,-1
37.16215,127.10350,30,과속단속,-1
37.21708,127.10933,30,과속단속,-1
37.21768,127.10870,30,과속단속,-1
37.20830,127.11499,30,과속단속,-1
37.20654,127.11409,30,과속단속,-1
37.21180,127.11165,30,과속단속,-1
37.16138,127.09806,30,과속단속,-1
37.18189,127.10900,30,과속단속,-1
37.17985,127.11292,30,과속단속,-1
37.17532,127.11261,30,과속단속,-1
37.17518,127.10588,30,과속단속,339
37.19968,127.09894,60,과속단속,0
37.15985,127.10399,60,과속단속,-1
37.15982,127.10376,60,과속단속,-1
37.18148,127.10258,60,과속단속,150
37.19395,127.09865,60,과속단속,180
37.21458,127.10035,60,과속단속,-1
37.17389,127.10031,30,과속단속,-1
37.17006,127.11269,30,과속단속,-1
37.16809,127.11359,30,과속단속,-1
37.15795,127.11595,50,과속단속,-1
37.16089,127.11023,50,과속단속,-1
37.16164,127.11751,50,과속단속,-1
37.15979,127.11312,30,과속단속,-1
37.16303,127.10488,30,과속단속,-1
37.17391,127.11064,30,과속단속,-1
37.16864,127.08754,30,과속단속,-1
37.21074,127.07807,30,과속단속,-1
37.20910,127.07501,30,과속단속,-1
37.19288,127.07872,30,과속단속,-1
37.19683,127.07353,30,과속단속,-1
37.17132,127.12672,60,과속단속,-1
37.19868,127.11079,30,과속단속,-1
37.19833,127.10784,30,과속단속,-1
37.19968,127.10058,30,과속단속,-1
37.19900,127.10216,30,과속단속,-1
37.20089,127.10557,30,과속단속,-1
37.17522,127.10397,30,과속단속,-1
37.18051,127.11436,30,과속단속,-1
37.17498,127.10202,30,과속단속,-1
37.17233,127.10215,30,과속단속,90
37.17219,127.11368,30,과속단속,95
37.17598,127.11446,30,과속단속,-1
37.17278,127.11384,30,과속단속,-1
37.17250,127.10255,50,과속단속,90
37.17250,127.10255,30,과속단속,90
37.17183,127.12152,30,과속단속,-1
37.20984,127.10465,30,과속단속,-1
37.20379,127.11304,60,과속단속,331
37.20936,127.10123,50,과속단속,270
37.20944,127.09007,60,과속단속,270
37.20890,127.08993,60,과속단속,-1
37.16527,127.09663,40,과속단속,-1
37.20909,127.08120,60,과속단속,47
37.16695,127.11266,60,과속단속,-1
37.17417,127.11947,60,과속단속,-1
37.18757,127.12325,30,과속단속,177
37.18930,127.12390,30,과속단속,-1
37.18126,127.12245,60,과속단속,13
37.18580,127.12211,30,과속단속,-1
37.18986,127.12516,30,과속단속,-1
37.18928,127.12317,30,과속단속,164
37.19177,127.07036,30,과속단속,-1
37.17151,127.11402,30,과속단속,-1
37.16717,127.12642,30,과속단속,-1
37.16811,127.12184,30,과속단속,-1
37.16697,127.12284,50,과속단속,-1
37.19654,127.11971,60,과속단속,-1
37.19993,127.11689,60,과속단속,-1
37.20282,127.11022,60,과속단속,-1
37.16451,127.09642,40,과속단속,-1
37.20937,127.10802,60,과속단속,-1
37.19568,127.11614,30,과속단속,-1
37.19500,127.11777,30,과속단속,-1
37.18726,127.12585,30,과속단속,-1
37.18802,127.12622,30,과속단속,-1
37.22536,126.98214,30,과속단속,-1
37.22539,127.05933,30,과속단속,-1
37.22619,127.06071,30,과속단속,-1
37.20069,127.07392,60,과속단속,350
37.19700,127.07724,30,과속단속,-1
37.19384,126.82181,50,과속단속,-1
37.19326,126.82173,50,과속단속,-1
37.07749,126.81431,60,과속단속,-1
37.21403,127.04152,30,과속단속,240
37.20887,126.98656,50,과속단속,-1
37.21828,127.05631,50,과속단속,-1
37.22333,126.97300,60,과속단속,-1
37.21361,126.98148,60,과속단속,277
37.21121,127.03638,30,과속단속,-1
37.21153,127.03555,30,과속단속,241
37.20552,127.02296,50,과속단속,59
37.20168,127.01245,30,과속단속,226
37.20811,126.98737,50,과속단속,-1
37.20040,127.00586,50,과속단속,-1
37.20571,127.02245,50,과속단속,210
37.22112,127.05384,60,과속단속,-1
37.22230,127.05338,60,과속단속,157
37.21442,127.05202,50,과속단속,-1
37.13394,127.02823,50,과속단속,-1
37.13377,127.02774,50,과속단속,-1
37.22336,127.02512,30,과속단속,-1
37.20388,127.03784,30,과속단속,152
37.20469,127.03723,30,과속단속,152
37.22470,127.02561,60,과속단속,157
37.19951,127.02109,60,과속단속,213
37.19985,127.02165,60,과속단속,33
37.20184,127.03967,60,과속단속,330
37.07666,126.90696,30,과속단속,-1
37.15004,127.12618,40,과속단속,-1
37.15920,127.09967,50,과속단속,278
37.15052,127.12564,50,과속단속,-1
37.15652,127.10747,50,과속단속,-1
37.08436,126.82369,30,과속단속,-1
37.08478,126.82291,30,과속단속,-1
37.18554,127.08447,50,과속단속,94
37.19002,127.06996,30,과속단속,311
37.19430,127.06741,60,과속단속,-1
37.19878,127.06949,30,과속단속,-1
37.19026,127.06872,50,과속단속,-1
37.19959,127.05790,30,과속단속,256
37.18354,127.10742,30,과속단속,-1
37.16200,127.09787,30,과속단속,-1
35.07350,128.08327,30,과속단속,-1
35.07492,128.07228,50,과속단속,-1
35.07361,128.07135,50,과속단속,-1
34.93003,128.08376,30,보호구역,-1
34.93190,128.06584,30,보호구역,-1
34.95274,128.07830,30,보호구역,-1
34.93483,128.07893,30,보호구역,-1
34.97750,128.06470,30,보호구역,-1
35.05804,127.96242,30,보호구역,-1
35.00856,127.97679,30,보호구역,-1
35.01230,128.06197,30,보호구역,-1
35.01322,128.06288,30,보호구역,-1
35.05444,128.07539,30,보호구역,-1
35.05919,128.06591,30,보호구역,-1
35.07752,128.08726,30,보호구역,-1
35.07621,128.08694,30,보호구역,-1
35.07899,128.08937,30,보호구역,-1
35.08284,128.09150,30,보호구역,-1
34.93297,128.07672,50,과속단속,50
34.92959,128.06984,30,과속단속,-1
34.92787,128.07150,50,과속단속,-1
34.92766,128.06991,50,과속단속,-1
34.92769,128.06933,50,과속단속,-1
34.92722,128.06657,50,과속단속,-1
34.92655,128.06965,50,과속단속,-1
34.93852,128.08516,50,과속단속,-1
34.94097,128.08689,40,과속단속,98
34.93884,128.07956,50,과속단속,-1
34.93935,128.08669,30,과속단속,-1
34.96968,128.06292,30,과속단속,-1
35.05649,127.96105,40,과속단속,-1
35.07534,128.06689,50,과속단속,-1
35.06224,128.06811,50,과속단속,-1
35.05993,128.06403,50,과속단속,-1
35.08209,128.08644,50,과속단속,-1
35.08466,128.09003,50,과속단속,-1
35.08431,128.08667,50,과속단속,-1
35.08509,128.08536,60,과속단속,-1
35.08148,128.09811,50,과속단속,-1
35.08285,128.08653,50,과속단속,-1
35.08269,128.08808,50,과속단속,-1
35.08412,128.08584,50,과속단속,-1
37.56639,127.20524,30,보호구역,-1
37.55969,127.19944,30,보호구역,-1
37.54653,127.20471,30,보호구역,-1
37.50127,127.16324,30,보호구역,-1
37.57336,127.19052,30,보호구역,-1
37.56641,127.18322,30,보호구역,-1
37.57341,127.19454,30,보호구역,-1
37.57326,127.18770,30,보호구역,-1
37.57275,127.18239,30,보호구역,-1
37.53778,127.22416,30,보호구역,-1
37.55709,127.18877,30,보호구역,-1
37.55846,127.18837,30,보호구역,-1
37.54326,127.22102,30,보호구역,-1
37.55913,127.18326,30,보호구역,-1
37.54528,127.20572,30,보호구역,-1
37.54228,127.21716,30,보호구역,3
37.49839,127.16629,30,보호구역,-1
37.54389,127.19801,30,보호구역,-1
37.57050,127.19339,30,보호구역,-1
37.57238,127.18639,30,보호구역,-1
37.54466,127.21604,30,보호구역,-1
37.57535,127.19255,30,보호구역,-1
37.53674,127.21594,30,보호구역,-1
37.53645,127.22179,30,보호구역,-1
37.57517,127.18577,30,보호구역,-1
37.53790,127.19790,30,보호구역,-1
37.54071,127.20694,30,보호구역,-1
37.54396,127.21312,30,보호구역,-1
37.47804,127.14745,30,보호구역,-1
37.56093,127.20060,30,보호구역,-1
37.55654,127.19115,30,보호구역,-1
37.51576,127.16109,30,보호구역,-1
37.55589,127.18243,30,보호구역,-1
37.56277,127.18259,30,보호구역,-1
37.57261,127.18854,30,보호구역,-1
37.57884,127.18411,30,보호구역,-1
37.55637,127.18941,30,보호구역,-1
37.55828,127.19102,30,보호구역,-1
37.57122,127.18046,30,보호구역,-1
37.56989,127.19546,30,보호구역,-1
37.55336,127.18273,30,보호구역,-1
37.54336,127.19817,30,보호구역,-1
37.55875,127.19419,30,보호구역,-1
37.47758,127.14935,30,보호구역,-1
37.57016,127.18599,30,보호구역,-1
37.47725,127.15197,30,보호구역,-1
37.47460,127.15498,30,보호구역,-1
37.47586,127.15379,30,보호구역,-1
37.56937,127.18326,30,보호구역,-1
37.53798,127.22633,30,보호구역,-1
37.54011,127.21696,30,보호구역,-1
37.55037,127.20054,30,보호구역,-1
37.53869,127.21544,30,보호구역,-1
37.54325,127.21256,30,보호구역,-1
37.53533,127.19675,30,보호구역,-1
37.54024,127.22242,30,보호구역,282
37.54692,127.20596,30,보호구역,-1
37.56891,127.18614,30,보호구역,-1
37.54223,127.20692,30,보호구역,225
37.48539,127.15997,30,보호구역,-1
37.53556,127.21443,30,보호구역,154
37.54247,127.19753,30,보호구역,-1
37.54068,127.19750,30,보호구역,-1
37.54787,127.20884,30,보호구역,-1
37.53724,127.20308,30,보호구역,-1
37.54299,127.19915,30,보호구역,-1
37.53827,127.20454,30,보호구역,-1
37.53712,127.20498,30,보호구역,-1
37.54169,127.21896,30,보호구역,-1
37.24934,127.02201,30,보호구역,-1
37.29521,126.99015,30,보호구역,-1
37.30109,126.99612,30,보호구역,-1
37.29605,127.01233,30,보호구역,-1
37.30118,126.97884,30,보호구역,-1
37.27020,127.01089,30,보호구역,-1
37.28154,127.01113,30,보호구역,-1
37.28264,127.01630,50,과속단속,-1
37.29060,127.01349,50,과속단속,-1
37.26809,127.01495,50,과속단속,-1
37.29951,126.99403,30,보호구역,-1
37.28201,126.99347,30,보호구역,-1
37.28318,126.99600,30,보호구역,-1
37.30133,126.97883,30,보호구역,-1
37.30122,126.98289,30,보호구역,-1
37.29532,126.99025,30,보호구역,-1
37.31019,127.01019,30,보호구역,-1
37.30728,127.01616,30,보호구역,-1
37.30791,126.98728,30,보호구역,-1
37.27718,127.02374,30,보호구역,-1
37.28701,127.01436,30,보호구역,-1
37.26355,127.01802,50,보호구역,-1
37.26372,127.01761,50,보호구역,-1
37.27873,127.01483,30,보호구역,-1
37.30757,127.01586,30,보호구역,-1
37.24018,126.96527,30,보호구역,-1
37.25077,126.98119,30,보호구역,70
37.24150,126.98392,30,보호구역,-1
37.26760,126.95645,30,보호구역,-1
37.26968,126.94294,30,보호구역,-1
37.27384,126.97389,30,보호구역,-1
37.26819,126.98952,30,보호구역,-1
37.27992,126.97857,30,보호구역,-1
37.24205,127.03333,50,과속단속,-1
37.23308,127.02620,50,과속단속,-1
37.30175,127.05102,30,보호구역,210
37.23920,127.05194,30,보호구역,-1
37.25188,127.07884,30,보호구역,-1
37.26306,127.07754,30,보호구역,-1
37.27324,127.05938,30,보호구역,-1
37.27881,127.01445,30,보호구역,-1
37.26196,127.01511,30,보호구역,-1
37.26470,127.04351,30,보호구역,-1
37.30130,127.01622,30,보호구역,-1
37.27901,127.03596,30,보호구역,-1
37.28774,127.02252,30,보호구역,-1
37.30125,127.01612,30,보호구역,-1
37.27086,127.01775,30,보호구역,-1
37.30452,127.01397,30,보호구역,-1
37.25059,127.05959,30,보호구역,-1
37.27068,127.03647,30,보호구역,-1
37.31019,127.01029,30,보호구역,-1
37.25940,126.99824,50,과속단속,220
37.25424,127.02529,30,보호구역,-1
37.25173,127.03847,30,보호구역,-1
37.29229,126.95775,70,과속단속,92
37.26461,127.08454,30,보호구역,-1
37.26461,127.07773,30,보호구역,-1
37.27042,127.04933,30,보호구역,-1
37.25179,127.03829,30,보호구역,-1
37.25110,127.02477,30,보호구역,-1
37.23901,127.03641,60,과속단속,14
37.26846,127.02743,50,과속단속,18
37.27034,127.01041,50,보호구역,-1
37.27961,126.99289,50,과속단속,333
37.31734,126.98831,50,과속단속,357
37.26787,126.95673,30,보호구역,-1
37.26874,126.95604,30,보호구역,-1
37.29340,126.98526,30,보호구역,-1
37.27143,127.05826,50,과속단속,294
37.29926,126.96929,30,보호구역,-1
37.30133,126.97933,30,보호구역,-1
37.29824,126.99126,30,보호구역,-1
37.29360,126.99576,30,보호구역,-1
37.29847,126.99107,30,보호구역,-1
37.26276,127.01415,50,과속단속,-1
37.28013,126.96836,60,구간단속,62
37.27584,126.95874,60,구간단속,-1
37.26519,127.01153,30,보호구역,-1
37.31012,126.98380,50,과속단속,-1
37.28703,127.01428,30,보호구역,-1
37.27092,127.01032,30,보호구역,-1
37.27274,126.94562,30,보호구역,-1
37.30437,127.01452,50,과속단속,-1
37.30118,126.99621,30,보호구역,-1
37.24507,126.97836,60,과속단속,-1
37.29771,126.99787,60,과속단속,-1
37.27125,127.01327,50,과속단속,-1
37.27128,127.06341,50,과속단속,55
37.26767,126.94265,50,과속단속,-1
37.24115,127.04865,30,보호구역,-1
37.24148,127.04611,60,보호구역,-1
37.23635,126.97627,60,과속단속,-1
37.26514,127.04069,60,과속단속,-1
37.26844,127.02718,60,과속단속,-1
37.30200,126.98308,30,보호구역,-1
37.28476,127.02789,60,과속단속,156
37.23970,127.03645,70,과속단속,194
37.26472,127.01889,60,과속단속,-1
37.26588,126.95760,60,보호구역,-1
37.26170,127.01372,60,과속단속,-1
37.27402,126.94561,60,보호구역,-1
37.29259,127.01887,50,과속단속,142
37.25345,126.99091,50,과속단속,118
37.25985,126.99015,50,과속단속,-1
37.25438,127.08059,30,보호구역,-1
37.26474,127.01803,30,보호구역,-1
37.26576,127.01850,30,보호구역,-1
37.26501,126.97780,30,보호구역,-1
37.24893,127.03016,30,보호구역,-1
37.27495,127.01653,60,과속단속,-1
37.24694,126.96755,60,보호구역,-1
37.24727,127.04826,60,과속단속,-1
37.24702,127.07279,60,과속단속,-1
37.25564,127.04574,60,과속단속,-1
37.29478,126.98201,60,과속단속,326
37.28215,127.03947,50,보호구역,126
37.29067,127.02995,50,보호구역,-1
37.30525,127.04529,30,보호구역,-1
37.30403,127.04742,30,보호구역,-1
37.24899,127.06640,30,보호구역,-1
37.27373,127.05652,30,보호구역,-1
37.24732,127.03560,30,보호구역,-1
37.24032,127.02541,30,보호구역,-1
37.27826,127.03076,60,과속단속,273
37.50483,126.79291,50,과속단속,258
37.49073,126.79404,50,과속단속,-1
37.51919,126.79795,30,보호구역,-1
37.52604,126.81860,30,보호구역,-1
37.51725,126.80346,30,보호구역,-1
37.51443,126.77335,30,보호구역,-1
37.50661,126.78532,30,보호구역,-1
37.46797,126.80338,30,보호구역,-1
37.47830,126.77845,30,보호구역,-1
37.48212,126.77599,30,보호구역,-1
37.51234,126.80814,30,보호구역,-1
37.48341,126.77652,50,과속단속,-1
37.49104,126.77809,30,보호구역,-1
37.49827,126.75328,30,보호구역,-1
37.49382,126.78521,50,과속단속,-1
37.52284,126.77555,50,과속단속,30
37.51309,126.80011,50,과속단속,-1
37.48443,126.79381,50,과속단속,-1
37.48715,126.81825,50,과속단속,-1
37.46330,126.80904,60,과속단속,50
37.50431,126.75837,50,과속단속,-1
37.49650,126.78183,30,보호구역,-1
37.50279,126.75537,50,과속단속,-1
36.95448,127.24327,50,과속단속,-1
36.96045,127.21376,50,과속단속,-1
37.00032,127.17278,50,과속단속,-1
37.05814,127.14310,50,과속단속,-1
37.00676,127.25668,50,과속단속,-1
37.00876,127.25685,50,과속단속,-1
36.99893,127.16798,30,보호구역,-1
37.10914,127.24476,30,보호구역,-1
37.04011,127.12940,30,보호구역,-1
37.01419,127.26221,30,보호구역,-1
37.10718,127.45856,30,보호구역,-1
37.02239,127.28875,50,과속단속,-1
37.00228,127.23967,50,과속단속,255
37.01587,127.22396,30,보호구역,-1
36.96060,127.18752,30,보호구역,-1
36.99967,127.16832,30,보호구역,-1
37.12013,127.43324,30,보호구역,-1
37.07727,127.42139,30,보호구역,-1
37.01409,127.26278,30,보호구역,-1
37.04936,127.15902,50,과속단속,-1
37.07095,127.14301,50,과속단속,-1
36.96057,127.18745,30,보호구역,-1
36.99975,127.16829,30,보호구역,-1
36.97326,127.23853,30,보호구역,-1
36.93590,127.23077,30,보호구역,-1
37.10311,127.49628,70,과속단속,95
37.01556,127.27089,50,과속단속,-1
37.00418,127.28867,80,과속단속,223
37.07113,127.42294,70,과속단속,244
37.57760,127.00430,50,보호구역,-1
37.58504,126.98222,30,과속단속,-1
37.57063,126.97601,30,과속단속,320
36.36722,127.37681,30,보호구역,-1
36.35995,127.36695,30,보호구역,-1
36.30376,127.34572,30,보호구역,258
36.29901,127.34342,30,보호구역,-1
37.12657,127.48569,60,과속단속,348
37.16859,127.48217,60,과속단속,-1
37.20046,127.44832,60,과속단속,-1
37.25483,127.40423,70,과속단속,104
37.27527,127.35301,60,과속단속,-1
37.24655,127.36233,60,과속단속,-1
37.15375,127.57495,50,과속단속,-1
37.15514,127.53846,60,과속단속,-1
37.25506,127.47916,50,과속단속,-1
37.32280,127.49855,60,과속단속,-1
37.34004,127.46326,60,과속단속,-1
37.24524,127.44686,50,과속단속,-1
37.24512,127.44662,50,과속단속,-1
37.25677,127.38027,60,과속단속,-1
37.28277,127.43631,40,과속단속,-1
37.29235,127.51738,70,과속단속,266
37.16163,127.43860,60,과속단속,-1
37.18293,127.46192,50,과속단속,-1
37.11371,127.59188,60,과속단속,260
37.12708,127.62943,50,과속단속,-1
37.20971,127.38790,70,과속단속,-1
37.29288,127.42408,60,과속단속,298
37.29112,127.44946,50,과속단속,-1
37.30722,127.46409,70,과속단속,-1
37.26436,127.35428,60,과속단속,-1
37.23324,127.52156,60,과속단속,155
37.24764,127.35854,30,보호구역,-1
37.31946,127.44190,30,보호구역,-1
37.31979,127.44177,30,보호구역,-1
37.27377,127.38634,40,보호구역,-1
37.08889,127.54255,30,보호구역,-1
37.25673,127.40522,30,보호구역,-1
37.21592,127.39413,50,보호구역,-1
37.28471,127.44186,30,보호구역,-1
37.28383,127.45201,30,보호구역,-1
37.30768,127.48288,30,보호구역,-1
37.33816,127.49067,30,보호구역,-1
37.26121,127.47972,30,보호구역,-1
37.25804,127.49193,30,보호구역,-1
37.24091,127.48734,30,보호구역,-1
36.74833,126.30325,50,과속단속,-1
36.47282,126.36892,60,과속단속,-1
36.51385,126.34253,60,과속단속,-1
36.74644,126.24792,60,과속단속,-1
36.57499,126.33447,60,과속단속,-1
36.76141,126.34305,70,과속단속,229
36.86521,126.21511,40,과속단속,-1
36.49145,126.35812,60,과속단속,-1
36.75738,126.19192,70,과속단속,114
36.75751,126.19138,70,과속단속,99
36.73113,126.28931,70,과속단속,-1
36.58226,126.32630,70,과속단속,349
36.75508,126.32657,70,과속단속,-1
36.75964,126.26583,70,과속단속,287
35.28678,127.31201,60,과속단속,-1
35.30537,127.18841,30,과속단속,-1
35.23602,127.20862,30,과속단속,-1
35.30050,127.29938,80,과속단속,132
35.27832,127.29403,40,과속단속,-1
35.19618,127.37510,40,과속단속,-1
35.26049,127.27443,80,과속단속,-1
35.26055,127.27478,80,과속단속,-1
35.24734,127.36094,60,과속단속,-1
35.28819,127.16960,60,과속단속,-1
35.27095,127.13579,60,과속단속,211
35.27098,127.13605,60,과속단속,30
35.23820,127.12080,30,과속단속,-1
35.30562,127.18704,30,과속단속,-1
35.26428,127.34365,40,과속단속,-1
35.24558,127.19226,40,과속단속,-1
35.25553,127.17220,60,과속단속,-1
35.22925,127.23829,80,과속단속,-1
35.29765,127.34182,30,과속단속,-1
35.29696,127.34136,30,과속단속,-1
35.31232,127.34595,30,과속단속,-1
35.31431,127.34740,30,과속단속,-1
35.14899,127.31826,60,과속단속,-1
35.13475,127.25439,30,과속단속,-1
35.28326,127.29164,30,과속단속,-1
35.27624,127.14151,30,과속단속,-1
35.21177,127.23672,60,과속단속,-1
37.07029,127.20629,60,과속단속,-1
37.01267,127.22631,60,과속단속,-1
37.09935,127.43338,80,과속단속,181
36.98414,127.25064,80,과속단속,-1
36.99722,127.14516,70,과속단속,162
36.93595,127.24028,80,과속단속,30
36.95277,127.24261,60,과속단속,-1
37.09460,127.47478,70,과속단속,-1
37.06039,127.41099,60,과속단속,-1
37.02284,127.26093,70,과속단속,104
37.06405,127.37168,70,과속단속,-1
37.05641,127.36546,70,과속단속,13
36.75285,126.30878,30,과속단속,-1
36.75329,126.31976,30,과속단속,-1
36.75803,126.29639,30,과속단속,-1
36.75791,126.29523,30,과속단속,-1
36.42523,126.40487,30,과속단속,-1
36.82565,126.25869,30,과속단속,-1
36.62194,126.31152,30,과속단속,-1
36.57963,126.33778,30,과속단속,-1
36.50628,126.34809,30,과속단속,-1
36.52736,126.34607,30,과속단속,-1
36.67341,126.29988,30,과속단속,-1
36.86979,126.27938,30,과속단속,-1
36.40259,126.42249,60,과속단속,326
36.47585,126.37187,60,과속단속,-1
36.42343,126.40735,40,과속단속,-1
36.70120,126.20293,60,과속단속,-1
36.82819,126.24631,60,과속단속,-1
36.62798,126.32281,70,과속단속,-1
36.75946,126.19466,40,과속단속,-1
36.69317,126.17434,30,과속단속,-1
36.75982,126.29176,30,과속단속,-1
36.75165,126.30777,30,과속단속,-1
36.75318,126.30471,30,과속단속,-1
36.75370,126.32038,30,과속단속,-1
36.73711,126.32645,60,과속단속,115
36.64711,126.30769,70,과속단속,8
36.64664,126.30725,70,과속단속,-1
36.67742,126.29529,70,과속단속,114
36.75781,126.20135,70,과속단속,203
36.55903,126.34523,60,과속단속,-1
36.50722,126.34965,60,과속단속,-1
36.71342,126.22869,30,과속단속,-1
36.71417,126.22950,30,과속단속,-1
36.77232,126.14049,30,과속단속,-1
36.77227,126.14012,30,과속단속,-1
36.82925,126.16115,40,과속단속,-1
36.90085,126.29968,30,과속단속,-1
36.76141,126.34305,80,과속단속,229
36.76562,126.34697,80,과속단속,21
36.77533,126.15871,70,과속단속,95
36.75725,126.27548,70,과속단속,295
36.84544,126.23827,60,과속단속,-1
36.45234,126.38191,60,과속단속,-1
36.47418,128.16968,80,과속단속,2
36.42121,127.38945,30,보호구역,292
36.42327,127.38818,30,보호구역,-1
37.58581,126.98367,30,과속단속,-1
37.58917,126.97109,50,과속단속,-1
37.57406,127.01600,40,과속단속,-1
37.60198,126.98055,40,과속단속,-1
37.57479,126.96742,50,과속단속,-1
37.57219,127.01354,50,과속단속,69
37.57341,126.97117,30,과속단속,-1
37.57000,126.97550,50,과속단속,344
37.58304,126.99851,50,과속단속,220
37.57587,127.00502,50,보호구역,-1
37.56870,126.97198,30,과속단속,-1
37.57422,126.95997,30,보호구역,-1
37.58863,127.00025,30,보호구역,-1
37.58685,127.00056,30,보호구역,-1
37.58589,127.00071,50,보호구역,-1
37.58120,126.97287,40,과속단속,-1
37.57167,126.98070,30,과속단속,-1
37.57237,126.99139,30,과속단속,-1
37.58246,127.00402,30,과속단속,-1
37.58337,127.00274,30,과속단속,-1
37.58988,126.99934,30,보호구역,-1
37.59155,126.99844,30,과속단속,-1
37.58340,127.00132,50,과속단속,-1
37.58497,127.00310,50,과속단속,-1
37.57960,127.00183,50,과속단속,-1
36.41865,127.39580,30,보호구역,-1
36.36993,127.33434,30,보호구역,-1
36.35863,127.30171,30,보호구역,-1
36.36149,127.34745,50,과속단속,-1
36.32015,127.26390,80,과속단속,11
36.36463,127.33798,50,과속단속,259
37.96491,127.32451,40,과속단속,-1
38.02007,127.25181,80,과속단속,25
37.80383,127.13610,70,과속단속,-1
38.00986,127.35799,70,과속단속,-1
37.95318,127.23927,70,과속단속,194
37.85124,127.20060,70,과속단속,47
37.82481,127.26429,70,과속단속,9
38.01716,127.19439,70,과속단속,-1
37.92703,127.18740,60,과속단속,-1
37.94132,127.30082,80,과속단속,177
37.81015,127.20952,80,과속단속,198
37.80533,127.13137,80,과속단속,185
37.89762,127.20621,70,과속단속,32
37.96524,127.25623,80,과속단속,343
37.81228,127.18922,70,과속단속,-1
37.99948,127.24688,80,과속단속,310
37.87886,127.18509,70,과속단속,212
37.97663,127.24729,80,과속단속,131
37.83798,127.20046,80,과속단속,-1
37.89490,127.20423,70,과속단속,207
37.97594,127.32576,80,과속단속,21
37.83569,127.15414,70,과속단속,15
37.81958,127.13758,70,과속단속,28
37.94877,127.23748,70,과속단속,31
37.80353,127.16851,70,과속단속,-1
37.86144,127.17168,70,과속단속,208
37.88759,127.30214,80,과속단속,356
37.94424,127.22225,70,과속단속,-1
37.86481,127.14669,70,과속단속,-1
37.85858,127.17011,70,과속단속,67
37.79686,127.24121,70,과속단속,46
37.85971,127.20192,70,과속단속,184
37.97119,127.24842,70,과속단속,-1
37.87121,127.21450,70,과속단속,187
38.08015,127.26701,80,과속단속,273
37.88129,127.21295,70,과속단속,337
37.92041,127.22084,70,과속단속,29
37.52032,126.76778,50,과속단속,-1
37.48383,126.76903,50,과속단속,-1
37.48399,126.76346,50,과속단속,-1
37.47378,126.80477,30,보호구역,-1
37.47131,126.81473,50,과속단속,21
36.11658,128.35174,50,과속단속,-1
36.14246,128.34592,40,보호구역,-1
36.08510,128.35556,40,과속단속,-1
36.13760,128.41391,60,과속단속,273
36.15676,128.34992,50,과속단속,-1
36.24019,128.30438,50,과속단속,-1
36.12238,128.34372,50,과속단속,-1
36.10163,128.42807,30,보호구역,-1
36.58482,128.18986,40,과속단속,-1
36.59224,128.19923,40,과속단속,-1
36.58597,128.19047,40,과속단속,-1
36.58637,128.19214,60,과속단속,346
36.59521,128.19734,40,과속단속,-1
36.60224,128.20362,40,과속단속,-1
36.58920,128.19367,40,과속단속,-1
36.59519,128.20029,40,과속단속,-1
36.59898,128.20177,40,과속단속,-1
36.60482,128.20414,30,보호구역,-1
36.59825,128.19514,30,보호구역,-1
36.59130,128.19570,30,보호구역,-1
36.59100,128.18191,30,보호구역,-1
36.59608,128.20275,40,과속단속,-1
36.59328,128.19761,40,과속단속,-1
36.58619,128.19013,40,과속단속,-1
36.58700,128.19201,40,과속단속,340
36.59721,128.20000,40,과속단속,-1
35.22137,127.48758,30,구간단속,-1
35.17696,127.54296,30,구간단속,-1
35.19270,127.48969,30,구간단속,-1
35.20954,127.46196,30,구간단속,-1
35.20512,127.46601,30,구간단속,-1
35.20425,127.46436,30,구간단속,-1
35.31834,127.43882,80,구간단속,50
35.23490,127.45766,60,구간단속,-1
35.21056,127.47373,50,구간단속,-1
35.23009,127.45463,80,구간단속,329
35.19122,127.50222,60,구간단속,-1
35.18266,127.46539,80,구간단속,343
35.20461,127.46707,50,구간단속,-1
35.19814,127.56890,60,구간단속,-1
35.20046,127.60151,60,구간단속,274
35.19458,127.47783,60,구간단속,-1
35.31840,127.46509,30,구간단속,-1
35.31665,127.43945,30,구간단속,-1
35.25850,127.44581,30,구간단속,-1
35.24993,127.43307,30,구간단속,-1
37.53024,126.81472,30,보호구역,-1
37.06762,129.39342,80,과속단속,292
36.70946,129.44396,60,과속단속,4
36.70993,129.44389,60,과속단속,359
36.72358,129.42910,60,과속단속,-1
36.64718,129.42526,80,과속단속,57
36.88469,129.41454,60,과속단속,331
36.98279,129.40529,80,과속단속,209
37.52002,126.80490,50,과속단속,-1
37.52103,126.80464,50,과속단속,-1
37.48864,126.76549,50,과속단속,-1
36.99508,129.40130,30,과속단속,-1
36.99403,129.40114,30,과속단속,-1
36.93980,129.22901,60,과속단속,-1
36.99773,129.36276,60,과속단속,-1
36.97024,129.30060,60,과속단속,-1
37.01315,129.40218,60,과속단속,261
37.04665,129.40607,80,과속단속,131
36.92382,129.38333,80,과속단속,337
36.76020,129.45992,80,과속단속,24
36.66905,129.43551,80,과속단속,210
37.08301,129.37311,50,과속단속,-1
37.08301,129.37317,50,과속단속,-1
35.32674,127.22707,40,과속단속,-1
35.16116,127.33921,60,과속단속,-1
35.28019,127.28790,30,과속단속,-1
35.12162,127.30019,30,과속단속,-1
35.12213,127.30020,30,과속단속,-1
35.30669,127.19439,50,과속단속,63
35.30679,127.19449,50,과속단속,297
35.27462,127.14327,60,과속단속,72
35.15285,127.31909,30,과속단속,-1
35.15298,127.31901,30,과속단속,-1
35.23835,127.12059,30,과속단속,-1
35.24668,127.11544,50,과속단속,-1
35.23942,127.11969,50,과속단속,-1
35.91743,128.28609,30,과속단속,-1
35.91768,128.29059,30,과속단속,-1
35.97313,128.26335,30,과속단속,-1
35.91945,128.28750,30,과속단속,-1
35.91811,128.28651,30,과속단속,-1
35.91843,128.28550,30,과속단속,-1
38.02021,127.18780,70,과속단속,109
38.01641,127.15538,70,과속단속,242
38.01996,127.32964,40,과속단속,-1
37.81215,127.25449,70,과속단속,223
37.96760,127.25044,70,과속단속,204
38.10799,127.27821,70,과속단속,-1
38.12140,127.27193,70,과속단속,-1
38.13206,127.25117,70,과속단속,-1
38.10151,127.28083,80,과속단속,-1
38.10151,127.22735,70,과속단속,-1
37.90440,127.21084,70,과속단속,29
37.97458,127.32372,80,과속단속,224
37.94491,127.30064,80,과속단속,182
37.90429,127.20155,70,과속단속,-1
37.90508,127.20882,50,과속단속,-1
37.85435,127.16687,70,과속단속,25
37.84890,127.19200,80,과속단속,320
37.79052,127.16546,40,과속단속,-1
37.97204,127.20465,50,과속단속,-1
35.91877,128.28856,30,과속단속,-1
35.91842,128.28958,30,과속단속,-1
35.97568,128.26297,30,과속단속,-1
37.11953,127.43306,30,보호구역,-1
36.92014,127.26042,30,보호구역,-1
37.00250,127.15995,30,보호구역,-1
37.12194,127.48508,60,과속단속,-1
37.10793,127.48501,60,과속단속,-1
37.08807,127.27557,40,과속단속,-1
37.09229,127.28455,40,과속단속,-1
37.05788,127.25787,80,과속단속,207
36.99946,127.27868,60,과속단속,-1
37.01636,127.26285,50,과속단속,-1
37.07723,127.42127,30,보호구역,-1
37.00218,127.17105,30,보호구역,-1
36.99970,127.16829,30,보호구역,-1
37.00076,127.32444,30,보호구역,-1
37.01250,127.27172,30,보호구역,-1
37.00538,127.26514,30,보호구역,83
37.06184,127.19594,30,보호구역,-1
36.99499,127.24425,60,과속단속,-1
37.01297,127.23748,60,과속단속,112
37.01037,127.28853,60,과속단속,-1
37.09521,127.21226,60,과속단속,-1
37.01119,127.25733,50,과속단속,-1
37.00919,127.25024,60,과속단속,-1
37.00566,127.25290,30,보호구역,-1
36.92008,127.26045,30,보호구역,-1
37.01074,127.27217,30,보호구역,-1
37.08177,127.26389,30,보호구역,-1
37.00733,127.17151,30,보호구역,-1
37.00784,127.19382,50,보호구역,65
36.98945,127.17402,30,보호구역,-1
36.99394,127.18164,30,보호구역,-1
36.94579,127.25834,30,보호구역,-1
36.95169,127.25867,30,보호구역,-1
37.00789,127.32718,30,보호구역,-1
37.03536,127.31140,30,보호구역,-1
37.06100,127.19476,30,보호구역,-1
37.00134,127.22076,30,보호구역,-1
36.94789,127.31561,60,보호구역,-1
37.04733,127.20547,60,과속단속,-1
37.09032,127.48072,30,보호구역,-1
37.02963,127.34254,30,보호구역,63
36.98357,127.30282,30,보호구역,-1
37.05028,127.26194,30,보호구역,-1
36.97499,127.21585,30,보호구역,-1
37.02773,127.24408,30,보호구역,-1
36.97462,127.21348,30,보호구역,-1
36.99037,127.14065,30,보호구역,-1
37.08179,127.26360,30,보호구역,-1
37.03337,127.23028,60,과속단속,299
36.97893,127.25720,60,과속단속,-1
36.99811,127.16162,70,과속단속,247
37.08700,127.45591,70,과속단속,265
37.04020,127.35739,70,과속단속,48
36.23637,128.31130,80,구간단속,-1
38.08526,128.44962,30,과속단속,-1
38.07956,128.61496,30,과속단속,-1
38.07526,128.61976,30,과속단속,-1
38.07399,128.62446,30,과속단속,-1
38.07784,128.62749,30,과속단속,-1
38.07449,128.61902,30,과속단속,-1
38.07479,128.62243,30,과속단속,-1
38.07352,128.62053,30,과속단속,-1
38.07634,128.62426,30,과속단속,-1
38.07765,128.62453,30,보호구역,-1
38.07511,128.62136,30,과속단속,-1
38.07603,128.62290,30,과속단속,-1
37.61865,127.15812,30,보호구역,-1
37.66963,127.11518,30,과속단속,-1
37.65125,127.15067,30,과속단속,-1
37.64872,127.30397,30,보호구역,-1
37.65673,127.27949,30,보호구역,-1
37.63668,127.30177,30,보호구역,-1
37.73676,127.19746,30,과속단속,-1
36.21730,128.34984,80,구간단속,155
36.14226,128.29952,50,과속단속,-1
36.19269,128.47038,40,과속단속,-1
36.24058,128.28097,60,과속단속,104
36.08685,128.36340,40,보호구역,-1
36.16271,128.43452,40,보호구역,179
36.16150,128.34881,40,보호구역,242
38.10570,127.98947,30,과속단속,181
36.15919,126.69119,60,보호구역,-1
36.00621,126.71026,60,보호구역,-1
36.05696,126.67921,30,보호구역,-1
36.05695,126.67983,30,보호구역,-1
36.07244,126.64452,30,보호구역,-1
36.07294,126.64353,30,보호구역,-1
36.10414,126.64828,30,보호구역,-1
36.10383,126.64788,30,보호구역,-1
36.12129,126.75211,30,보호구역,-1
36.08596,126.80401,30,보호구역,-1
36.08579,126.80567,30,보호구역,-1
36.04217,126.77623,30,보호구역,-1
36.04225,126.77578,30,보호구역,-1
36.14422,126.59657,70,과속단속,-1
36.08384,126.69100,50,과속단속,-1
37.57946,126.98667,30,보호구역,181
37.57421,126.96466,30,보호구역,-1
37.58564,126.96877,30,보호구역,-1
37.60044,126.95671,30,보호구역,-1
37.59970,126.95906,50,보호구역,290
37.58480,126.97110,30,보호구역,-1
37.57940,126.97199,30,보호구역,-1
37.58130,126.96949,30,과속단속,-1
37.58017,126.98511,30,보호구역,-1
37.57506,126.98742,30,보호구역,-1
37.58626,127.00274,50,보호구역,-1
37.57398,127.00134,20,보호구역,-1
37.58966,127.00148,20,보호구역,-1
37.57914,127.00704,20,보호구역,-1
37.57971,127.01714,30,보호구역,-1
37.58145,127.01462,30,보호구역,-1
37.57876,127.01095,20,보호구역,-1
37.57895,127.01447,30,보호구역,-1
37.57345,127.00656,50,보호구역,85
37.58146,127.00564,30,과속단속,-1
37.57419,127.01530,30,과속단속,-1
37.58210,127.00013,20,과속단속,-1
37.57487,127.01506,30,보호구역,-1
37.59869,126.96088,50,보호구역,124
37.57494,126.97024,30,보호구역,-1
37.58381,126.96714,30,보호구역,-1
37.61074,126.95637,30,보호구역,-1
37.59113,126.99491,30,과속단속,-1
37.57429,127.00320,30,보호구역,-1
37.58644,126.96864,30,보호구역,-1
37.57477,127.01385,20,보호구역,-1
37.58920,126.99739,30,보호구역,-1
37.57719,126.96906,30,보호구역,139
37.57708,126.96794,30,보호구역,327
37.60396,126.96112,20,보호구역,172
37.60262,126.96061,30,보호구역,-1
35.14382,129.07702,30,과속단속,-1
35.13708,129.07089,50,보호구역,272
35.13256,129.08665,50,과속단속,-1
37.97220,128.76140,30,과속단속,-1
38.08477,128.63100,30,과속단속,-1
38.07742,128.44972,30,과속단속,-1
38.07715,128.45434,30,과속단속,-1
38.07995,128.62227,30,과속단속,-1
36.44617,127.93249,60,과속단속,300
36.57586,128.18927,50,과속단속,-1
36.37131,128.02738,60,과속단속,-1
36.42601,128.15149,50,과속단속,186
36.37733,128.14772,60,과속단속,209
36.42376,128.16588,50,과속단속,-1
36.39276,128.15271,50,과속단속,356
36.40147,128.15999,50,과속단속,-1
36.40395,128.16072,50,과속단속,-1
36.41051,128.12054,60,과속단속,-1
36.56871,128.07749,60,과속단속,-1
36.56144,128.12083,60,과속단속,-1
36.57559,128.15687,60,과속단속,-1
36.39531,128.25861,80,과속단속,137
36.42361,128.15121,50,과속단속,11
36.42196,128.17348,50,과속단속,-1
36.47075,128.15376,60,과속단속,-1
36.41576,128.15126,50,과속단속,358
36.41525,128.21328,60,과속단속,100
36.38229,128.15164,60,과속단속,24
36.43467,128.15358,60,과속단속,199
36.40703,128.09345,50,과속단속,-1
36.39871,128.02894,60,과속단속,-1
36.40575,128.14964,50,과속단속,-1
36.41546,128.14272,60,과속단속,-1
36.41948,128.19033,60,과속단속,109
36.36461,128.28983,80,과속단속,357
36.57981,128.19212,50,과속단속,-1
36.30711,127.96201,50,과속단속,-1
36.41334,128.30818,60,과속단속,39
36.40911,128.15099,50,과속단속,202
36.62284,127.89259,30,과속단속,-1
36.57114,128.18198,30,과속단속,-1
36.42098,128.14744,50,과속단속,49
36.46372,127.97711,60,과속단속,-1
36.47982,127.93466,60,과속단속,-1
36.57527,128.14804,60,과속단속,-1
36.30761,127.87072,60,과속단속,-1
36.46789,128.21244,60,과속단속,-1
37.64645,127.14591,30,보호구역,-1
37.64478,127.30130,30,보호구역,-1
37.65002,127.30613,30,보호구역,-1
37.73796,127.20037,30,보호구역,-1
37.72531,127.20801,30,보호구역,-1
37.74534,127.20704,30,보호구역,-1
37.65192,127.29654,30,보호구역,-1
37.62028,127.14918,30,보호구역,-1
37.62852,127.15588,30,보호구역,-1
37.62622,127.15794,30,보호구역,-1
37.73655,127.20010,30,보호구역,-1
37.65483,127.12477,30,보호구역,159
37.60833,127.16574,30,보호구역,-1
37.63479,127.21042,30,보호구역,-1
37.62837,127.20323,30,보호구역,-1
37.69797,127.19286,30,보호구역,-1
37.66162,127.34702,30,보호구역,-1
37.65772,127.30622,30,보호구역,-1
37.61742,127.16628,30,보호구역,-1
37.64971,127.25607,30,보호구역,226
37.61313,127.15525,30,보호구역,-1
37.64571,127.23930,30,보호구역,-1
37.22301,127.39951,50,과속단속,-1
37.28497,127.44173,30,과속단속,-1
37.20053,127.44816,60,과속단속,-1
37.57427,126.98693,30,보호구역,158
37.56970,126.97491,30,보호구역,-1
37.57185,126.97617,30,과속단속,-1
37.57422,126.98762,30,보호구역,337
37.58069,126.96760,20,보호구역,-1
37.57488,127.01996,30,보호구역,-1
37.60166,126.96274,30,보호구역,-1
37.58003,126.98518,30,보호구역,-1
37.58178,126.98460,30,보호구역,-1
37.56967,126.99769,50,과속단속,179
37.60556,126.96723,50,과속단속,-1
37.60686,126.96901,20,보호구역,-1
37.59310,126.96558,30,과속단속,231
37.59803,126.96193,50,보호구역,-1
37.58654,126.96959,40,보호구역,-1
37.58222,126.97034,40,보호구역,-1
37.57845,126.97138,40,과속단속,-1
37.57728,126.97199,40,과속단속,-1
37.57667,126.97269,50,과속단속,-1
37.60512,126.96118,50,과속단속,-1
37.60818,126.95765,50,과속단속,-1
37.57479,126.95836,50,과속단속,-1
37.57465,126.96858,30,보호구역,-1
37.57071,127.00733,50,과속단속,-1
37.57633,126.96935,50,보호구역,273
37.57488,126.97199,30,과속단속,-1
37.56938,126.98977,30,과속단속,-1
37.57154,126.98905,30,과속단속,-1
37.57247,126.98854,30,과속단속,-1
37.57276,126.98790,50,과속단속,11
37.57529,126.98617,30,보호구역,-1
37.57622,127.01579,30,보호구역,-1
37.57086,127.01563,40,과속단속,-1
37.57435,127.01543,40,과속단속,-1
37.57156,127.01414,30,과속단속,-1
37.57158,127.01309,30,과속단속,-1
37.57157,127.01101,50,과속단속,-1
37.57078,127.00492,50,과속단속,-1
37.57078,127.00337,50,과속단속,89
37.57077,127.00063,50,과속단속,86
37.57026,126.99411,50,과속단속,89
37.57077,126.99331,50,과속단속,-1
37.57008,126.99043,50,과속단속,-1
37.58433,126.99739,30,과속단속,-1
37.57328,127.00368,30,보호구역,-1
37.57372,127.00566,30,보호구역,-1
37.56931,126.99208,50,과속단속,-1
37.57171,126.99202,30,과속단속,-1
37.57354,126.99147,30,과속단속,-1
37.57168,126.98684,30,과속단속,158
37.57288,126.98615,30,과속단속,-1
37.57404,126.98514,30,과속단속,-1
37.57439,126.98417,30,과속단속,137
37.57210,126.98149,30,과속단속,-1
37.57946,126.98184,30,과속단속,-1
36.32831,127.46653,50,과속단속,-1
36.33892,127.48997,50,과속단속,52
36.37915,127.42645,50,과속단속,-1
36.44153,127.39994,50,과속단속,227
36.33642,127.44725,50,과속단속,-1
36.33492,127.43928,50,과속단속,-1
36.31550,127.40769,30,보호구역,245
36.33986,127.41144,30,보호구역,-1
36.34937,127.41697,40,과속단속,-1
36.35189,127.43236,50,과속단속,185
36.35767,127.39056,50,과속단속,90
36.30931,127.44269,50,과속단속,-1
36.30264,127.45117,50,과속단속,145
36.33178,127.47615,50,과속단속,229
36.34805,127.44400,50,과속단속,153
36.35144,127.39534,30,과속단속,-1
36.44955,127.42105,30,보호구역,240
36.45313,127.43504,30,보호구역,-1
36.34137,127.44209,30,보호구역,-1
36.31713,127.44465,30,보호구역,-1
36.39487,127.40498,50,과속단속,359
36.34877,127.40168,50,과속단속,-1
36.44642,127.40714,50,과속단속,55
36.27258,127.47260,60,과속단속,288
36.37443,127.42046,30,보호구역,-1
36.33639,127.46364,60,과속단속,-1
36.31953,127.44914,50,과속단속,119
36.31533,127.43355,50,과속단속,-1
36.34414,127.43392,50,과속단속,-1
36.32526,127.40388,30,보호구역,-1
36.31225,127.39808,30,보호구역,-1
36.31918,127.41043,30,보호구역,-1
36.34321,127.43100,30,보호구역,-1
36.27906,127.46875,30,보호구역,-1
36.33012,127.39692,30,보호구역,-1
36.42594,127.41146,80,과속단속,131
36.34953,127.43783,50,과속단속,247
36.33371,127.41971,50,과속단속,313
36.42788,127.42099,50,과속단속,-1
36.31900,127.45667,40,보호구역,-1
36.35775,127.39516,50,과속단속,270
36.34906,127.40190,50,과속단속,2
36.30994,127.41074,50,과속단속,-1
36.33680,127.40579,30,보호구역,-1
36.30796,127.44489,30,보호구역,-1
36.31347,127.43244,30,보호구역,-1
36.31333,127.43155,30,보호구역,-1
36.32281,127.39833,30,보호구역,-1
36.30674,127.39715,30,보호구역,-1
36.30666,127.40138,30,보호구역,-1
36.30670,127.40150,30,보호구역,-1
36.33002,127.41687,30,보호구역,-1
36.33197,127.42430,30,보호구역,-1
36.32064,127.42735,30,보호구역,-1
36.32518,127.40388,30,보호구역,-1
36.35652,127.41198,30,보호구역,-1
36.34248,127.43987,50,보호구역,-1
36.31757,127.44208,50,과속단속,-1
36.31555,127.44504,30,보호구역,-1
36.30890,127.45937,30,보호구역,-1
36.34009,127.42195,30,보호구역,-1
36.37320,127.47548,30,보호구역,-1
36.34636,127.44770,30,보호구역,-1
36.33578,127.44841,30,보호구역,-1
36.32436,127.44084,30,보호구역,-1
36.36164,127.44070,30,보호구역,-1
37.58184,127.00229,50,과속단속,-1
37.58712,126.98345,30,과속단속,-1
37.57185,126.98417,30,과속단속,-1
37.58249,127.00247,30,과속단속,-1
37.58185,127.00287,30,과속단속,-1
37.58119,127.00300,30,과속단속,-1
37.58210,127.00318,30,과속단속,-1
37.24146,127.50148,70,과속단속,-1
37.24903,127.51292,60,과속단속,-1
37.18926,127.37747,50,과속단속,-1
37.33718,127.49021,30,과속단속,-1
37.11568,127.62317,70,과속단속,-1
37.11494,127.61652,70,과속단속,-1
37.22287,127.39985,50,과속단속,-1
37.22324,127.47765,30,과속단속,-1
37.28371,127.45282,30,과속단속,-1
37.25009,127.35550,40,과속단속,-1
37.29184,127.44895,50,과속단속,-1
37.18346,127.45510,50,과속단속,-1
37.26109,127.47929,30,과속단속,-1
37.32031,127.47106,60,과속단속,-1
37.29836,127.40146,70,과속단속,-1
37.25724,127.35341,50,과속단속,-1
37.25700,127.35249,60,과속단속,-1
37.26237,127.36946,50,과속단속,-1
37.24252,127.41515,50,과속단속,-1
37.24258,127.41515,50,과속단속,-1
37.24481,127.42025,70,과속단속,-1
37.24835,127.49178,70,과속단속,-1
37.16822,127.57339,70,과속단속,-1
37.31061,127.43763,60,과속단속,339
37.29489,127.39276,40,과속단속,-1
37.24179,127.44008,70,과속단속,-1
37.26900,127.44622,60,과속단속,349
37.28102,127.45342,50,과속단속,-1
37.30208,127.44786,70,과속단속,-1
37.17992,127.47911,60,과속단속,-1
37.25597,127.39017,60,과속단속,-1
37.22803,127.40226,60,과속단속,-1
37.12232,127.63009,60,과속단속,-1
37.24809,127.41502,70,과속단속,-1
37.21526,127.39405,50,보호구역,-1
37.25729,127.35256,60,과속단속,-1
37.26540,127.39935,70,과속단속,-1
37.23669,127.43571,70,과속단속,237
37.19720,127.38357,60,과속단속,-1
37.18117,127.43424,60,과속단속,-1
37.25297,127.38920,70,과속단속,-1
37.21731,127.39719,70,과속단속,-1
37.22011,127.42660,70,과속단속,-1
37.26292,127.47269,70,과속단속,119
37.29019,127.50639,70,과속단속,-1
37.30490,127.37672,60,과속단속,-1
37.20150,127.49919,60,과속단속,-1
37.13336,127.51720,60,과속단속,-1
37.06419,127.51318,60,과속단속,-1
37.23127,127.49365,60,과속단속,-1
37.29353,127.52815,70,과속단속,-1
37.16245,127.47955,60,과속단속,-1
37.31435,127.43742,60,과속단속,-1
37.24256,127.50128,70,과속단속,-1
37.28752,127.48969,70,과속단속,-1
37.12746,127.61309,70,과속단속,-1
37.28944,127.45303,60,과속단속,297
37.31576,127.40991,60,과속단속,-1
37.29157,127.46840,70,과속단속,-1
37.30755,127.46371,70,과속단속,310
37.23125,127.43422,70,과속단속,-1
37.29456,127.41855,70,과속단속,-1
37.14700,127.58278,70,과속단속,-1
37.23412,127.49518,60,과속단속,-1
37.06141,127.53948,60,과속단속,-1
37.30228,127.45183,70,과속단속,-1
37.16332,127.43918,60,과속단속,-1
37.28016,127.47445,70,과속단속,-1
37.11392,127.59170,70,과속단속,-1
37.25904,127.45750,70,과속단속,-1
37.16692,127.57632,70,과속단속,-1
37.23365,127.52168,70,과속단속,332
37.30572,127.41365,70,과속단속,-1
37.24899,127.51532,60,과속단속,-1
37.21829,127.44900,60,과속단속,-1
37.27321,127.45304,70,과속단속,199
37.12971,127.60760,70,과속단속,-1
37.13550,127.47335,60,과속단속,-1
37.30430,127.42528,70,과속단속,-1
37.28828,127.45452,60,과속단속,-1
37.23764,127.36384,60,과속단속,-1
37.29157,127.46840,60,과속단속,-1
37.25619,127.34929,70,과속단속,276
37.28863,127.49072,60,과속단속,-1
37.28012,127.46508,60,과속단속,-1
37.09002,127.54145,60,과속단속,-1
37.29457,127.44292,60,과속단속,-1
37.23795,127.51442,70,과속단속,-1
37.25489,127.44392,60,과속단속,-1
37.26273,127.44586,60,과속단속,-1
37.23705,127.36424,60,과속단속,-1
37.26611,127.46182,70,과속단속,158
37.28122,127.43247,70,과속단속,152
37.25719,127.48466,70,과속단속,-1
37.11572,127.62267,70,과속단속,316
37.11418,127.60043,70,과속단속,89
37.25329,127.40599,70,과속단속,-1
37.29167,127.51264,70,과속단속,75
37.28537,127.45652,60,과속단속,144
37.29820,127.43844,60,과속단속,-1
37.27709,127.39973,70,과속단속,-1
37.29567,127.41219,70,과속단속,-1
37.29656,127.45727,60,과속단속,-1
37.25912,127.47929,70,과속단속,113
37.26034,127.45783,70,과속단속,191
37.28056,127.43378,70,과속단속,332
37.24349,127.43131,70,과속단속,-1
37.24500,127.43696,70,과속단속,256
37.11346,127.63233,70,과속단속,265
37.31014,127.40116,70,과속단속,-1
37.25634,127.34999,70,과속단속,-1
37.25339,127.48920,70,과속단속,-1
35.13478,129.08919,50,과속단속,86
35.11184,129.11372,50,과속단속,-1
35.12481,129.08099,50,과속단속,-1
35.11163,129.11141,50,과속단속,-1
35.12349,129.07554,50,과속단속,-1
35.13120,129.11138,50,과속단속,-1
37.51847,127.78510,50,과속단속,-1
37.48765,126.77223,50,과속단속,-1
37.50391,126.78784,50,과속단속,-1
37.49344,126.78462,50,과속단속,-1
37.51080,126.77520,50,과속단속,-1
37.49185,126.81335,30,보호구역,-1
36.10140,128.42838,30,보호구역,-1
36.14694,128.41633,30,과속단속,-1
36.14728,128.41641,30,과속단속,-1
36.24439,128.30157,30,보호구역,-1
36.13250,128.43206,50,과속단속,-1
36.08852,128.36799,30,보호구역,-1
36.13968,128.41527,30,보호구역,-1
36.09283,128.42521,30,보호구역,-1
36.14421,128.30219,60,과속단속,-1
36.10711,128.33012,30,보호구역,-1
36.11699,128.42533,30,보호구역,-1
36.07095,128.35092,30,보호구역,-1
36.07080,128.35118,30,보호구역,-1
36.08531,128.36427,30,보호구역,-1
36.13909,128.31318,50,과속단속,104
36.16542,128.45415,60,과속단속,-1
36.13196,128.45539,60,과속단속,-1
36.12817,128.46877,60,과속단속,-1
36.10680,128.33007,30,보호구역,-1
36.12558,128.40879,50,과속단속,-1
36.16312,128.43989,30,과속단속,-1
36.15521,128.42542,30,과속단속,-1
36.15553,128.41569,30,과속단속,-1
36.09659,128.35367,50,과속단속,-1
36.08657,128.37056,50,과속단속,-1
36.11453,128.33871,50,과속단속,-1
36.09348,128.37722,50,과속단속,-1
36.21143,128.32868,30,보호구역,-1
36.18171,128.35101,40,보호구역,341
36.18302,128.35060,40,보호구역,340
36.26268,128.25365,30,보호구역,-1
36.30005,128.33063,30,보호구역,-1
36.29984,128.33069,30,보호구역,-1
36.24279,128.30090,30,보호구역,-1
36.15442,128.33189,30,보호구역,-1
36.13014,128.49384,30,보호구역,-1
36.20245,128.39032,30,보호구역,-1
36.12253,128.35665,40,과속단속,0
36.12228,128.35683,40,과속단속,309
36.09176,128.35855,30,보호구역,-1
36.09007,128.35762,30,보호구역,-1
36.12192,128.33910,40,보호구역,81
36.08834,128.35179,30,보호구역,87
36.08885,128.35175,30,보호구역,255
36.09896,128.35988,30,보호구역,-1
36.16609,128.44146,30,보호구역,-1
36.16672,128.44455,30,보호구역,-1
36.10239,128.33535,30,보호구역,-1
36.10863,128.33904,30,보호구역,-1
36.10892,128.33951,30,보호구역,-1
36.12517,128.33416,40,보호구역,-1
36.12510,128.33386,40,보호구역,-1
36.11251,128.36363,30,보호구역,153
36.12215,128.36582,40,보호구역,106
36.11975,128.37458,40,보호구역,-1
36.08953,128.43021,30,보호구역,-1
36.08991,128.43052,30,보호구역,-1
36.09405,128.43688,30,보호구역,-1
36.09251,128.42736,30,보호구역,-1
36.13808,128.42688,30,보호구역,-1
36.16303,128.43676,30,보호구역,-1
36.16303,128.43673,30,보호구역,-1
36.16056,128.43124,30,보호구역,-1
36.09098,128.43685,30,보호구역,-1
36.08978,128.44094,40,보호구역,-1
36.08974,128.44175,40,보호구역,-1
36.14223,128.31694,30,보호구역,-1
36.14830,128.33031,40,보호구역,-1
36.14836,128.33031,40,보호구역,-1
36.15227,128.32196,40,보호구역,-1
36.15070,128.31029,40,보호구역,-1
36.14224,128.31847,30,보호구역,-1
36.14136,128.32229,30,보호구역,-1
36.14410,128.32231,40,보호구역,-1
36.06942,128.37968,100,구간단속,-1
36.19016,128.37729,80,구간단속,313
36.16306,128.45453,80,구간단속,-1
36.12901,128.39049,80,과속단속,-1
36.12922,128.38946,80,과속단속,-1
36.13566,128.33190,50,과속단속,-1
36.15048,128.31034,40,보호구역,-1
36.12215,128.36690,40,보호구역,288
36.10842,128.39076,60,과속단속,-1
36.12567,128.36798,60,과속단속,-1
36.12586,128.33570,50,과속단속,277
36.14896,128.32330,50,과속단속,-1
36.13027,128.33844,50,과속단속,-1
36.12972,128.33893,50,과속단속,-1
36.12132,128.35060,50,과속단속,-1
36.12206,128.35023,50,과속단속,-1
36.11183,128.38510,50,과속단속,-1
36.10229,128.35629,50,과속단속,-1
36.18849,128.34767,60,과속단속,162
36.28151,128.35438,30,보호구역,-1
36.28085,128.35270,50,과속단속,-1
36.11801,128.42792,30,보호구역,-1
36.11970,128.37424,40,보호구역,-1
36.09023,128.35816,30,보호구역,-1
36.16221,128.34484,30,보호구역,-1
36.12817,128.46871,60,과속단속,-1
36.13811,128.42701,30,보호구역,-1
36.12434,128.33722,50,과속단속,32
36.14376,128.41962,50,과속단속,-1
36.14413,128.42343,30,보호구역,-1
36.09405,128.43811,30,보호구역,-1
36.13900,128.43404,50,보호구역,-1
36.17359,128.54811,100,구간단속,-1
36.27063,128.41728,100,구간단속,112
36.10407,128.35290,50,과속단속,-1
36.10559,128.35250,50,과속단속,-1
36.15925,128.42792,50,과속단속,-1
36.14550,128.42718,50,과속단속,-1
36.15442,128.33189,40,보호구역,-1
36.21056,128.32774,60,과속단속,-1
36.24645,128.30536,50,과속단속,-1
36.21699,128.31617,60,과속단속,313
36.20014,128.33879,60,과속단속,-1
36.09653,128.45179,80,구간단속,-1
36.12807,128.42813,80,구간단속,-1
36.13398,128.41735,80,구간단속,-1
36.10343,128.45158,80,구간단속,-1
36.08887,128.44626,80,구간단속,-1
36.08978,128.44708,80,구간단속,-1
36.09224,128.45162,50,보호구역,-1
36.14085,128.30295,50,과속단속,-1
36.14699,128.41818,50,과속단속,-1
36.09375,128.43681,50,과속단속,-1
36.07336,128.35023,50,과속단속,-1
36.14289,128.32897,30,보호구역,-1
36.14155,128.33296,30,보호구역,-1
36.15693,128.43023,30,과속단속,-1
36.08482,128.35990,50,과속단속,40
36.10103,128.36251,50,과속단속,-1
36.10627,128.41995,50,과속단속,-1
36.16367,128.43369,50,과속단속,-1
36.16364,128.43369,40,보호구역,-1
36.14029,128.45424,60,과속단속,-1
36.11818,128.33898,50,과속단속,-1
36.13724,128.42841,50,과속단속,-1
36.13725,128.42841,50,과속단속,-1
36.13420,128.39700,60,과속단속,-1
36.31146,128.27916,60,과속단속,-1
36.16025,128.41709,60,과속단속,-1
37.04877,127.16084,80,과속단속,28
36.97782,127.21833,60,과속단속,-1
36.08189,126.68693,40,과속단속,-1
36.07564,126.68731,40,과속단속,-1
36.07497,126.68834,40,과속단속,-1
36.08039,126.68649,40,과속단속,-1
36.07907,126.68614,40,보호구역,-1
36.07755,126.68911,40,보호구역,-1
36.07651,126.69360,40,과속단속,-1
36.07710,126.69070,40,과속단속,-1
36.07842,126.69136,40,과속단속,-1
36.30953,127.33691,30,보호구역,1
36.29910,127.32951,30,보호구역,-1
36.29912,127.32955,50,보호구역,-1
36.33145,127.38867,30,보호구역,-1
36.30831,127.37503,30,보호구역,-1
36.30386,127.36592,30,보호구역,-1
36.30958,127.39327,30,보호구역,-1
36.32336,127.39548,30,보호구역,-1
36.34022,127.34295,30,보호구역,-1
35.11624,129.11077,50,과속단속,-1
35.13641,129.10082,50,과속단속,240
35.13533,129.10061,50,과속단속,-1
37.52034,126.79105,30,보호구역,-1
37.48302,126.76246,30,보호구역,-1
37.48842,126.75572,50,과속단속,-1
37.52918,126.76081,50,과속단속,182
37.53080,126.78461,30,보호구역,-1
37.51217,126.80525,30,보호구역,-1
37.49285,126.76289,30,보호구역,-1
37.48994,126.74749,30,보호구역,-1
37.49783,126.76529,30,보호구역,-1
37.49785,126.77140,30,보호구역,-1
37.47808,126.77273,30,보호구역,-1
37.46810,126.79857,30,보호구역,-1
35.10891,129.08214,50,과속단속,266
35.10126,129.11906,50,과속단속,270
35.10135,129.12110,50,과속단속,260
35.12331,129.08534,50,과속단속,-1
35.13708,129.07846,50,과속단속,-1
35.13388,129.08812,50,과속단속,176
35.11079,129.08377,50,과속단속,-1
35.11042,129.10095,50,과속단속,-1
35.11167,129.10207,50,과속단속,-1
35.12663,129.11080,30,보호구역,-1
35.11162,129.10911,50,과속단속,-1
35.12675,129.09042,50,과속단속,-1
35.12951,129.09913,50,과속단속,-1
35.11963,129.11187,50,과속단속,-1
35.14382,129.07702,50,과속단속,-1
35.12331,129.08660,50,과속단속,-1
35.13708,129.07089,50,과속단속,272
35.13388,129.09215,50,과속단속,-1
35.11649,129.08103,30,보호구역,-1
35.13719,129.11452,50,과속단속,-1
35.12921,129.11110,50,과속단속,-1
35.12854,129.09111,30,보호구역,-1
35.13390,129.10090,50,과속단속,-1
35.13815,129.10715,50,과속단속,-1
35.12675,129.09042,30,과속단속,-1
35.11039,129.11439,30,보호구역,-1
35.14461,129.07355,30,보호구역,-1
35.12150,129.08436,30,보호구역,-1
35.10762,129.08152,50,과속단속,-1
35.10903,129.07946,50,과속단속,-1
35.13761,129.07283,50,과속단속,-1
35.14243,129.07367,50,과속단속,-1
35.12661,129.09005,30,보호구역,-1
35.13750,129.10160,50,과속단속,-1
35.13968,129.07109,50,과속단속,-1
35.14866,129.06543,50,과속단속,-1
35.13562,129.08034,30,보호구역,-1
35.12467,129.08851,50,과속단속,-1
35.12015,129.10925,30,보호구역,-1
35.13217,129.09231,50,과속단속,-1
35.12689,129.11110,50,과속단속,-1
35.13251,129.11609,50,과속단속,-1
35.11167,129.10217,50,과속단속,-1
35.12663,129.09863,50,과속단속,-1
35.11162,129.10048,50,과속단속,-1
35.12675,129.09906,50,과속단속,-1
35.13512,129.08150,50,과속단속,-1
37.57833,126.98677,30,과속단속,-1
37.57215,127.01068,30,과속단속,-1
37.57448,126.98878,30,과속단속,-1
37.56742,126.96568,30,과속단속,-1
37.57680,127.02186,30,과속단속,-1
37.57878,127.00879,20,과속단속,-1
37.57276,126.96460,20,과속단속,40
37.57242,127.00968,30,과속단속,-1
37.59075,126.96636,30,보호구역,-1
37.59075,126.96636,30,과속단속,-1
37.57161,126.99369,30,과속단속,-1
37.59528,126.96344,50,과속단속,-1
37.59313,126.96360,50,과속단속,164
37.59163,126.96366,30,과속단속,-1
37.62072,127.15813,30,보호구역,-1
37.62078,127.14544,30,보호구역,-1
37.62603,127.15514,30,보호구역,-1
37.61460,127.15405,50,과속단속,63
37.62453,127.14692,30,보호구역,180
37.62149,127.14704,30,보호구역,351
37.60013,127.17313,30,보호구역,233
37.62797,127.15780,30,보호구역,-1
37.62859,127.14756,30,보호구역,359
37.60427,127.15616,30,과속단속,95
37.59966,127.15747,30,보호구역,-1
37.64939,127.11362,30,보호구역,-1
37.65023,127.12036,30,보호구역,-1
37.65108,127.11536,30,보호구역,-1
37.65272,127.11530,30,보호구역,-1
37.64875,127.11823,30,보호구역,-1
37.64525,127.11316,30,보호구역,-1
37.66514,127.11570,30,보호구역,-1
37.66702,127.11678,30,보호구역,-1
37.66552,127.11796,30,보호구역,-1
37.64387,127.11719,30,과속단속,-1
37.65917,127.12159,30,보호구역,-1
37.66621,127.12986,30,보호구역,-1
37.61396,127.16226,30,보호구역,-1
37.61437,127.16277,30,보호구역,81
37.61027,127.15036,30,과속단속,-1
37.60883,127.15717,30,보호구역,-1
37.60992,127.15158,30,보호구역,-1
37.60825,127.15130,30,과속단속,-1
37.60982,127.15544,30,보호구역,-1
37.60593,127.15778,50,과속단속,57
37.59166,127.22107,30,보호구역,-1
37.58613,127.21355,30,과속단속,-1
37.58547,127.21842,30,보호구역,-1
37.58561,127.21208,30,보호구역,-1
37.68200,127.21288,30,보호구역,-1
37.66402,127.29960,30,보호구역,-1
37.69760,127.19741,30,보호구역,-1
37.71113,127.11763,30,보호구역,-1
37.70917,127.11740,30,보호구역,-1
37.69932,127.12337,30,보호구역,-1
37.64995,127.11240,30,보호구역,133
37.64673,127.11478,30,보호구역,-1
37.65869,127.12493,30,보호구역,152
37.66604,127.11805,30,과속단속,-1
37.65357,127.11787,30,보호구역,-1
37.64442,127.11054,30,과속단속,-1
37.72053,127.19598,30,보호구역,-1
37.71760,127.19982,30,보호구역,-1
37.72403,127.20650,30,보호구역,34
37.71865,127.19699,30,보호구역,77
37.71464,127.19833,30,보호구역,-1
37.73084,127.19512,30,보호구역,-1
37.65850,127.17491,30,보호구역,-1
37.65623,127.17895,30,보호구역,-1
37.66061,127.17887,30,과속단속,-1
37.65573,127.18330,30,보호구역,-1
37.65574,127.18123,30,보호구역,-1
37.57981,127.21668,30,보호구역,-1
37.58759,127.20858,30,과속단속,-1
37.58471,127.21049,30,과속단속,-1
37.58214,127.21663,30,보호구역,-1
37.58559,127.21210,30,보호구역,-1
37.58233,127.21044,30,보호구역,-1
37.58821,127.21389,30,보호구역,-1
37.64386,127.24057,30,보호구역,-1
37.64189,127.23757,30,보호구역,-1
37.64499,127.23641,30,보호구역,-1
37.65250,127.14195,30,보호구역,-1
37.65299,127.14121,30,보호구역,-1
37.71574,127.18204,30,과속단속,-1
37.71616,127.17995,30,보호구역,-1
37.71761,127.18152,30,보호구역,-1
37.72667,127.19367,30,보호구역,-1
37.72896,127.19454,30,보호구역,-1
37.71920,127.18359,30,보호구역,-1
36.09562,128.43564,30,보호구역,-1
36.12565,128.35793,50,과속단속,129
36.12147,128.32353,50,과속단속,-1
36.12181,128.32292,50,과속단속,-1
36.12064,128.34246,50,과속단속,-1
36.12101,128.34972,50,과속단속,-1
36.09968,128.36394,50,과속단속,-1
36.08693,128.36398,40,보호구역,-1
36.18478,128.45074,40,과속단속,-1
36.22500,128.31056,60,과속단속,248
36.20826,128.25157,60,과속단속,-1
36.15357,128.32799,50,과속단속,-1
36.11902,128.35466,50,과속단속,238
36.13036,128.33537,30,보호구역,207
36.15346,128.33324,50,과속단속,-1
36.23820,128.29604,50,과속단속,-1
36.23816,128.29567,50,과속단속,-1
36.42465,127.39926,50,과속단속,298
36.33924,127.43252,50,과속단속,-1
36.32245,127.41186,50,과속단속,225
36.35766,127.40816,50,과속단속,250
36.31617,127.45680,40,과속단속,-1
36.31550,127.44453,30,과속단속,-1
36.35122,127.39552,30,과속단속,90
36.36088,127.44627,30,과속단속,-1
36.36815,127.42767,30,과속단속,-1
36.36108,127.45129,30,과속단속,-1
36.34809,127.41264,30,과속단속,-1
36.44712,127.43561,30,과속단속,-1
36.35999,127.45239,30,과속단속,-1
36.36378,127.41058,30,과속단속,-1
36.36016,127.41733,30,과속단속,-1
36.44588,127.41287,30,과속단속,-1
36.43239,127.41975,30,과속단속,-1
36.36990,127.43308,30,과속단속,-1
36.44634,127.40477,30,과속단속,-1
36.36479,127.44518,30,과속단속,-1
36.35464,127.45583,30,과속단속,-1
36.36492,127.42749,30,과속단속,-1
36.36005,127.41429,30,과속단속,-1
36.41328,127.30025,80,과속단속,165
36.36019,127.35058,50,과속단속,283
36.39595,127.31184,60,과속단속,154
36.36050,127.35022,50,과속단속,-1
36.31927,127.37777,50,과속단속,-1
36.35780,127.30350,50,과속단속,41
36.36039,127.30561,50,과속단속,98
36.27350,127.26842,70,과속단속,126
36.34417,127.34694,50,과속단속,184
36.40142,127.36267,60,과속단속,42
36.35344,127.35825,50,과속단속,257
36.34881,127.32661,60,과속단속,333
36.31289,127.35008,50,과속단속,340
36.30768,127.36434,60,과속단속,249
36.33205,127.34108,50,과속단속,59
36.34878,127.37694,50,과속단속,28
36.36414,127.33814,50,과속단속,32
36.34844,127.33522,50,보호구역,90
36.30578,127.31986,60,과속단속,161
36.34864,127.33528,30,보호구역,270
36.29267,127.38247,50,과속단속,-1
36.52870,129.40268,80,과속단속,154
36.49903,129.41276,80,과속단속,12
36.37778,129.37599,80,과속단속,164
36.35433,129.37968,60,과속단속,215
36.34217,129.38123,80,과속단속,183
36.28200,129.37433,80,과속단속,350
36.30273,127.35418,30,보호구역,-1
36.36670,127.33231,50,과속단속,294
36.38686,127.31800,60,과속단속,119
36.27598,127.34815,60,과속단속,-1
36.28238,127.37607,70,과속단속,9
36.35957,127.37912,50,과속단속,90
36.32379,127.37037,30,보호구역,-1
36.30510,127.35297,60,과속단속,254
36.35324,127.36886,50,과속단속,307
36.37461,127.32581,60,과속단속,158
36.39054,127.39198,50,과속단속,-1
36.36058,127.30535,50,과속단속,205
36.35393,127.34183,50,과속단속,351
36.34443,127.37982,50,과속단속,-1
36.35419,127.36407,50,과속단속,81
36.35805,127.37965,50,과속단속,347
36.33838,127.39325,50,과속단속,316
36.30757,127.36462,60,과속단속,67
36.32639,127.39265,60,과속단속,110
36.42851,127.38631,50,과속단속,325
36.28496,127.31063,60,과속단속,-1
36.25451,127.34028,60,보호구역,-1
36.38268,127.35502,30,보호구역,-1
36.33358,127.33834,30,보호구역,-1
36.36107,127.33849,30,보호구역,-1
36.35856,127.36415,50,과속단속,-1
36.76899,126.27721,70,과속단속,-1
36.77299,126.28173,60,과속단속,-1
36.61193,126.31136,70,과속단속,-1
36.74877,126.30907,40,과속단속,-1
36.74608,126.24751,60,과속단속,-1
36.75641,126.27720,70,과속단속,123
36.85347,126.23526,60,과속단속,-1
36.30071,127.37851,30,보호구역,-1
36.31929,127.39252,30,보호구역,-1
36.32991,127.39655,30,보호구역,-1
37.65125,127.29306,30,보호구역,-1
37.65066,127.29596,30,보호구역,-1
37.68400,127.30676,30,보호구역,-1
37.65570,127.23976,30,보호구역,-1
37.66168,127.24846,30,보호구역,-1
37.66743,127.24766,30,보호구역,-1
37.65834,127.24915,30,보호구역,-1
37.65841,127.25353,30,보호구역,-1
37.65802,127.25107,30,보호구역,-1
37.65494,127.24813,30,보호구역,-1
37.65623,127.24765,30,보호구역,-1
37.65592,127.24259,30,보호구역,-1
37.65649,127.25538,30,보호구역,-1
37.65368,127.24589,30,보호구역,-1
37.51622,126.80379,50,과속단속,-1
37.51943,126.79787,30,보호구역,-1
37.47362,126.80700,30,보호구역,-1
37.49366,126.78815,30,보호구역,-1
37.50005,126.78112,30,보호구역,-1
37.50762,126.76725,30,보호구역,-1
37.50757,126.77470,50,과속단속,-1
37.46948,126.82340,50,과속단속,-1
37.51105,126.79951,50,과속단속,-1
37.47509,126.79544,50,과속단속,-1
37.52416,126.80491,50,과속단속,-1
37.52400,126.80476,50,과속단속,-1
37.48537,126.81465,50,과속단속,-1
37.50533,126.74838,50,과속단속,8
37.52026,126.77534,50,과속단속,-1
37.49181,126.75292,30,보호구역,-1
37.50706,126.75637,50,과속단속,-1
37.51058,126.75230,30,보호구역,-1
37.46227,126.81221,30,보호구역,-1
37.48882,126.77930,50,과속단속,-1
37.48784,126.78333,50,과속단속,-1
37.47535,126.79573,50,과속단속,-1
37.48803,126.75995,50,과속단속,-1
37.47046,126.80928,30,보호구역,-1
37.52002,126.77192,50,과속단속,-1
37.50705,126.77249,30,보호구역,-1
37.53258,126.80316,50,과속단속,66
37.53180,126.76870,50,과속단속,90
37.50611,126.80582,50,보호구역,-1
37.50410,126.77190,50,과속단속,-1
37.53258,126.80313,50,과속단속,66
37.46857,126.81333,50,과속단속,20
37.49177,126.77431,30,보호구역,-1
37.47531,126.79744,30,보호구역,-1
37.52765,126.80689,30,보호구역,-1
37.47485,126.80258,30,보호구역,-1
37.49107,126.79322,50,과속단속,-1
37.46799,126.82249,50,과속단속,-1
37.52459,126.76506,50,과속단속,-1
37.48853,126.75165,30,보호구역,-1
37.49916,126.75182,30,보호구역,-1
37.49038,126.74802,30,보호구역,-1
37.49416,126.75145,30,보호구역,-1
37.49494,126.75357,30,보호구역,-1
37.48417,126.76843,50,과속단속,-1
37.49156,126.75475,50,과속단속,-1
37.50855,126.80828,50,보호구역,-1
37.46427,126.82601,30,보호구역,-1
37.47158,126.80421,30,보호구역,-1
37.47787,126.79292,30,보호구역,-1
37.53035,126.80276,30,보호구역,-1
37.52604,126.81885,30,보호구역,-1
37.49692,126.75759,30,보호구역,-1
37.49417,126.75143,30,보호구역,-1
37.49420,126.75101,30,보호구역,-1
35.91077,127.06885,30,보호구역,-1
35.91176,127.07395,60,과속단속,-1
35.91305,127.07669,60,과속단속,52
35.96231,127.12515,30,보호구역,277
35.93946,127.16784,60,과속단속,292
35.96197,127.12659,60,과속단속,-1
35.97433,127.21031,60,과속단속,-1
35.97505,127.20690,60,과속단속,-1
35.77231,127.20592,30,보호구역,-1
35.93802,127.16476,30,보호구역,-1
35.91071,127.07287,60,과속단속,232
35.83876,127.05815,60,과속단속,-1
35.83745,127.05653,60,과속단속,-1
35.83871,127.05595,60,과속단속,-1
35.96240,127.12038,30,보호구역,269
35.82060,127.02246,30,보호구역,-1
35.94363,127.13055,60,과속단속,-1
35.85688,127.23420,30,보호구역,-1
37.05813,127.29459,30,보호구역,215
37.05882,127.29538,30,보호구역,263
37.09453,127.47459,70,과속단속,229
37.01033,127.21940,70,과속단속,76
37.10332,127.48525,70,과속단속,238
37.13173,127.43604,30,보호구역,-1
37.00394,127.16563,30,보호구역,-1
37.24074,127.51726,30,보호구역,-1
37.11557,127.62813,30,보호구역,-1
37.15185,127.48326,30,보호구역,-1
37.17393,127.48012,30,보호구역,-1
37.00040,127.15608,50,과속단속,-1
37.00063,127.25038,50,과속단속,180
37.00426,127.16980,50,과속단속,-1
37.00922,127.26388,50,과속단속,137
37.00360,127.29903,50,과속단속,-1
37.00948,127.28421,50,과속단속,206
37.22713,127.45041,30,보호구역,-1
37.29356,127.45613,30,보호구역,-1
37.28612,127.48923,30,보호구역,-1
37.11789,127.63076,30,보호구역,-1
37.29155,127.46085,30,보호구역,-1
37.14451,127.52960,30,보호구역,-1
37.17475,127.47922,30,보호구역,-1
37.25823,127.49204,30,보호구역,-1
37.29418,127.43338,30,보호구역,-1
37.27696,127.44365,30,보호구역,-1
37.14454,127.58979,50,보호구역,-1
37.62229,127.15900,30,보호구역,-1
37.62003,127.16443,30,보호구역,-1
37.59982,127.17499,30,보호구역,25
37.64754,127.30428,30,보호구역,-1
37.64711,127.30508,30,보호구역,-1
37.64696,127.29948,30,보호구역,-1
37.64980,127.30406,30,보호구역,-1
37.63617,127.30318,30,보호구역,-1
37.64565,127.29868,30,보호구역,-1
37.65702,127.30159,30,보호구역,-1
37.65577,127.29839,30,보호구역,-1
37.65364,127.30242,30,보호구역,-1
37.65537,127.29970,30,보호구역,-1
37.47627,126.81647,30,과속단속,-1
37.49078,126.81107,30,과속단속,-1
37.49045,126.81045,30,과속단속,-1
